#
# A fatal error has been detected by the Java Runtime Environment:
#
#  EXCEPTION_ACCESS_VIOLATION (0xc0000005) at pc=0x00007fff3558a47c, pid=22004, tid=18000
#
# JRE version: Java(TM) SE Runtime Environment (24.0+36) (build 24+36-3646)
# Java VM: Java HotSpot(TM) 64-Bit Server VM (24+36-3646, mixed mode, sharing, tiered, compressed oops, compressed class ptrs, g1 gc, windows-amd64)
# Problematic frame:
# V  [jvm.dll+0x42a47c]
#
# No core dump will be written. Minidumps are not enabled by default on client versions of Windows
#
# If you would like to submit a bug report, please visit:
#   https://bugreport.java.com/bugreport/crash.jsp
#

---------------  S U M M A R Y ------------

Command Line: -javaagent:D:\IntelliJ IDEA Community Edition 2024.3.5\lib\idea_rt.jar=52289 -Dfile.encoding=UTF-8 -Dsun.stdout.encoding=UTF-8 -Dsun.stderr.encoding=UTF-8 -XX:+UnlockDiagnosticVMOptions -XX:+UnlockExperimentalVMOptions -DcompilerBlackholesEnabled=true -XX:CompileCommandFile=C:\Users\olga\AppData\Local\Temp\jmh1836538370963746167compilecommand org.openjdk.jmh.runner.ForkedMain 127.0.0.1 52292

Host: 13th Gen Intel(R) Core(TM) i7-13650HX, 20 cores, 31G,  Windows 11 , 64 bit Build 26100 (10.0.26100.7019)
Time: Sat Nov 15 18:18:15 2025 RTZ 2 (s 11 , 64 bit Build 26100 (10.0.26100.7019) elapsed time: 151.532911 seconds (0d 0h 2m 31s)

---------------  T H R E A D  ---------------

Current thread (0x000001f1c13ca050):  JavaThread "<no-name - thread is attaching>"        [_thread_in_vm, id=18000, stack(0x000000032d100000,0x000000032d200000) (1024K)]

Stack: [0x000000032d100000,0x000000032d200000],  sp=0x000000032d1ff250,  free space=1020k
Native frames: (J=compiled Java code, j=interpreted, Vv=VM code, C=native code)
V  [jvm.dll+0x42a47c]  (no source info available)
V  [jvm.dll+0x4c941b]  (no source info available)
C  0x000001f1e5019df9  (no source info available)

The last pc belongs to native nmethod (printed below).
Java frames: (J=compiled Java code, j=interpreted, Vv=VM code)
J 3528  java.lang.Object.wait0(J)V java.base@24 (0 bytes) @ 0x000001f1e5019e6e [0x000001f1e5019d80+0x00000000000000ee]
J 3617 c1 java.lang.Object.wait(J)V java.base@24 (59 bytes) @ 0x000001f1dd911064 [0x000001f1dd910d80+0x00000000000002e4]
J 3479 c1 org.graalvm.visualvm.lib.jfluid.global.TransactionalSupport.beginTrans(ZZ)Z (198 bytes) @ 0x000001f1dd8be8bc [0x000001f1dd8be540+0x000000000000037c]
J 3353 c1 org.graalvm.visualvm.lib.jfluid.global.TransactionalSupport.beginTrans(Z)V (8 bytes) @ 0x000001f1dd89243c [0x000001f1dd8923a0+0x000000000000009c]
j  org.graalvm.visualvm.lib.jfluid.server.ProfilerInterface.firstTimeVMObjectAlloc(Ljava/lang/String;I)I+13
J 3646 c2 org.graalvm.visualvm.lib.jfluid.server.ProfilerRuntimeMemory.getClassId(Ljava/lang/Class;)I (139 bytes) @ 0x000001f1e50905fc [0x000001f1e508fba0+0x0000000000000a5c]
J 3668 c2 org.graalvm.visualvm.lib.jfluid.server.ProfilerRuntimeObjLiveness.traceObjAlloc(Ljava/lang/Object;C)V (255 bytes) @ 0x000001f1e5091e78 [0x000001f1e5091bc0+0x00000000000002b8]
J 3758 c2 java.lang.Object.<init>()V java.base@24 (9 bytes) @ 0x000001f1e50ac458 [0x000001f1e50ac420+0x0000000000000038]
j  java.lang.Thread.<init>(Ljava/lang/ThreadGroup;Ljava/lang/String;ILjava/lang/Runnable;J)V+1 java.base@24
j  java.lang.Thread.<init>(Ljava/lang/ThreadGroup;Ljava/lang/String;)V+9 java.base@24
v  ~StubRoutines::call_stub 0x000001f1e4780fcd

siginfo: EXCEPTION_ACCESS_VIOLATION (0xc0000005), writing address 0x0000000000000018


Registers:
RAX=0x0000000000000000, RBX=0x0000000000000191, RCX=0x0000000000000018, RDX=0x0000000000000044
RSP=0x000000032d1ff250, RBP=0x000000032d1ff330, RSI=0x000001f1c13ca050, RDI=0x0000000000000191
R8 =0x0000000000000000, R9 =0x0000000000000000, R10=0x000001f1e5019e6e, R11=0x0000000622000048
R12=0x0000000000000000, R13=0x0000000000000000, R14=0x000000032d1ff201, R15=0x0000000000000000
RIP=0x00007fff3558a47c, EFLAGS=0x0000000000010246

XMM[0]=0x0000000000000000 0x0000000000000000
XMM[1]=0x0000000000000000 0x0000000000000000
XMM[2]=0x0000000000000000 0x000000003dffffb7
XMM[3]=0x0000000000000000 0x0000000000000000
XMM[4]=0x0000000000000000 0x000000003dffffb7
XMM[5]=0x000001f1c1710a80 0x000001f1c1710330
XMM[6]=0x0000000000000000 0x0000000000000000
XMM[7]=0x0000000000000000 0x0000000000000000
XMM[8]=0x0000000000000000 0x0000000000000000
XMM[9]=0x0000000000000000 0x0000000000000000
XMM[10]=0x0000000000000000 0x0000000000000000
XMM[11]=0x0000000000000000 0x0000000000000000
XMM[12]=0x0000000000000000 0x0000000000000000
XMM[13]=0x0000000000000000 0x0000000000000000
XMM[14]=0x0000000000000000 0x0000000000000000
XMM[15]=0x0000000000000000 0x0000000000000000
  MXCSR=0x00001fa0


Register to memory mapping:

RAX=0x0 is null
RBX=0x0000000000000191 is an unknown value
RCX=0x0000000000000018 is an unknown value
RDX=0x0000000000000044 is an unknown value
RSP=0x000000032d1ff250 is pointing into the stack for thread: 0x000001f1c13ca050
RBP=0x000000032d1ff330 is pointing into the stack for thread: 0x000001f1c13ca050
RSI=0x000001f1c13ca050 is a thread
RDI=0x0000000000000191 is an unknown value
R8 =0x0 is null
R9 =0x0 is null
R10=0x000001f1e5019e6e is at entry_point+238 in (nmethod*)0x000001f1e5019c88
Compiled method (n/a) 151695 3528     n 0       java.lang.Object::wait0 (native)
 total in heap  [0x000001f1e5019c88,0x000001f1e5019ee0] = 600
 relocation     [0x000001f1e5019d60,0x000001f1e5019d70] = 16
 main code      [0x000001f1e5019d80,0x000001f1e5019eda] = 346
 stub code      [0x000001f1e5019eda,0x000001f1e5019ee0] = 6
R11=0x0000000622000048 is pointing into object: java.lang.Thread 
{0x0000000622000000} - klass: 'java/lang/Thread' - flags: 

 - ---- fields (total size 14 words):
 - 'threadLocalRandomProbe' 'I' @12  0 (0x00000000)
 - private volatile 'eetop' 'J' @16  2137840722000 (0x000001f1c13ca050)
 - private final 'tid' 'J' @24  0 (0x0000000000000000)
 - 'threadLocalRandomSeed' 'J' @32  0 (0x0000000000000000)
 - injected 'jvmti_thread_state' 'J' @40  0 (0x0000000000000000)
 - 'threadLocalRandomSecondarySeed' 'I' @48  0 (0x00000000)
 - injected 'jvmti_VTMS_transition_disable_count' 'I' @52  0 (0x00000000)
 - injected 'jfr_epoch' 'S' @56  0 (0x0000)
 - volatile 'interrupted' 'Z' @58  false (0x00)
 - injected 'jvmti_is_in_VTMS_transition' 'Z' @59  false (0x00)
 - private volatile 'name' 'Ljava/lang/String;' @60  null (0x00000000)
 - private volatile 'contextClassLoader' 'Ljava/lang/ClassLoader;' @64  null (0x00000000)
 - private final 'holder' 'Ljava/lang/Thread$FieldHolder;' @68  null (0x00000000)
 - 'threadLocals' 'Ljava/lang/ThreadLocal$ThreadLocalMap;' @72  a 'java/lang/ThreadLocal$ThreadLocalMap'{0x0000000622000138} (0xc4400027)
 - 'inheritableThreadLocals' 'Ljava/lang/ThreadLocal$ThreadLocalMap;' @76  null (0x00000000)
 - private 'scopedValueBindings' 'Ljava/lang/Object;' @80  null (0x00000000)
 - final 'interruptLock' 'Ljava/lang/Object;' @84  null (0x00000000)
 - private volatile 'parkBlocker' 'Ljava/lang/Object;' @88  null (0x00000000)
 - private 'nioBlocker' 'Lsun/nio/ch/Interruptible;' @92  null (0x00000000)
 - private 'cont' 'Ljdk/internal/vm/Continuation;' @96  null (0x00000000)
 - private volatile 'uncaughtExceptionHandler' 'Ljava/lang/Thread$UncaughtExceptionHandler;' @100  null (0x00000000)
 - private 'container' 'Ljdk/internal/vm/ThreadContainer;' @104  null (0x00000000)
 - private volatile 'headStackableScopes' 'Ljdk/internal/vm/StackableScope;' @108  null (0x00000000)
R12=0x0 is null
R13=0x0 is null
R14=0x000000032d1ff201 is pointing into the stack for thread: 0x000001f1c13ca050
R15=0x0 is null

Top of Stack: (sp=0x000000032d1ff250)
0x000000032d1ff250:   000001f1d2520000 0000000000000000   ..R.............
0x000000032d1ff260:   0000000000000001 0000000000000000   ................
0x000000032d1ff270:   000001f1d4a94878 00007fff3562941b   xH........b5....
0x000000032d1ff280:   0000000000000000 fffffffffffffff7   ................
0x000000032d1ff290:   000001f1c28b7a94 0000000000000004   .z..............
0x000000032d1ff2a0:   000001f1c13ca050 000000032d1ff2f0   P.<........-....
0x000000032d1ff2b0:   000001f1dd8dc0dc 0000000000000000   ................
0x000000032d1ff2c0:   000001f1c29e4fc0 000001f1e5019df9   .O..............
0x000000032d1ff2d0:   000000032d1ff4d8 0000000000000180   ...-............
0x000000032d1ff2e0:   000000032d1ff330 000000061b821f18   0..-............
0x000000032d1ff2f0:   000000061b821f18 000001f1dd8dc0dc   ................
0x000000032d1ff300:   000000032d1ff380 000001f1e4788800   ...-......x.....
0x000000032d1ff310:   000001f1c13ca050 000001f1c29e6b70   P.<.....pk......
0x000000032d1ff320:   000000032d1ff480 0000000000000000   ...-............
0x000000032d1ff330:   000000032d1ff4d8 000001f1dd911064   ...-....d.......
0x000000032d1ff340:   0000000000000000 0000000000000001   ................
0x000000032d1ff350:   000000032d1ff418 000000061b821f18   ...-............
0x000000032d1ff360:   000000032d1ff390 000001f180462148   ...-....H!F.....
0x000000032d1ff370:   0000000000000668 000000061b821b40   h.......@.......
0x000000032d1ff380:   fffffffffffffff5 000001f1c80ecbe2   ................
0x000000032d1ff390:   000000032d1ff4d8 000001f1dd8be8bc   ...-............
0x000000032d1ff3a0:   000000032d1ff418 000000061b821f18   ...-............
0x000000032d1ff3b0:   000001f180bbd3b7 0000000000000002   ................
0x000000032d1ff3c0:   000001f18040a860 0000000000000000   `.@.............
0x000000032d1ff3d0:   00000007ffcaae60 000001f18040a808   `.........@.....
0x000000032d1ff3e0:   0000000000000000 000000061b821b40   ........@.......
0x000000032d1ff3f0:   0000000100000000 000000061b821f18   ................
0x000000032d1ff400:   0000000600000000 00007fffe57f48b2   .........H......
0x000000032d1ff410:   000001f180c1db04 00007fffe57c9ec1   ..........|.....
0x000000032d1ff420:   000000061b821f18 000000032d1ff430   ........0..-....
0x000000032d1ff430:   000000032d1ff4d8 000001f1dd89243c   ...-....<$......
0x000000032d1ff440:   0000000000000000 00007fffe57c984c   ........L.|.....

Instructions: (pc=0x00007fff3558a47c)
  0x00007fff3558a37c:   cc cc cc cc 4c 8b c2 48 63 15 ae e4 86 00 48 ff
  0x00007fff3558a38c:   25 1f 45 80 00 cc cc cc cc cc cc cc cc cc cc cc
  0x00007fff3558a39c:   cc cc cc cc 4c 8b c2 48 63 15 4a e5 86 00 48 ff
  0x00007fff3558a3ac:   25 ff 44 80 00 cc cc cc cc cc cc cc cc cc cc cc
  0x00007fff3558a3bc:   cc cc cc cc 4c 8b c2 48 63 15 62 e5 86 00 48 ff
  0x00007fff3558a3cc:   25 df 44 80 00 cc cc cc cc cc cc cc cc cc cc cc
  0x00007fff3558a3dc:   cc cc cc cc 4c 8b c2 48 63 15 66 e5 86 00 48 ff
  0x00007fff3558a3ec:   25 bf 44 80 00 cc cc cc cc cc cc cc cc cc cc cc
  0x00007fff3558a3fc:   cc cc cc cc 4c 8b c2 48 63 15 fe e4 86 00 48 ff
  0x00007fff3558a40c:   25 9f 44 80 00 cc cc cc cc cc cc cc cc cc cc cc
  0x00007fff3558a41c:   cc cc cc cc 48 63 05 fd e4 86 00 89 14 08 c3 cc
  0x00007fff3558a42c:   cc cc cc cc 48 63 05 0d e5 86 00 89 14 08 c3 cc
  0x00007fff3558a43c:   cc cc cc cc 48 63 05 b9 e4 86 00 89 14 08 c3 cc
  0x00007fff3558a44c:   cc cc cc cc 44 8b c2 8b 15 5f e4 86 00 e9 42 03
  0x00007fff3558a45c:   2f 00 cc cc 40 53 48 83 ec 20 8b da 48 63 15 cd
  0x00007fff3558a46c:   e3 86 00 ff 15 73 36 80 00 48 63 0d 18 e4 86 00
=>0x00007fff3558a47c:   89 1c 01 48 83 c4 20 5b c3 cc cc cc cc cc cc cc
  0x00007fff3558a48c:   cc cc cc cc 48 63 05 31 e4 86 00 48 89 14 08 c3
  0x00007fff3558a49c:   cc cc cc cc 48 63 05 a5 e4 86 00 c6 04 08 01 c3
  0x00007fff3558a4ac:   cc cc cc cc 4c 8b c2 48 63 15 b2 e5 86 00 48 ff
  0x00007fff3558a4bc:   25 ef 43 80 00 cc cc cc cc cc cc cc cc cc cc cc
  0x00007fff3558a4cc:   cc cc cc cc 4c 8b c2 48 63 15 1a e5 86 00 48 ff
  0x00007fff3558a4dc:   25 cf 43 80 00 cc cc cc cc cc cc cc cc cc cc cc
  0x00007fff3558a4ec:   cc cc cc cc 4c 8b c2 48 63 15 46 e4 86 00 48 ff
  0x00007fff3558a4fc:   25 af 43 80 00 cc cc cc cc cc cc cc cc cc cc cc
  0x00007fff3558a50c:   cc cc cc cc 48 83 ec 48 48 8b 0d 65 f1 8b 00 48
  0x00007fff3558a51c:   8d 05 66 88 62 00 48 89 44 24 20 48 8d 54 24 20
  0x00007fff3558a52c:   8b 05 2e af 89 00 89 44 24 2c 0f b6 05 5a d2 86
  0x00007fff3558a53c:   00 88 44 24 31 8b 05 1d b5 85 00 89 44 24 34 c7
  0x00007fff3558a54c:   44 24 28 08 00 00 00 c6 44 24 30 00 e8 d3 3b fd
  0x00007fff3558a55c:   ff 48 83 c4 48 c3 cc cc cc cc cc cc cc cc cc cc
  0x00007fff3558a56c:   cc cc cc cc 4c 8b c2 8b 15 87 e4 86 00 e9 d2 f8


Stack slot to memory mapping:

stack at sp + 0 slots: 0x000001f1d2520000 points into unknown readable memory: 0x0000000000000000 | 00 00 00 00 00 00 00 00
stack at sp + 1 slots: 0x0 is null
stack at sp + 2 slots: 0x0000000000000001 is an unknown value
stack at sp + 3 slots: 0x0 is null
stack at sp + 4 slots: 0x000001f1d4a94878 points into unknown readable memory: 0x000000061b821f18 | 18 1f 82 1b 06 00 00 00
stack at sp + 5 slots: 0x00007fff3562941b jvm.dll
stack at sp + 6 slots: 0x0 is null
stack at sp + 7 slots: 0xfffffffffffffff7 is an unknown value

Lock stack of current Java thread (top to bottom):


Compiled method (n/a) 151757 3528     n 0       java.lang.Object::wait0 (native)
 total in heap  [0x000001f1e5019c88,0x000001f1e5019ee0] = 600
 relocation     [0x000001f1e5019d60,0x000001f1e5019d70] = 16
 main code      [0x000001f1e5019d80,0x000001f1e5019eda] = 346
 stub code      [0x000001f1e5019eda,0x000001f1e5019ee0] = 6

[Constant Pool (empty)]

[MachCode]
[Entry Point]
  # {method} {0x000001f1c29e2318} 'wait0' '(J)V' in 'java/lang/Object'
  # this:     rdx:rdx   = 'java/lang/Object'
  # parm0:    r8:r8     = long
  #           [sp+0x70]  (sp of caller)
  0x000001f1e5019d80: 6690 448b | 5208 443b 

  0x000001f1e5019d88: ;   {runtime_call Shared Runtime ic_miss_blob}
  0x000001f1e5019d88: 5008 0f85 | d049 7bff 
[Verified Entry Point]
  0x000001f1e5019d90: 8984 2400 | 80ff ff55 | 488b ec48 | 83ec 6090 | 4181 7f20 | 0100 0000 

  0x000001f1e5019da8: ;   {runtime_call StubRoutines (final stubs)}
  0x000001f1e5019da8: 7405 e851 | bb79 ff48 | 8954 2420 | 4883 fa00 | 488d 5424 | 2048 0f44 | 5424 204c | 8d15 a400 
  0x000001f1e5019dc8: 0000 4d89 | 97b0 0300 | 00c5 f877 | 4989 a7a8 | 0300 0049 | 8d8f c803 | 0000 41c7 | 8754 0400 
  0x000001f1e5019de8: 0004 0000 

  0x000001f1e5019dec: ;   {runtime_call}
  0x000001f1e5019dec: 0048 b8d0 | 9262 35ff | 7f00 00ff | d0c5 f877 | 41c7 8754 | 0400 0005 | 0000 00f0 | 8344 24c0 
  0x000001f1e5019e0c: 0049 3b6f | 280f 870e | 0000 0041 | 83bf 5004 | 0000 000f | 8423 0000 | 00c5 f877 | 498b cf4c 
  0x000001f1e5019e2c: 8be4 4883 | ec20 4883 

  0x000001f1e5019e34: ;   {runtime_call}
  0x000001f1e5019e34: e4f0 48b8 | c0ba 5835 | ff7f 0000 | ffd0 498b | e44d 33e4 | 41c7 8754 | 0400 0008 | 0000 004d 
  0x000001f1e5019e54: 8b97 7005 | 0000 4983 | fa00 740e | 49c7 8770 | 0500 0000 | 0000 0041 | ffe2 4183 | bfd0 0400 
  0x000001f1e5019e74: 0002 0f84 | 3c00 0000 | 49c7 87a8 | 0300 0000 | 0000 0049 | c787 b003 | 0000 0000 | 0000 c5f8 
  0x000001f1e5019e94: 7749 8b8f | 3804 0000 | c781 0001 | 0000 0000 | 0000 c949 | 837f 0800 | 0f85 0100 

  0x000001f1e5019eb0: ;   {runtime_call StubRoutines (initial stubs)}
  0x000001f1e5019eb0: 0000 c3e9 | 0870 76ff | c5f8 774c | 8be4 4883 | ec20 4883 

  0x000001f1e5019ec4: ;   {runtime_call}
  0x000001f1e5019ec4: e4f0 48b8 | 6058 9035 | ff7f 0000 | ffd0 498b | e44d 33e4 | eba2 f4f4 | f4f4 f4f4 
[/MachCode]


Compiled method (c1) 151767 3617   !   3       java.lang.Object::wait (59 bytes)
 total in heap  [0x000001f1dd910c08,0x000001f1dd911308] = 1792
 relocation     [0x000001f1dd910ce0,0x000001f1dd910d68] = 136
 main code      [0x000001f1dd910d80,0x000001f1dd911298] = 1304
 stub code      [0x000001f1dd911298,0x000001f1dd9112f8] = 96
 metadata       [0x000001f1dd9112f8,0x000001f1dd911308] = 16
 immutable data [0x000001f1c71e2ef0,0x000001f1c71e3038] = 328
 dependencies   [0x000001f1c71e2ef0,0x000001f1c71e2ef8] = 8
 nul chk table  [0x000001f1c71e2ef8,0x000001f1c71e2f08] = 16
 handler table  [0x000001f1c71e2f08,0x000001f1c71e2f20] = 24
 scopes pcs     [0x000001f1c71e2f20,0x000001f1c71e2fd0] = 176
 scopes data    [0x000001f1c71e2fd0,0x000001f1c71e3038] = 104

[Constant Pool (empty)]

[MachCode]
[Instructions begin]
  0x000001f1dd910d80: 6666 660f | 1f84 0000 | 0000 0066 | 6666 9066 | 6690 448b | 5208 443b 

  0x000001f1dd910d98: ;   {runtime_call Shared Runtime ic_miss_blob}
  0x000001f1dd910d98: 5008 0f85 | c0d9 eb06 
[Verified Entry Point]
  0x000001f1dd910da0: 8984 2400 | 80ff ff55 | 4883 ec50 | 4181 7f20 | 0100 0000 

  0x000001f1dd910db4: ;   {runtime_call StubRoutines (final stubs)}
  0x000001f1dd910db4: 7405 e845 

  0x000001f1dd910db8: ;   {metadata(method data for {method} {0x000001f1c29e2280} 'wait' '(J)V' in 'java/lang/Object')}
  0x000001f1dd910db8: 4bea 0648 | bec0 4f9e | c2f1 0100 | 008b becc | 0000 0083 | c702 89be | cc00 0000 | 81e7 fe07 
  0x000001f1dd910dd8: 0000 85ff | 0f84 0404 | 0000 498b | f0bf 0000 | 0000 483b 

  0x000001f1dd910dec: ;   {metadata(method data for {method} {0x000001f1c29e2280} 'wait' '(J)V' in 'java/lang/Object')}
  0x000001f1dd910dec: f748 bec0 | 4f9e c2f1 | 0100 00bf | 2001 0000 | 7c05 bf10 | 0100 0048 | 8b1c 3e48 | 8d5b 0148 
  0x000001f1dd910e0c: 891c 3e0f | 8c67 0200 

  0x000001f1dd910e14: ;   {metadata(method data for {method} {0x000001f1c29e2280} 'wait' '(J)V' in 'java/lang/Object')}
  0x000001f1dd910e14: 0048 bec0 | 4f9e c2f1 | 0100 0048 | 8386 4001 | 0000 0149 | 8bb7 9003 | 0000 488b | 3648 85f6 
  0x000001f1dd910e34: ;   {metadata(method data for {method} {0x000001f1c29e2280} 'wait' '(J)V' in 'java/lang/Object')}
  0x000001f1dd910e34: 48b8 c04f | 9ec2 f101 | 0000 750c | 8088 4901 | 0000 01e9 | ae00 0000 | 8b4e 0849 | ba00 0000 
  0x000001f1dd910e54: 80f1 0100 | 0049 03ca | 483b 8858 | 0100 0075 | 0d48 8380 | 6001 0000 | 01e9 6000 | 0000 483b 
  0x000001f1dd910e74: 8868 0100 | 0075 0d48 | 8380 7001 | 0000 01e9 | 4a00 0000 | 4883 b858 | 0100 0000 | 7517 4889 
  0x000001f1dd910e94: 8858 0100 | 0048 c780 | 6001 0000 | 0100 0000 | e929 0000 | 0048 83b8 | 6801 0000 | 0075 1748 
  0x000001f1dd910eb4: 8988 6801 | 0000 48c7 | 8070 0100 | 0001 0000 | 00e9 0800 | 0000 4883 | 8050 0100 

  0x000001f1dd910ed0: ;   {metadata('java/lang/VirtualThread')}
  0x000001f1dd910ed0: 0001 48b9 | f07e 1880 | f101 0000 | 8b5e 0849 | ba00 0000 | 80f1 0100 | 0049 03da | 483b cb0f 
  0x000001f1dd910ef0: 8505 0000 | 00e9 0500 | 0000 4833 | ffeb 05bf | 0100 0000 

  0x000001f1dd910f04: ;   {metadata(method data for {method} {0x000001f1c29e2280} 'wait' '(J)V' in 'java/lang/Object')}
  0x000001f1dd910f04: 85ff 48bf | c04f 9ec2 | f101 0000 | bb80 0100 | 0074 05bb | 9001 0000 | 488b 041f | 488d 4001 
  0x000001f1dd910f24: 4889 041f | 0f84 1701 | 0000 4885 

  0x000001f1dd910f30: ;   {metadata(method data for {method} {0x000001f1c29e2280} 'wait' '(J)V' in 'java/lang/Object')}
  0x000001f1dd910f30: f648 bbc0 | 4f9e c2f1 | 0100 0075 | 0c80 8b99 | 0100 0001 | e9ae 0000 | 008b 4608 | 49ba 0000 
  0x000001f1dd910f50: 0080 f101 | 0000 4903 | c248 3b83 | a801 0000 | 750d 4883 | 83b0 0100 | 0001 e960 | 0000 0048 
  0x000001f1dd910f70: 3b83 b801 | 0000 750d | 4883 83c0 | 0100 0001 | e94a 0000 | 0048 83bb | a801 0000 | 0075 1748 
  0x000001f1dd910f90: 8983 a801 | 0000 48c7 | 83b0 0100 | 0001 0000 | 00e9 2900 | 0000 4883 | bbb8 0100 | 0000 7517 
  0x000001f1dd910fb0: 4889 83b8 | 0100 0048 | c783 c001 | 0000 0100 | 0000 e908 | 0000 0048 | 8383 a001 

  0x000001f1dd910fcc: ;   {metadata('java/lang/VirtualThread')}
  0x000001f1dd910fcc: 0000 0148 | b8f0 7e18 | 80f1 0100 | 008b 7e08 | 49ba 0000 | 0080 f101 | 0000 4903 | fa48 3bc7 
  0x000001f1dd910fec: 0f85 1502 | 0000 e900 | 0000 0048 | 8974 2428 

  0x000001f1dd910ffc: ;   {metadata(method data for {method} {0x000001f1c29e2280} 'wait' '(J)V' in 'java/lang/Object')}
  0x000001f1dd910ffc: 488b fa48 | bbc0 4f9e | c2f1 0100 | 0048 8383 | d001 0000 | 0166 0f1f 

  0x000001f1dd911014: ;   {optimized virtual_call}
  0x000001f1dd911014: 4400 00e8 

  0x000001f1dd911018: ; ImmutableOopMap {[40]=Oop }
                      ;*invokevirtual wait0 {reexecute=0 rethrow=0 return_oop=0}
                      ; - java.lang.Object::wait@37 (line 382)
  0x000001f1dd911018: 44da eb06 

  0x000001f1dd91101c: ;   {post_call_nop}
  0x000001f1dd91101c: 0f1f 8400 | 1404 0000 

  0x000001f1dd911024: ;   {metadata(method data for {method} {0x000001f1c29e2280} 'wait' '(J)V' in 'java/lang/Object')}
  0x000001f1dd911024: 49b8 c04f | 9ec2 f101 | 0000 41ff | 8000 0200 | 0048 83c4 

  0x000001f1dd911038: ;   {poll_return}
  0x000001f1dd911038: 505d 493b | 6728 0f87 | cc01 0000 | c348 8bf2 

  0x000001f1dd911048: ;   {metadata(method data for {method} {0x000001f1c29e2280} 'wait' '(J)V' in 'java/lang/Object')}
  0x000001f1dd911048: 48bf c04f | 9ec2 f101 | 0000 4883 | 8748 0200 | 0001 0f1f 

  0x000001f1dd91105c: ;   {optimized virtual_call}
  0x000001f1dd91105c: 4400 00e8 

  0x000001f1dd911060: ; ImmutableOopMap {}
                      ;*invokevirtual wait0 {reexecute=0 rethrow=0 return_oop=0}
                      ; - java.lang.Object::wait@55 (line 389)
  0x000001f1dd911060: 2c8d 7007 

  0x000001f1dd911064: ;   {post_call_nop}
  0x000001f1dd911064: 0f1f 8400 | 5c04 0001 | 4883 c450 

  0x000001f1dd911070: ;   {poll_return}
  0x000001f1dd911070: 5d49 3b67 | 280f 87ab | 0100 00c3 | 0f1f 4000 

  0x000001f1dd911080: ;   {no_reloc}
  0x000001f1dd911080: e9c6 0100 | 0000 0000 | 0000 498b | 87c8 0100 | 0048 8d78 | 2849 3bbf | d801 0000 | 0f87 b301 
  0x000001f1dd9110a0: 0000 4989 | bfc8 0100 | 0048 c700 | 0100 0000 | 488b ca49 | ba00 0000 | 80f1 0100 | 0049 2bca 
  0x000001f1dd9110c0: 8948 0848 | 33c9 8948 | 0c48 33c9 | 4889 4810 | 4889 4818 | 4889 4820 

  0x000001f1dd9110d8: ;   {metadata(method data for {method} {0x000001f1c29e2280} 'wait' '(J)V' in 'java/lang/Object')}
  0x000001f1dd9110d8: 4c8b c048 | bac0 4f9e | c2f1 0100 | 0048 8382 | 3001 0000 

  0x000001f1dd9110ec: ;   {oop("timeout value is negative"{0x00000007ffc178e0})}
  0x000001f1dd9110ec: 0149 b8e0 | 78c1 ff07 | 0000 0048 | 8bd0 4889 

  0x000001f1dd9110fc: ;   {optimized virtual_call}
  0x000001f1dd9110fc: 4424 30e8 

  0x000001f1dd911100: ; ImmutableOopMap {[48]=Oop }
                      ;*invokespecial <init> {reexecute=0 rethrow=0 return_oop=0}
                      ; - java.lang.Object::wait@12 (line 377)
  0x000001f1dd911100: 5cd9 eb06 

  0x000001f1dd911104: ;   {post_call_nop}
  0x000001f1dd911104: 0f1f 8400 | fc04 0002 | 488b 4424 | 30e9 7801 | 0000 498b | 8708 0500 | 004d 33d2 | 4d89 9708 
  0x000001f1dd911124: 0500 004d | 33d2 4d89 | 9710 0500 | 0048 3b06 

  0x000001f1dd911134: ;   {metadata(method data for {method} {0x000001f1c29e2280} 'wait' '(J)V' in 'java/lang/Object')}
  0x000001f1dd911134: 488b d648 | bfc0 4f9e | c2f1 0100 | 008b 5208 | 49ba 0000 | 0080 f101 | 0000 4903 | d248 3b97 
  0x000001f1dd911154: 2002 0000 | 750d 4883 | 8728 0200 | 0001 e960 | 0000 0048 | 3b97 3002 | 0000 750d | 4883 8738 
  0x000001f1dd911174: 0200 0001 | e94a 0000 | 0048 83bf | 2002 0000 | 0075 1748 | 8997 2002 | 0000 48c7 | 8728 0200 
  0x000001f1dd911194: 0001 0000 | 00e9 2900 | 0000 4883 | bf30 0200 | 0000 7517 | 4889 9730 | 0200 0048 | c787 3802 
  0x000001f1dd9111b4: 0000 0100 | 0000 e908 | 0000 0048 | 8387 1802 | 0000 0148 | 8bd6 4889 

  0x000001f1dd9111cc: ;   {optimized virtual_call}
  0x000001f1dd9111cc: 4424 38e8 

  0x000001f1dd9111d0: ; ImmutableOopMap {[56]=Oop }
                      ;*invokevirtual getAndClearInterrupt {reexecute=0 rethrow=0 return_oop=0}
                      ; - java.lang.Object::wait@46 (line 385)
  0x000001f1dd9111d0: 8cd8 eb06 

  0x000001f1dd9111d4: ;   {post_call_nop}
  0x000001f1dd9111d4: 0f1f 8400 | cc05 0003 | 488b 4424 | 38e9 a800 

  0x000001f1dd9111e4: ;   {metadata({method} {0x000001f1c29e2280} 'wait' '(J)V' in 'java/lang/Object')}
  0x000001f1dd9111e4: 0000 49ba | 7822 9ec2 | f101 0000 | 4c89 5424 | 0848 c704 | 24ff ffff 

  0x000001f1dd9111fc: ;   {runtime_call C1 Runtime counter_overflow_blob}
  0x000001f1dd9111fc: ffe8 5e28 

  0x000001f1dd911200: ; ImmutableOopMap {rdx=Oop }
                      ;*synchronization entry
                      ; - java.lang.Object::wait@-1 (line 376)
  0x000001f1dd911200: f806 e9db | fbff ff48 

  0x000001f1dd911208: ;   {runtime_call C1 Runtime throw_class_cast_exception_blob}
  0x000001f1dd911208: 8934 24e8 

  0x000001f1dd91120c: ; ImmutableOopMap {rdx=Oop }
                      ;*checkcast {reexecute=0 rethrow=0 return_oop=0}
                      ; - java.lang.Object::wait@31 (line 380)
  0x000001f1dd91120c: 50fb f706 

  0x000001f1dd911210: ;   {internal_word}
  0x000001f1dd911210: 49ba 3a10 | 91dd f101 | 0000 4d89 | 9760 0400 

  0x000001f1dd911220: ;   {runtime_call SafepointBlob}
  0x000001f1dd911220: 00e9 ba4a 

  0x000001f1dd911224: ;   {internal_word}
  0x000001f1dd911224: ec06 49ba | 7110 91dd | f101 0000 | 4d89 9760 

  0x000001f1dd911234: ;   {runtime_call SafepointBlob}
  0x000001f1dd911234: 0400 00e9 | a44a ec06 

  0x000001f1dd91123c: ;   {metadata(nullptr)}
  0x000001f1dd91123c: 48ba 0000 | 0000 0000 | 0000 b800 

  0x000001f1dd911248: ;   {runtime_call C1 Runtime load_klass_patching_blob}
  0x000001f1dd911248: 0f05 0ae8 

  0x000001f1dd91124c: ; ImmutableOopMap {}
                      ;*new {reexecute=1 rethrow=0 return_oop=0}
                      ; - (reexecute) java.lang.Object::wait@6 (line 377)
  0x000001f1dd91124c: 9017 f806 | e92b feff | ff48 8bd2 

  0x000001f1dd911258: ;   {runtime_call C1 Runtime fast_new_instance_blob}
  0x000001f1dd911258: e883 d7f7 

  0x000001f1dd91125c: ; ImmutableOopMap {}
                      ;*new {reexecute=0 rethrow=0 return_oop=0}
                      ; - java.lang.Object::wait@6 (line 377)
  0x000001f1dd91125c: 06e9 76fe 

  0x000001f1dd911260: ;   {runtime_call C1 Runtime throw_null_pointer_exception_blob}
  0x000001f1dd911260: ffff e8f9 

  0x000001f1dd911264: ; ImmutableOopMap {rsi=Oop rax=Oop }
                      ;*invokevirtual getAndClearInterrupt {reexecute=0 rethrow=0 return_oop=0}
                      ; - java.lang.Object::wait@46 (line 385)
  0x000001f1dd911264: caf7 0648 | 8b74 2428 | e9a5 feff | ff49 8b87 | 0805 0000 | 49c7 8708 | 0500 0000 | 0000 0049 
  0x000001f1dd911284: c787 1005 | 0000 0000 | 0000 4883 

  0x000001f1dd911290: ;   {runtime_call C1 Runtime unwind_exception_blob}
  0x000001f1dd911290: c450 5de9 | c8bb f706 
[Stub Code]
  0x000001f1dd911298: ;   {no_reloc}
  0x000001f1dd911298: 48bb 0000 | 0000 0000 

  0x000001f1dd9112a0: ;   {runtime_call nmethod}
  0x000001f1dd9112a0: 0000 e9fb 

  0x000001f1dd9112a4: ;   {static_stub}
  0x000001f1dd9112a4: ffff ff48 | bb00 0000 | 0000 0000 

  0x000001f1dd9112b0: ;   {runtime_call nmethod}
  0x000001f1dd9112b0: 00e9 fbff 

  0x000001f1dd9112b4: ;   {static_stub}
  0x000001f1dd9112b4: ffff 48bb | 0000 0000 | 0000 0000 

  0x000001f1dd9112c0: ;   {runtime_call nmethod}
  0x000001f1dd9112c0: e9fb ffff 

  0x000001f1dd9112c4: ;   {runtime_call C1 Runtime handle_exception_from_callee_blob}
  0x000001f1dd9112c4: ffe8 96f4 

  0x000001f1dd9112c8: ;   {external_word}
  0x000001f1dd9112c8: f706 48b9 | f8eb b635 | ff7f 0000 | 4883 e4f0 

  0x000001f1dd9112d8: ;   {runtime_call}
  0x000001f1dd9112d8: 48b8 b0a9 | 7d35 ff7f | 0000 ffd0 

  0x000001f1dd9112e4: ;   {section_word}
  0x000001f1dd9112e4: f449 bae5 | 1291 ddf1 | 0100 0041 

  0x000001f1dd9112f0: ;   {runtime_call DeoptimizationBlob}
  0x000001f1dd9112f0: 52e9 8a3f | ec06 f4f4 
[/MachCode]


Compiled method (c1) 151804 3479   !   3       org.graalvm.visualvm.lib.jfluid.global.TransactionalSupport::beginTrans (198 bytes)
 total in heap  [0x000001f1dd8be388,0x000001f1dd8befc8] = 3136
 relocation     [0x000001f1dd8be460,0x000001f1dd8be540] = 224
 main code      [0x000001f1dd8be540,0x000001f1dd8bef00] = 2496
 stub code      [0x000001f1dd8bef00,0x000001f1dd8bef98] = 152
 metadata       [0x000001f1dd8bef98,0x000001f1dd8befc8] = 48
 immutable data [0x000001f1c171cd00,0x000001f1c171d110] = 1040
 dependencies   [0x000001f1c171cd00,0x000001f1c171cd10] = 16
 nul chk table  [0x000001f1c171cd10,0x000001f1c171cd38] = 40
 handler table  [0x000001f1c171cd38,0x000001f1c171ce40] = 264
 scopes pcs     [0x000001f1c171ce40,0x000001f1c171cfa0] = 352
 scopes data    [0x000001f1c171cfa0,0x000001f1c171d110] = 368

[Constant Pool (empty)]

[MachCode]
[Instructions begin]
  0x000001f1dd8be540: 6666 660f | 1f84 0000 | 0000 0066 | 6666 9066 | 6690 448b | 5208 443b 

  0x000001f1dd8be558: ;   {runtime_call Shared Runtime ic_miss_blob}
  0x000001f1dd8be558: 5008 0f85 | 0002 f106 
[Verified Entry Point]
  0x000001f1dd8be560: 8984 2400 | 80ff ff55 | 4881 ec90 | 0000 0090 | 4181 7f20 | 0100 0000 

  0x000001f1dd8be578: ;   {runtime_call StubRoutines (final stubs)}
  0x000001f1dd8be578: 7405 e881 | 73ef 0648 | 8954 2448 | 4489 4424 | 5444 894c 

  0x000001f1dd8be58c: ;   {metadata(method data for {method} {0x000001f1c28b73b0} 'beginTrans' '(ZZ)Z' in 'org/graalvm/visualvm/lib/jfluid/global/TransactionalSupport')}
  0x000001f1dd8be58c: 2450 48b8 | a05a 9dc2 | f101 0000 | 8bb0 cc00 | 0000 83c6 | 0289 b0cc | 0000 0081 | e6fe 0700 
  0x000001f1dd8be5ac: 0085 f60f | 84eb 0700 

  0x000001f1dd8be5b4: ;   {metadata(method data for {method} {0x000001f1c28b73b0} 'beginTrans' '(ZZ)Z' in 'org/graalvm/visualvm/lib/jfluid/global/TransactionalSupport')}
  0x000001f1dd8be5b4: 0048 b8a0 | 5a9d c2f1 | 0100 00ff | 8010 0100 | 008b 7214 | 48c1 e603 | 4889 7424 | 5848 8d7c 
  0x000001f1dd8be5d4: 2478 4889 | 7708 488b | 0641 8b9f | 5806 0000 | 81fb a806 | 0000 0f8d | d607 0000 | 493b 741f 
  0x000001f1dd8be5f4: f80f 8425 | 0000 00a8 | 020f 85c3 | 0700 0048 | 8bd8 4883 | e3fe 4883 | c801 f048 | 0fb1 1e0f 
  0x000001f1dd8be614: 85ad 0700 | 0041 8b9f | 5806 0000 | 4989 341f | 83c3 0841 | 899f 5806 | 0000 6690 

  0x000001f1dd8be630: ;   {metadata(method data for {method} {0x000001f1c28b73b0} 'beginTrans' '(ZZ)Z' in 'org/graalvm/visualvm/lib/jfluid/global/TransactionalSupport')}
  0x000001f1dd8be630: 4585 c048 | bfa0 5a9d | c2f1 0100 | 00bb 0003 | 0000 7405 | bb10 0300 | 0048 8b04 | 1f48 8d40 
  0x000001f1dd8be650: 0148 8904 | 1f0f 843e | 0000 0048 

  0x000001f1dd8be65c: ;   {metadata(method data for {method} {0x000001f1c28b73b0} 'beginTrans' '(ZZ)Z' in 'org/graalvm/visualvm/lib/jfluid/global/TransactionalSupport')}
  0x000001f1dd8be65c: 8bfa 48bb | a05a 9dc2 | f101 0000 | 4883 8320 | 0300 0001 | 488b fa48 

  0x000001f1dd8be674: ;   {optimized virtual_call}
  0x000001f1dd8be674: 8bd7 90e8 

  0x000001f1dd8be678: ; ImmutableOopMap {[72]=Oop [88]=Oop [128]=Oop }
                      ;*invokespecial lockExclusively {reexecute=0 rethrow=0 return_oop=0}
                      ; - org.graalvm.visualvm.lib.jfluid.global.TransactionalSupport::beginTrans@69 (line 72)
  0x000001f1dd8be678: a4d9 0100 

  0x000001f1dd8be67c: ;   {post_call_nop}
  0x000001f1dd8be67c: 0f1f 8400 | f402 0000 

  0x000001f1dd8be684: ;   {metadata(method data for {method} {0x000001f1c28b73b0} 'beginTrans' '(ZZ)Z' in 'org/graalvm/visualvm/lib/jfluid/global/TransactionalSupport')}
  0x000001f1dd8be684: 48ba a05a | 9dc2 f101 | 0000 ff82 | 3003 0000 | e92b 0000 | 0048 8b54 

  0x000001f1dd8be69c: ;   {metadata(method data for {method} {0x000001f1c28b73b0} 'beginTrans' '(ZZ)Z' in 'org/graalvm/visualvm/lib/jfluid/global/TransactionalSupport')}
  0x000001f1dd8be69c: 2448 48be | a05a 9dc2 | f101 0000 | 4883 8648 | 0300 0001 | 488b 5424 

  0x000001f1dd8be6b4: ;   {optimized virtual_call}
  0x000001f1dd8be6b4: 4866 90e8 

  0x000001f1dd8be6b8: ; ImmutableOopMap {[72]=Oop [88]=Oop [128]=Oop }
                      ;*invokespecial lockShared {reexecute=0 rethrow=0 return_oop=0}
                      ; - org.graalvm.visualvm.lib.jfluid.global.TransactionalSupport::beginTrans@78 (line 74)
  0x000001f1dd8be6b8: 7708 0000 

  0x000001f1dd8be6bc: ;   {post_call_nop}
  0x000001f1dd8be6bc: 0f1f 8400 | 3403 0001 

  0x000001f1dd8be6c4: ;   {metadata(method data for {method} {0x000001f1c28b73b0} 'beginTrans' '(ZZ)Z' in 'org/graalvm/visualvm/lib/jfluid/global/TransactionalSupport')}
  0x000001f1dd8be6c4: 85c0 49b8 | a05a 9dc2 | f101 0000 | ba68 0300 | 0074 05ba | 5803 0000 | 498b 3410 | 488d 7601 
  0x000001f1dd8be6e4: 4989 3410 | 0f84 0800 | 0000 488b | f0e9 0d05 | 0000 448b | 4c24 5045 

  0x000001f1dd8be6fc: ;   {metadata(method data for {method} {0x000001f1c28b73b0} 'beginTrans' '(ZZ)Z' in 'org/graalvm/visualvm/lib/jfluid/global/TransactionalSupport')}
  0x000001f1dd8be6fc: 85c9 49b8 | a05a 9dc2 | f101 0000 | ba88 0300 | 0074 05ba | 7803 0000 | 498b 3410 | 488d 7601 
  0x000001f1dd8be71c: 4989 3410 | 0f84 0800 | 0000 488b | f0e9 d504 

  0x000001f1dd8be72c: ;   {metadata(method data for {method} {0x000001f1c28b73b0} 'beginTrans' '(ZZ)Z' in 'org/graalvm/visualvm/lib/jfluid/global/TransactionalSupport')}
  0x000001f1dd8be72c: 0000 49b8 | a05a 9dc2 | f101 0000 | 41ff 8098 | 0300 0089 | 4424 600f | 1f44 0000 | 488b 5424 
  0x000001f1dd8be74c: 488b 7214 | 48c1 e603 

  0x000001f1dd8be754: ; implicit exception: dispatches to 0x000001f1dd8bedd9
  0x000001f1dd8be754: 483b 064c 

  0x000001f1dd8be758: ;   {metadata(method data for {method} {0x000001f1c28b73b0} 'beginTrans' '(ZZ)Z' in 'org/graalvm/visualvm/lib/jfluid/global/TransactionalSupport')}
  0x000001f1dd8be758: 8bc6 48bf | a05a 9dc2 | f101 0000 | 458b 4008 | 49ba 0000 | 0080 f101 | 0000 4d03 | c24c 3b87 
  0x000001f1dd8be778: 0005 0000 | 750d 4883 | 8708 0500 | 0001 e960 | 0000 004c | 3b87 1005 | 0000 750d | 4883 8718 
  0x000001f1dd8be798: 0500 0001 | e94a 0000 | 0048 83bf | 0005 0000 | 0075 174c | 8987 0005 | 0000 48c7 | 8708 0500 
  0x000001f1dd8be7b8: 0001 0000 | 00e9 2900 | 0000 4883 | bf10 0500 | 0000 7517 | 4c89 8710 | 0500 0048 | c787 1805 
  0x000001f1dd8be7d8: 0000 0100 | 0000 e908 | 0000 0048 | 8387 f804 

  0x000001f1dd8be7e8: ;   {metadata(method data for {method} {0x000001f1c29e2160} 'wait' '()V' in 'java/lang/Object')}
  0x000001f1dd8be7e8: 0000 0149 | b868 189e | c2f1 0100 | 0041 8bb8 | cc00 0000 | 83c7 0241 | 89b8 cc00 | 0000 81e7 
  0x000001f1dd8be808: feff 1f00 | 85ff 0f84 | ca05 0000 

  0x000001f1dd8be814: ;   {metadata(method data for {method} {0x000001f1c29e2160} 'wait' '()V' in 'java/lang/Object')}
  0x000001f1dd8be814: 4c8b c648 | bf68 189e | c2f1 0100 | 0045 8b40 | 0849 ba00 | 0000 80f1 | 0100 004d | 03c2 4c3b 
  0x000001f1dd8be834: 8718 0100 | 0075 0d48 | 8387 2001 | 0000 01e9 | 6000 0000 | 4c3b 8728 | 0100 0075 | 0d48 8387 
  0x000001f1dd8be854: 3001 0000 | 01e9 4a00 | 0000 4883 | bf18 0100 | 0000 7517 | 4c89 8718 | 0100 0048 | c787 2001 
  0x000001f1dd8be874: 0000 0100 | 0000 e929 | 0000 0048 | 83bf 2801 | 0000 0075 | 174c 8987 | 2801 0000 | 48c7 8730 
  0x000001f1dd8be894: 0100 0001 | 0000 00e9 | 0800 0000 | 4883 8710 | 0100 0001 | 41b8 0000 | 0000 488b | d666 0f1f 
  0x000001f1dd8be8b4: ;   {optimized virtual_call}
  0x000001f1dd8be8b4: 4400 00e8 

  0x000001f1dd8be8b8: ; ImmutableOopMap {[72]=Oop [88]=Oop [128]=Oop }
                      ;*invokevirtual wait {reexecute=0 rethrow=0 return_oop=0}
                      ; - java.lang.Object::wait@2 (line 351)
                      ; - org.graalvm.visualvm.lib.jfluid.global.TransactionalSupport::beginTrans@143 (line 89)
  0x000001f1dd8be8b8: e424 0500 

  0x000001f1dd8be8bc: ;   {post_call_nop}
  0x000001f1dd8be8bc: 0f1f 8400 | 3405 0002 

  0x000001f1dd8be8c4: ;   {metadata(method data for {method} {0x000001f1c28b73b0} 'beginTrans' '(ZZ)Z' in 'org/graalvm/visualvm/lib/jfluid/global/TransactionalSupport')}
  0x000001f1dd8be8c4: 48b8 a05a | 9dc2 f101 | 0000 ff80 | 2805 0000 | be00 0000 | 00e9 b302 | 0000 488b | 5424 4849 
  0x000001f1dd8be8e4: 8b87 0805 | 0000 4d33 | d24d 8997 | 0805 0000 | 4d33 d24d | 8997 1005 | 0000 8b5a | 1848 c1e3 
  0x000001f1dd8be904: ;   {metadata('java/lang/Object')}
  0x000001f1dd8be904: 0348 ba40 | 7016 80f1 | 0100 0049 | 8b87 c801 | 0000 488d | 7810 493b | bfd8 0100 | 000f 87d8 
  0x000001f1dd8be924: 0400 0049 | 89bf c801 | 0000 48c7 | 0001 0000 | 0048 8bca | 49ba 0000 | 0080 f101 | 0000 492b 
  0x000001f1dd8be944: ca89 4808 | 4833 c989 | 480c 4833 | c948 8bd0 

  0x000001f1dd8be954: ;   {metadata(method data for {method} {0x000001f1c28b73b0} 'beginTrans' '(ZZ)Z' in 'org/graalvm/visualvm/lib/jfluid/global/TransactionalSupport')}
  0x000001f1dd8be954: 49b8 a05a | 9dc2 f101 | 0000 4983 | 8040 0500 

  0x000001f1dd8be964: ;   {metadata(method data for {method} {0x000001f1c29e1bd0} '<init>' '()V' in 'java/lang/Object')}
  0x000001f1dd8be964: 0001 48ba | 9052 9ec2 | f101 0000 | 448b 82cc | 0000 0041 | 83c0 0244 | 8982 cc00 | 0000 4181 
  0x000001f1dd8be984: e0fe ff1f | 0045 85c0 | 0f84 7a04 

  0x000001f1dd8be990: ;   {metadata(method data for {method} {0x000001f1c29e1bd0} '<init>' '()V' in 'java/lang/Object')}
  0x000001f1dd8be990: 0000 48ba | 9052 9ec2 | f101 0000 | 4883 8210 | 0100 0001 | 488b d041 | b800 0000 | 0048 8944 
  0x000001f1dd8be9b0: 2470 4889 

  0x000001f1dd8be9b4: ;   {static_call}
  0x000001f1dd8be9b4: 5c24 68e8 

  0x000001f1dd8be9b8: ; ImmutableOopMap {[72]=Oop [88]=Oop [104]=Oop [112]=Oop [128]=Oop }
                      ;*invokestatic traceObjAlloc {reexecute=0 rethrow=0 return_oop=0}
                      ; - java.lang.Object::<init>@4 (line 44)
                      ; - org.graalvm.visualvm.lib.jfluid.global.TransactionalSupport::beginTrans@159 (line 91)
  0x000001f1dd8be9b8: a406 f106 

  0x000001f1dd8be9bc: ;   {post_call_nop}
  0x000001f1dd8be9bc: 0f1f 8400 | 3406 0003 | 488b 5c24 | 6848 3b03 

  0x000001f1dd8be9cc: ;   {metadata(method data for {method} {0x000001f1c28b73b0} 'beginTrans' '(ZZ)Z' in 'org/graalvm/visualvm/lib/jfluid/global/TransactionalSupport')}
  0x000001f1dd8be9cc: 4c8b c348 | baa0 5a9d | c2f1 0100 | 0045 8b40 | 0849 ba00 | 0000 80f1 | 0100 004d | 03c2 4c3b 
  0x000001f1dd8be9ec: 8258 0500 | 0075 0d48 | 8382 6005 | 0000 01e9 | 6000 0000 | 4c3b 8268 | 0500 0075 | 0d48 8382 
  0x000001f1dd8bea0c: 7005 0000 | 01e9 4a00 | 0000 4883 | ba58 0500 | 0000 7517 | 4c89 8258 | 0500 0048 | c782 6005 
  0x000001f1dd8bea2c: 0000 0100 | 0000 e929 | 0000 0048 | 83ba 6805 | 0000 0075 | 174c 8982 | 6805 0000 | 48c7 8270 
  0x000001f1dd8bea4c: 0500 0001 | 0000 00e9 | 0800 0000 | 4883 8250 | 0500 0001 | 4c8b 4424 | 7048 8bd3 | 0f1f 4400 
  0x000001f1dd8bea6c: 0048 b8d0 | 4a5e c1f1 

  0x000001f1dd8bea74: ;   {virtual_call}
  0x000001f1dd8bea74: 0100 00e8 

  0x000001f1dd8bea78: ; ImmutableOopMap {[72]=Oop [88]=Oop [128]=Oop }
                      ;*invokevirtual set {reexecute=0 rethrow=0 return_oop=0}
                      ; - org.graalvm.visualvm.lib.jfluid.global.TransactionalSupport::beginTrans@162 (line 91)
  0x000001f1dd8bea78: e402 f106 

  0x000001f1dd8bea7c: ;   {post_call_nop}
  0x000001f1dd8bea7c: 0f1f 8400 | f406 0004 

  0x000001f1dd8bea84: ;   {metadata(method data for {method} {0x000001f1c28b73b0} 'beginTrans' '(ZZ)Z' in 'org/graalvm/visualvm/lib/jfluid/global/TransactionalSupport')}
  0x000001f1dd8bea84: 48ba a05a | 9dc2 f101 | 0000 4883 | 8280 0500 

  0x000001f1dd8bea94: ;   {metadata(method data for {method} {0x000001f180473b60} 'interrupted' '()Z' in 'java/lang/Thread')}
  0x000001f1dd8bea94: 0001 48ba | d047 86c2 | f101 0000 | 8bb2 cc00 | 0000 83c6 | 0289 b2cc | 0000 0081 | e6fe ff1f 
  0x000001f1dd8beab4: 0085 f60f | 8475 0300 

  0x000001f1dd8beabc: ;   {metadata(method data for {method} {0x000001f180473b60} 'interrupted' '()Z' in 'java/lang/Thread')}
  0x000001f1dd8beabc: 0048 bad0 | 4786 c2f1 | 0100 0048 | 8382 1001 | 0000 0149 | 8b97 9003 | 0000 488b | 1248 3b02 
  0x000001f1dd8beadc: ;   {metadata(method data for {method} {0x000001f180473b60} 'interrupted' '()Z' in 'java/lang/Thread')}
  0x000001f1dd8beadc: 488b f248 | bfd0 4786 | c2f1 0100 | 008b 7608 | 49ba 0000 | 0080 f101 | 0000 4903 | f248 3bb7 
  0x000001f1dd8beafc: 2801 0000 | 750d 4883 | 8730 0100 | 0001 e960 | 0000 0048 | 3bb7 3801 | 0000 750d | 4883 8740 
  0x000001f1dd8beb1c: 0100 0001 | e94a 0000 | 0048 83bf | 2801 0000 | 0075 1748 | 89b7 2801 | 0000 48c7 | 8730 0100 
  0x000001f1dd8beb3c: 0001 0000 | 00e9 2900 | 0000 4883 | bf38 0100 | 0000 7517 | 4889 b738 | 0100 0048 | c787 4001 
  0x000001f1dd8beb5c: 0000 0100 | 0000 e908 | 0000 0048 | 8387 2001 | 0000 0166 | 0f1f 4400 | 0048 b8f8 | 4a5e c1f1 
  0x000001f1dd8beb7c: ;   {virtual_call}
  0x000001f1dd8beb7c: 0100 00e8 

  0x000001f1dd8beb80: ; ImmutableOopMap {[72]=Oop [88]=Oop [128]=Oop }
                      ;*invokevirtual getAndClearInterrupt {reexecute=0 rethrow=0 return_oop=0}
                      ; - java.lang.Thread::interrupted@3 (line 1598)
                      ; - org.graalvm.visualvm.lib.jfluid.global.TransactionalSupport::beginTrans@168 (line 93)
  0x000001f1dd8beb80: dc01 f106 

  0x000001f1dd8beb84: ;   {post_call_nop}
  0x000001f1dd8beb84: 0f1f 8400 | fc07 0005 | be01 0000 | 0085 f6b8 | 0200 0000 | 7505 b800 

  0x000001f1dd8beb9c: ;   {metadata(method data for {method} {0x000001f1c28b73b0} 'beginTrans' '(ZZ)Z' in 'org/graalvm/visualvm/lib/jfluid/global/TransactionalSupport')}
  0x000001f1dd8beb9c: 0000 0048 | bfa0 5a9d | c2f1 0100 | 008b 9fd0 | 0000 0003 | d889 9fd0 | 0000 0085 | c075 05bb 
  0x000001f1dd8bebbc: 0200 0000 | 81e3 fe3f | 0000 85db | 0f84 8a02 | 0000 4d8b 

  0x000001f1dd8bebd0: ; ImmutableOopMap {[72]=Oop [88]=Oop [128]=Oop }
                      ;*ifne {reexecute=1 rethrow=0 return_oop=0}
                      ; - (reexecute) org.graalvm.visualvm.lib.jfluid.global.TransactionalSupport::beginTrans@174 (line 95)
                      ;   {poll}
  0x000001f1dd8bebd0: 5730 4185 

  0x000001f1dd8bebd4: ;   {metadata(method data for {method} {0x000001f1c28b73b0} 'beginTrans' '(ZZ)Z' in 'org/graalvm/visualvm/lib/jfluid/global/TransactionalSupport')}
  0x000001f1dd8bebd4: 0285 f648 | b8a0 5a9d | c2f1 0100 | 00be 9005 | 0000 7505 | bea0 0500 | 0048 8b3c | 3048 8d7f 
  0x000001f1dd8bebf4: 0148 893c | 300f 8549 | fbff ff8b | 7424 6085 

  0x000001f1dd8bec04: ;   {metadata(method data for {method} {0x000001f1c28b73b0} 'beginTrans' '(ZZ)Z' in 'org/graalvm/visualvm/lib/jfluid/global/TransactionalSupport')}
  0x000001f1dd8bec04: f648 b8a0 | 5a9d c2f1 | 0100 00bf | b005 0000 | 7505 bfc0 | 0500 0048 | 8b1c 3848 | 8d5b 0148 
  0x000001f1dd8bec24: 891c 380f | 8584 0000 | 0044 8b4c | 2450 4585 | c9b8 0200 | 0000 7405 | b800 0000 

  0x000001f1dd8bec40: ;   {metadata(method data for {method} {0x000001f1c28b73b0} 'beginTrans' '(ZZ)Z' in 'org/graalvm/visualvm/lib/jfluid/global/TransactionalSupport')}
  0x000001f1dd8bec40: 0048 bfa0 | 5a9d c2f1 | 0100 008b | 9fd0 0000 | 0003 d889 | 9fd0 0000 | 0085 c075 | 05bb 0200 
  0x000001f1dd8bec60: 0000 81e3 | fe3f 0000 | 85db 0f84 | 0902 0000 

  0x000001f1dd8bec70: ; ImmutableOopMap {[72]=Oop [88]=Oop [128]=Oop }
                      ;*ifeq {reexecute=1 rethrow=0 return_oop=0}
                      ; - (reexecute) org.graalvm.visualvm.lib.jfluid.global.TransactionalSupport::beginTrans@183 (line 97)
  0x000001f1dd8bec70: 4d8b 5730 

  0x000001f1dd8bec74: ;   {poll}
  0x000001f1dd8bec74: 4185 0245 

  0x000001f1dd8bec78: ;   {metadata(method data for {method} {0x000001f1c28b73b0} 'beginTrans' '(ZZ)Z' in 'org/graalvm/visualvm/lib/jfluid/global/TransactionalSupport')}
  0x000001f1dd8bec78: 85c9 48b8 | a05a 9dc2 | f101 0000 | bfe0 0500 | 0075 05bf | d005 0000 | 488b 1c38 | 488d 5b01 
  0x000001f1dd8bec98: 4889 1c38 | 0f85 0f00 | 0000 448b | 4424 5448 | 8b54 2448 | e97f f9ff | ff48 8d44 | 2478 488b 
  0x000001f1dd8becb8: 5808 418b | bf58 0600 | 0049 3b5c | 3ff8 0f85 | ce01 0000 | 4183 af58 | 0600 0008 | 493b 5c3f 
  0x000001f1dd8becd8: f00f 842a | 0000 0048 | 8b03 a802 | 0f85 1200 | 0000 488b | f848 83cf | 01f0 480f | b13b 0f84 
  0x000001f1dd8becf8: 0d00 0000 | 4183 8758 | 0600 0008 | e991 0100 | 0048 8bc6 | 83e0 0148 | 81c4 9000 

  0x000001f1dd8bed14: ;   {poll_return}
  0x000001f1dd8bed14: 0000 5d49 | 3b67 280f | 878c 0100 | 00c3 498b | 8708 0500 | 004d 33d2 | 4d89 9708 | 0500 004d 
  0x000001f1dd8bed34: 33d2 4d89 | 9710 0500 | 0048 8bf0 | 488d 4424 | 7848 8b58 | 0841 8bbf | 5806 0000 | 493b 5c3f 
  0x000001f1dd8bed54: f80f 8568 | 0100 0041 | 83af 5806 | 0000 0849 | 3b5c 3ff0 | 0f84 2a00 | 0000 488b | 03a8 020f 
  0x000001f1dd8bed74: 8512 0000 | 0048 8bf8 | 4883 cf01 | f048 0fb1 | 3b0f 840d | 0000 0041 | 8387 5806 | 0000 08e9 
  0x000001f1dd8bed94: 2b01 0000 | 488b c6e9 | 5301 0000 

  0x000001f1dd8beda0: ;   {metadata({method} {0x000001f1c28b73b0} 'beginTrans' '(ZZ)Z' in 'org/graalvm/visualvm/lib/jfluid/global/TransactionalSupport')}
  0x000001f1dd8beda0: 49ba a873 | 8bc2 f101 | 0000 4c89 | 5424 0848 | c704 24ff 

  0x000001f1dd8bedb4: ;   {runtime_call C1 Runtime counter_overflow_blob}
  0x000001f1dd8bedb4: ffff ffe8 

  0x000001f1dd8bedb8: ; ImmutableOopMap {rdx=Oop [72]=Oop }
                      ;*synchronization entry
                      ; - org.graalvm.visualvm.lib.jfluid.global.TransactionalSupport::beginTrans@-1 (line 62)
  0x000001f1dd8bedb8: a44c fd06 | e9f4 f7ff 

  0x000001f1dd8bedc0: ;   {runtime_call C1 Runtime throw_null_pointer_exception_blob}
  0x000001f1dd8bedc0: ffe8 9aef 

  0x000001f1dd8bedc4: ; ImmutableOopMap {rdx=Oop rsi=Oop [72]=Oop [88]=Oop }
                      ;*monitorenter {reexecute=0 rethrow=0 return_oop=0}
                      ; - org.graalvm.visualvm.lib.jfluid.global.TransactionalSupport::beginTrans@60 (line 67)
  0x000001f1dd8bedc4: fc06 4889 | 7424 0848 

  0x000001f1dd8bedcc: ;   {runtime_call C1 Runtime monitorenter_nofpu_blob}
  0x000001f1dd8bedcc: 893c 24e8 

  0x000001f1dd8bedd0: ; ImmutableOopMap {rdx=Oop rsi=Oop [72]=Oop [88]=Oop [128]=Oop }
                      ;*monitorenter {reexecute=0 rethrow=0 return_oop=0}
                      ; - org.graalvm.visualvm.lib.jfluid.global.TransactionalSupport::beginTrans@60 (line 67)
  0x000001f1dd8bedd0: 8c2b fd06 | e955 f8ff 

  0x000001f1dd8bedd8: ;   {runtime_call C1 Runtime throw_null_pointer_exception_blob}
  0x000001f1dd8bedd8: ffe8 82ef 

  0x000001f1dd8beddc: ; ImmutableOopMap {rdx=Oop rsi=Oop [72]=Oop [88]=Oop [128]=Oop }
                      ;*invokevirtual wait {reexecute=0 rethrow=0 return_oop=0}
                      ; - org.graalvm.visualvm.lib.jfluid.global.TransactionalSupport::beginTrans@143 (line 89)
                      ;   {metadata({method} {0x000001f1c29e2160} 'wait' '()V' in 'java/lang/Object')}
  0x000001f1dd8beddc: fc06 49ba | 5821 9ec2 | f101 0000 | 4c89 5424 | 0848 c704 | 24ff ffff 

  0x000001f1dd8bedf4: ;   {runtime_call C1 Runtime counter_overflow_blob}
  0x000001f1dd8bedf4: ffe8 664c 

  0x000001f1dd8bedf8: ; ImmutableOopMap {rdx=Oop rsi=Oop [72]=Oop [88]=Oop [128]=Oop }
                      ;*synchronization entry
                      ; - java.lang.Object::wait@-1 (line 351)
                      ; - org.graalvm.visualvm.lib.jfluid.global.TransactionalSupport::beginTrans@143 (line 89)
  0x000001f1dd8bedf8: fd06 e915 | faff ff48 

  0x000001f1dd8bee00: ;   {runtime_call C1 Runtime fast_new_instance_blob}
  0x000001f1dd8bee00: 8bd2 e8d9 

  0x000001f1dd8bee04: ; ImmutableOopMap {rbx=Oop [72]=Oop [88]=Oop [128]=Oop }
                      ;*new {reexecute=0 rethrow=0 return_oop=0}
                      ; - org.graalvm.visualvm.lib.jfluid.global.TransactionalSupport::beginTrans@155 (line 91)
  0x000001f1dd8bee04: fbfc 06e9 | 45fb ffff 

  0x000001f1dd8bee0c: ;   {metadata({method} {0x000001f1c29e1bd0} '<init>' '()V' in 'java/lang/Object')}
  0x000001f1dd8bee0c: 49ba c81b | 9ec2 f101 | 0000 4c89 | 5424 0848 | c704 24ff 

  0x000001f1dd8bee20: ;   {runtime_call C1 Runtime counter_overflow_blob}
  0x000001f1dd8bee20: ffff ffe8 

  0x000001f1dd8bee24: ; ImmutableOopMap {rbx=Oop rax=Oop [72]=Oop [88]=Oop [128]=Oop }
                      ;*synchronization entry
                      ; - java.lang.Object::<init>@-1 (line 44)
                      ; - org.graalvm.visualvm.lib.jfluid.global.TransactionalSupport::beginTrans@159 (line 91)
  0x000001f1dd8bee24: 384c fd06 | e965 fbff 

  0x000001f1dd8bee2c: ;   {runtime_call C1 Runtime throw_null_pointer_exception_blob}
  0x000001f1dd8bee2c: ffe8 2eef 

  0x000001f1dd8bee30: ; ImmutableOopMap {rbx=Oop [72]=Oop [88]=Oop [112]=Oop [128]=Oop }
                      ;*invokevirtual set {reexecute=0 rethrow=0 return_oop=0}
                      ; - org.graalvm.visualvm.lib.jfluid.global.TransactionalSupport::beginTrans@162 (line 91)
                      ;   {metadata({method} {0x000001f180473b60} 'interrupted' '()Z' in 'java/lang/Thread')}
  0x000001f1dd8bee30: fc06 49ba | 583b 4780 | f101 0000 | 4c89 5424 | 0848 c704 | 24ff ffff 

  0x000001f1dd8bee48: ;   {runtime_call C1 Runtime counter_overflow_blob}
  0x000001f1dd8bee48: ffe8 124c 

  0x000001f1dd8bee4c: ; ImmutableOopMap {[72]=Oop [88]=Oop [128]=Oop }
                      ;*synchronization entry
                      ; - java.lang.Thread::interrupted@-1 (line 1598)
                      ; - org.graalvm.visualvm.lib.jfluid.global.TransactionalSupport::beginTrans@168 (line 93)
  0x000001f1dd8bee4c: fd06 e96a 

  0x000001f1dd8bee50: ;   {runtime_call C1 Runtime throw_null_pointer_exception_blob}
  0x000001f1dd8bee50: fcff ffe8 

  0x000001f1dd8bee54: ; ImmutableOopMap {rdx=Oop [72]=Oop [88]=Oop [128]=Oop }
                      ;*invokevirtual getAndClearInterrupt {reexecute=0 rethrow=0 return_oop=0}
                      ; - java.lang.Thread::interrupted@3 (line 1598)
                      ; - org.graalvm.visualvm.lib.jfluid.global.TransactionalSupport::beginTrans@168 (line 93)
  0x000001f1dd8bee54: 08ef fc06 

  0x000001f1dd8bee58: ;   {metadata({method} {0x000001f1c28b73b0} 'beginTrans' '(ZZ)Z' in 'org/graalvm/visualvm/lib/jfluid/global/TransactionalSupport')}
  0x000001f1dd8bee58: 49ba a873 | 8bc2 f101 | 0000 4c89 | 5424 0848 | c704 24ae 

  0x000001f1dd8bee6c: ;   {runtime_call C1 Runtime counter_overflow_blob}
  0x000001f1dd8bee6c: 0000 00e8 

  0x000001f1dd8bee70: ; ImmutableOopMap {[72]=Oop [88]=Oop [128]=Oop }
                      ;*ifne {reexecute=1 rethrow=0 return_oop=0}
                      ; - (reexecute) org.graalvm.visualvm.lib.jfluid.global.TransactionalSupport::beginTrans@174 (line 95)
  0x000001f1dd8bee70: ec4b fd06 | e955 fdff 

  0x000001f1dd8bee78: ;   {metadata({method} {0x000001f1c28b73b0} 'beginTrans' '(ZZ)Z' in 'org/graalvm/visualvm/lib/jfluid/global/TransactionalSupport')}
  0x000001f1dd8bee78: ff49 baa8 | 738b c2f1 | 0100 004c | 8954 2408 | 48c7 0424 | b700 0000 

  0x000001f1dd8bee90: ;   {runtime_call C1 Runtime counter_overflow_blob}
  0x000001f1dd8bee90: e8cb 4bfd 

  0x000001f1dd8bee94: ; ImmutableOopMap {[72]=Oop [88]=Oop [128]=Oop }
                      ;*ifeq {reexecute=1 rethrow=0 return_oop=0}
                      ; - (reexecute) org.graalvm.visualvm.lib.jfluid.global.TransactionalSupport::beginTrans@183 (line 97)
  0x000001f1dd8bee94: 06e9 d6fd | ffff 488d | 4424 7848 

  0x000001f1dd8beea0: ;   {runtime_call C1 Runtime monitorexit_nofpu_blob}
  0x000001f1dd8beea0: 8904 24e8 | b830 fd06 | e95c feff 

  0x000001f1dd8beeac: ;   {internal_word}
  0x000001f1dd8beeac: ff49 ba17 | ed8b ddf1 | 0100 004d | 8997 6004 

  0x000001f1dd8beebc: ;   {runtime_call SafepointBlob}
  0x000001f1dd8beebc: 0000 e91d | 6ef1 0648 | 8d44 2478 | 4889 0424 

  0x000001f1dd8beecc: ;   {runtime_call C1 Runtime monitorexit_nofpu_blob}
  0x000001f1dd8beecc: e88f 30fd | 06e9 c2fe | ffff 498b | 8708 0500 | 0049 c787 | 0805 0000 | 0000 0000 | 49c7 8710 
  0x000001f1dd8beeec: 0500 0000 | 0000 0048 | 81c4 9000 

  0x000001f1dd8beef8: ;   {runtime_call C1 Runtime unwind_exception_blob}
  0x000001f1dd8beef8: 0000 5de9 | 60df fc06 
[Stub Code]
  0x000001f1dd8bef00: ;   {no_reloc}
  0x000001f1dd8bef00: 0f1f 4400 

  0x000001f1dd8bef04: ;   {static_stub}
  0x000001f1dd8bef04: 0048 bb00 | 0000 0000 

  0x000001f1dd8bef0c: ;   {runtime_call nmethod}
  0x000001f1dd8bef0c: 0000 00e9 | fbff ffff 

  0x000001f1dd8bef14: ;   {static_stub}
  0x000001f1dd8bef14: 9048 bb00 | 0000 0000 

  0x000001f1dd8bef1c: ;   {runtime_call nmethod}
  0x000001f1dd8bef1c: 0000 00e9 | fbff ffff 

  0x000001f1dd8bef24: ;   {static_stub}
  0x000001f1dd8bef24: 48bb 0877 | 8bc2 f101 

  0x000001f1dd8bef2c: ;   {runtime_call I2C/C2I adapters}
  0x000001f1dd8bef2c: 0000 e97f 

  0x000001f1dd8bef30: ;   {static_stub}
  0x000001f1dd8bef30: 51f1 0648 | bb50 788b | c2f1 0100 

  0x000001f1dd8bef3c: ;   {runtime_call I2C/C2I adapters}
  0x000001f1dd8bef3c: 00e9 7051 

  0x000001f1dd8bef40: ;   {static_stub}
  0x000001f1dd8bef40: f106 48bb | 0000 0000 | 0000 0000 

  0x000001f1dd8bef4c: ;   {runtime_call nmethod}
  0x000001f1dd8bef4c: e9fb ffff 

  0x000001f1dd8bef50: ;   {static_stub}
  0x000001f1dd8bef50: ff48 bb00 | 0000 0000 

  0x000001f1dd8bef58: ;   {runtime_call nmethod}
  0x000001f1dd8bef58: 0000 00e9 | fbff ffff 
[Exception Handler]
  0x000001f1dd8bef60: ;   {runtime_call C1 Runtime handle_exception_from_callee_blob}
  0x000001f1dd8bef60: e8fb 17fd 

  0x000001f1dd8bef64: ;   {external_word}
  0x000001f1dd8bef64: 0648 b9f8 | ebb6 35ff | 7f00 0048 

  0x000001f1dd8bef70: ;   {runtime_call}
  0x000001f1dd8bef70: 83e4 f048 | b8b0 a97d | 35ff 7f00 | 00ff d0f4 
[Deopt Handler Code]
  0x000001f1dd8bef80: ;   {section_word}
  0x000001f1dd8bef80: 49ba 80ef | 8bdd f101 | 0000 4152 

  0x000001f1dd8bef8c: ;   {runtime_call DeoptimizationBlob}
  0x000001f1dd8bef8c: e9ef 62f1 | 06f4 f4f4 | f4f4 f4f4 
[/MachCode]


---------------  P R O C E S S  ---------------

Threads class SMR info:
_java_thread_list=0x000001f1c7470ef0, length=26, elements={
0x000001f1f7017660, 0x000001f1f7017da0, 0x000001f1f701a4f0, 0x000001f1f701d2d0,
0x000001f1f701c3c0, 0x000001f1f7028fa0, 0x000001f1f7031560, 0x000001f1f70420f0,
0x000001f1c10f37d0, 0x000001f1c1358570, 0x000001f1c1358cb0, 0x000001f1c1b20c80,
0x000001f1c6fa8800, 0x000001f1c7016050, 0x000001f1c71cc400, 0x000001f1c706f0d0,
0x000001f1c17bcab0, 0x000001f1c17be820, 0x000001f1c1712f10, 0x000001f1c17111d0,
0x000001f1c1713660, 0x000001f1c1710330, 0x000001f1c1710a80, 0x000001f1c13cc4e0,
0x000001f1c13caef0, 0x000001f1c13ca050
}

Java Threads: ( => current thread )
  0x000001f1f7017660 JavaThread "Reference Handler"          daemon [_thread_blocked, id=24456, stack(0x000000032d900000,0x000000032da00000) (1024K)]
  0x000001f1f7017da0 JavaThread "Finalizer"                  daemon [_thread_blocked, id=15044, stack(0x000000032da00000,0x000000032db00000) (1024K)]
  0x000001f1f701a4f0 JavaThread "Signal Dispatcher"          daemon [_thread_blocked, id=9924, stack(0x000000032db00000,0x000000032dc00000) (1024K)]
  0x000001f1f701d2d0 JavaThread "Attach Listener"            daemon [_thread_blocked, id=25424, stack(0x000000032dc00000,0x000000032dd00000) (1024K)]
  0x000001f1f701c3c0 JavaThread "Service Thread"             daemon [_thread_blocked, id=22320, stack(0x000000032dd00000,0x000000032de00000) (1024K)]
  0x000001f1f7028fa0 JavaThread "Monitor Deflation Thread"   daemon [_thread_blocked, id=19228, stack(0x000000032de00000,0x000000032df00000) (1024K)]
  0x000001f1f7031560 JavaThread "C2 CompilerThread0"         daemon [_thread_blocked, id=21324, stack(0x000000032df00000,0x000000032e000000) (1024K)]
  0x000001f1f70420f0 JavaThread "C1 CompilerThread0"         daemon [_thread_blocked, id=2164, stack(0x000000032e000000,0x000000032e100000) (1024K)]
  0x000001f1c10f37d0 JavaThread "Common-Cleaner"             daemon [_thread_blocked, id=14576, stack(0x000000032e100000,0x000000032e200000) (1024K)]
  0x000001f1c1358570 JavaThread "Monitor Ctrl-Break"         daemon [_thread_in_native, id=4760, stack(0x000000032e500000,0x000000032e600000) (1024K)]
  0x000001f1c1358cb0 JavaThread "Notification Thread"        daemon [_thread_blocked, id=21292, stack(0x000000032e600000,0x000000032e700000) (1024K)]
  0x000001f1c1b20c80 JavaThread "org.example.SpeedTest.search-jmh-worker-1" daemon [_thread_blocked, id=10732, stack(0x000000032e700000,0x000000032e800000) (1024K)]
  0x000001f1c6fa8800 JavaThread "JFR Recorder Thread"        daemon [_thread_in_native, id=12944, stack(0x000000032e300000,0x000000032e400000) (1024K)]
  0x000001f1c7016050 JavaThread "JFR Periodic Tasks"         daemon [_thread_blocked, id=4436, stack(0x000000032ec00000,0x000000032ed00000) (1024K)]
  0x000001f1c71cc400 JavaThread "RMI TCP Accept-0"           daemon [_thread_in_native, id=16412, stack(0x000000032ee00000,0x000000032ef00000) (1024K)]
  0x000001f1c706f0d0 JavaThread "RMI TCP Connection(idle)"   daemon [_thread_blocked, id=3168, stack(0x000000032ef00000,0x000000032f000000) (1024K)]
  0x000001f1c17bcab0 JavaThread "RMI Scheduler(0)"           daemon [_thread_blocked, id=6236, stack(0x000000032f000000,0x000000032f100000) (1024K)]
  0x000001f1c17be820 JavaThread "JMX server connection timeout 46" daemon [_thread_blocked, id=24528, stack(0x000000032f100000,0x000000032f200000) (1024K)]
  0x000001f1c1712f10 JavaThread "VirtualThread-unblocker"    daemon [_thread_blocked, id=4384, stack(0x000000032e900000,0x000000032ea00000) (1024K)]
  0x000001f1c17111d0 JavaThread "RMI TCP Connection(3)-192.168.0.102" daemon [_thread_in_native, id=4140, stack(0x000000032e400000,0x000000032e500000) (1024K)]
  0x000001f1c1713660 JavaThread "*** Profiler Agent Communication Thread" daemon [_thread_in_native, id=18828, stack(0x000000032e800000,0x000000032e900000) (1024K)]
  0x000001f1c1710330 JavaThread "*** JFluid Monitor thread ***" daemon [_thread_blocked, id=520, stack(0x000000032fb00000,0x000000032fc00000) (1024K)]
  0x000001f1c1710a80 JavaThread "*** Profiler Agent Special Execution Thread 6" daemon [_thread_blocked, id=15688, stack(0x000000032fc00000,0x000000032fd00000) (1024K)]
  0x000001f1c13cc4e0 JavaThread "*** Profiler Agent Special Execution Thread 3" daemon [_thread_blocked, id=10820, stack(0x000000032e200000,0x000000032e300000) (1024K)]
  0x000001f1c13caef0 JavaThread "JMH-Shutdown-Timeout"       daemon [_thread_blocked, id=23668, stack(0x000000032ce00000,0x000000032cf00000) (1024K)]
=>0x000001f1c13ca050 JavaThread "<no-name - thread is attaching>"        [_thread_in_vm, id=18000, stack(0x000000032d100000,0x000000032d200000) (1024K)]
Total: 26

Other Threads:
  0x000001f1f7007e90 VMThread "VM Thread"                           [id=24844, stack(0x000000032d800000,0x000000032d900000) (1024K)]
  0x000001f1c10819e0 WatcherThread "VM Periodic Task Thread"        [id=14504, stack(0x000000032d700000,0x000000032d800000) (1024K)]
  0x000001f1d4afb8b0 WorkerThread "GC Thread#0"                     [id=25144, stack(0x000000032d200000,0x000000032d300000) (1024K)]
  0x000001f1c19a4830 WorkerThread "GC Thread#1"                     [id=18124, stack(0x000000032ea00000,0x000000032eb00000) (1024K)]
  0x000001f1c19a4be0 WorkerThread "GC Thread#2"                     [id=21904, stack(0x000000032eb00000,0x000000032ec00000) (1024K)]
  0x000001f1c1522aa0 WorkerThread "GC Thread#3"                     [id=11052, stack(0x000000032ed00000,0x000000032ee00000) (1024K)]
  0x000001f1c116c680 WorkerThread "GC Thread#4"                     [id=3748, stack(0x000000032f200000,0x000000032f300000) (1024K)]
  0x000001f1c116b7c0 WorkerThread "GC Thread#5"                     [id=14912, stack(0x000000032f300000,0x000000032f400000) (1024K)]
  0x000001f1c116d190 WorkerThread "GC Thread#6"                     [id=16712, stack(0x000000032f400000,0x000000032f500000) (1024K)]
  0x000001f1c116bb70 WorkerThread "GC Thread#7"                     [id=3288, stack(0x000000032f500000,0x000000032f600000) (1024K)]
  0x000001f1c116bf20 WorkerThread "GC Thread#8"                     [id=20076, stack(0x000000032f600000,0x000000032f700000) (1024K)]
  0x000001f1c116c2d0 WorkerThread "GC Thread#9"                     [id=13708, stack(0x000000032f700000,0x000000032f800000) (1024K)]
  0x000001f1c116ca30 WorkerThread "GC Thread#10"                    [id=2336, stack(0x000000032f800000,0x000000032f900000) (1024K)]
  0x000001f1c116cde0 WorkerThread "GC Thread#11"                    [id=6716, stack(0x000000032f900000,0x000000032fa00000) (1024K)]
  0x000001f1d4b11210 ConcurrentGCThread "G1 Main Marker"            [id=24032, stack(0x000000032d300000,0x000000032d400000) (1024K)]
  0x000001f1d2619fd0 WorkerThread "G1 Conc#0"                       [id=25520, stack(0x000000032d400000,0x000000032d500000) (1024K)]
  0x000001f1f6f454a0 ConcurrentGCThread "G1 Refine#0"               [id=8100, stack(0x000000032d500000,0x000000032d600000) (1024K)]
  0x000001f1f6f48cf0 ConcurrentGCThread "G1 Service"                [id=18252, stack(0x000000032d600000,0x000000032d700000) (1024K)]
Total: 18

Threads with active compile tasks:
Total: 0

VM state: not at safepoint (normal execution)

VM Mutex/Monitor currently owned by a thread: None

Heap address: 0x0000000605c00000, size: 8100 MB, Compressed Oops mode: Zero based, Oop shift amount: 3

CDS archive(s) mapped at: [0x000001f180000000-0x000001f180d40000-0x000001f180d40000), size 13893632, SharedBaseAddress: 0x000001f180000000, ArchiveRelocationMode: 1.
Compressed class space mapped at: 0x000001f181000000-0x000001f1c1000000, reserved size: 1073741824
UseCompressedClassPointers 1, UseCompactObjectHeaders 0
Narrow klass pointer bits 32, Max shift 3
Narrow klass base: 0x000001f180000000, Narrow klass shift: 0
Encoding Range: [0x000001f180000000 - 0x000001f280000000), (4294967296 bytes)
Klass Range:    [0x000001f180000000 - 0x000001f1c1000000), (1090519040 bytes)
Klass ID Range:  [8 - 1090519033) (1090519025)

GC Precious Log:
 CardTable entry size: 512
 Card Set container configuration: InlinePtr #cards 4 size 8 Array Of Cards #cards 32 size 80 Howl #buckets 8 coarsen threshold 7372 Howl Bitmap #cards 1024 size 144 coarsen threshold 921 Card regions per heap region 1 cards per card region 8192
 CPUs: 20 total, 20 available
 Memory: 32387M
 Large Page Support: Disabled
 NUMA Support: Disabled
 Compressed Oops: Enabled (Zero based)
 Heap Region Size: 4M
 Heap Min Capacity: 8M
 Heap Initial Capacity: 508M
 Heap Max Capacity: 8100M
 Pre-touch: Disabled
 Parallel Workers: 15
 Concurrent Workers: 4
 Concurrent Refinement Workers: 15
 Periodic GC: Disabled

Heap:
 garbage-first heap   total reserved 8294400K, committed 524288K, used 68860K [0x0000000605c00000, 0x0000000800000000)
  region size 4096K, 18 young (73728K), 4 survivors (16384K)
 Metaspace       used 10973K, committed 11456K, reserved 1114112K
  class space    used 975K, committed 1216K, reserved 1048576K

Heap Regions: E=young(eden), S=young(survivor), O=old, HS=humongous(starts), HC=humongous(continues), CS=collection set, F=free, TAMS=top-at-mark-start, PB=parsable bottom
|   0|0x0000000605c00000, 0x0000000605c00000, 0x0000000606000000|  0%| F|  |TAMS 0x0000000605c00000| PB 0x0000000605c00000| Untracked |  0
|   1|0x0000000606000000, 0x0000000606000000, 0x0000000606400000|  0%| F|  |TAMS 0x0000000606000000| PB 0x0000000606000000| Untracked |  0
|   2|0x0000000606400000, 0x0000000606400000, 0x0000000606800000|  0%| F|  |TAMS 0x0000000606400000| PB 0x0000000606400000| Untracked |  0
|   3|0x0000000606800000, 0x0000000606800000, 0x0000000606c00000|  0%| F|  |TAMS 0x0000000606800000| PB 0x0000000606800000| Untracked |  0
|   4|0x0000000606c00000, 0x0000000606c00000, 0x0000000607000000|  0%| F|  |TAMS 0x0000000606c00000| PB 0x0000000606c00000| Untracked |  0
|   5|0x0000000607000000, 0x0000000607000000, 0x0000000607400000|  0%| F|  |TAMS 0x0000000607000000| PB 0x0000000607000000| Untracked |  0
|   6|0x0000000607400000, 0x0000000607400000, 0x0000000607800000|  0%| F|  |TAMS 0x0000000607400000| PB 0x0000000607400000| Untracked |  0
|   7|0x0000000607800000, 0x0000000607800000, 0x0000000607c00000|  0%| F|  |TAMS 0x0000000607800000| PB 0x0000000607800000| Untracked |  0
|   8|0x0000000607c00000, 0x0000000607c00000, 0x0000000608000000|  0%| F|  |TAMS 0x0000000607c00000| PB 0x0000000607c00000| Untracked |  0
|   9|0x0000000608000000, 0x0000000608000000, 0x0000000608400000|  0%| F|  |TAMS 0x0000000608000000| PB 0x0000000608000000| Untracked |  0
|  10|0x0000000608400000, 0x0000000608400000, 0x0000000608800000|  0%| F|  |TAMS 0x0000000608400000| PB 0x0000000608400000| Untracked |  0
|  11|0x0000000608800000, 0x0000000608800000, 0x0000000608c00000|  0%| F|  |TAMS 0x0000000608800000| PB 0x0000000608800000| Untracked |  0
|  12|0x0000000608c00000, 0x0000000608c00000, 0x0000000609000000|  0%| F|  |TAMS 0x0000000608c00000| PB 0x0000000608c00000| Untracked |  0
|  13|0x0000000609000000, 0x0000000609000000, 0x0000000609400000|  0%| F|  |TAMS 0x0000000609000000| PB 0x0000000609000000| Untracked |  0
|  14|0x0000000609400000, 0x0000000609400000, 0x0000000609800000|  0%| F|  |TAMS 0x0000000609400000| PB 0x0000000609400000| Untracked |  0
|  15|0x0000000609800000, 0x0000000609800000, 0x0000000609c00000|  0%| F|  |TAMS 0x0000000609800000| PB 0x0000000609800000| Untracked |  0
|  16|0x0000000609c00000, 0x0000000609c00000, 0x000000060a000000|  0%| F|  |TAMS 0x0000000609c00000| PB 0x0000000609c00000| Untracked |  0
|  17|0x000000060a000000, 0x000000060a000000, 0x000000060a400000|  0%| F|  |TAMS 0x000000060a000000| PB 0x000000060a000000| Untracked |  0
|  18|0x000000060a400000, 0x000000060a400000, 0x000000060a800000|  0%| F|  |TAMS 0x000000060a400000| PB 0x000000060a400000| Untracked |  0
|  19|0x000000060a800000, 0x000000060a800000, 0x000000060ac00000|  0%| F|  |TAMS 0x000000060a800000| PB 0x000000060a800000| Untracked |  0
|  20|0x000000060ac00000, 0x000000060ac00000, 0x000000060b000000|  0%| F|  |TAMS 0x000000060ac00000| PB 0x000000060ac00000| Untracked |  0
|  21|0x000000060b000000, 0x000000060b000000, 0x000000060b400000|  0%| F|  |TAMS 0x000000060b000000| PB 0x000000060b000000| Untracked |  0
|  22|0x000000060b400000, 0x000000060b400000, 0x000000060b800000|  0%| F|  |TAMS 0x000000060b400000| PB 0x000000060b400000| Untracked |  0
|  23|0x000000060b800000, 0x000000060b800000, 0x000000060bc00000|  0%| F|  |TAMS 0x000000060b800000| PB 0x000000060b800000| Untracked |  0
|  24|0x000000060bc00000, 0x000000060bc00000, 0x000000060c000000|  0%| F|  |TAMS 0x000000060bc00000| PB 0x000000060bc00000| Untracked |  0
|  25|0x000000060c000000, 0x000000060c000000, 0x000000060c400000|  0%| F|  |TAMS 0x000000060c000000| PB 0x000000060c000000| Untracked |  0
|  26|0x000000060c400000, 0x000000060c400000, 0x000000060c800000|  0%| F|  |TAMS 0x000000060c400000| PB 0x000000060c400000| Untracked |  0
|  27|0x000000060c800000, 0x000000060c800000, 0x000000060cc00000|  0%| F|  |TAMS 0x000000060c800000| PB 0x000000060c800000| Untracked |  0
|  28|0x000000060cc00000, 0x000000060cc00000, 0x000000060d000000|  0%| F|  |TAMS 0x000000060cc00000| PB 0x000000060cc00000| Untracked |  0
|  29|0x000000060d000000, 0x000000060d000000, 0x000000060d400000|  0%| F|  |TAMS 0x000000060d000000| PB 0x000000060d000000| Untracked |  0
|  30|0x000000060d400000, 0x000000060d400000, 0x000000060d800000|  0%| F|  |TAMS 0x000000060d400000| PB 0x000000060d400000| Untracked |  0
|  31|0x000000060d800000, 0x000000060d800000, 0x000000060dc00000|  0%| F|  |TAMS 0x000000060d800000| PB 0x000000060d800000| Untracked |  0
|  32|0x000000060dc00000, 0x000000060dc00000, 0x000000060e000000|  0%| F|  |TAMS 0x000000060dc00000| PB 0x000000060dc00000| Untracked |  0
|  33|0x000000060e000000, 0x000000060e000000, 0x000000060e400000|  0%| F|  |TAMS 0x000000060e000000| PB 0x000000060e000000| Untracked |  0
|  34|0x000000060e400000, 0x000000060e400000, 0x000000060e800000|  0%| F|  |TAMS 0x000000060e400000| PB 0x000000060e400000| Untracked |  0
|  35|0x000000060e800000, 0x000000060e800000, 0x000000060ec00000|  0%| F|  |TAMS 0x000000060e800000| PB 0x000000060e800000| Untracked |  0
|  36|0x000000060ec00000, 0x000000060ec00000, 0x000000060f000000|  0%| F|  |TAMS 0x000000060ec00000| PB 0x000000060ec00000| Untracked |  0
|  37|0x000000060f000000, 0x000000060f000000, 0x000000060f400000|  0%| F|  |TAMS 0x000000060f000000| PB 0x000000060f000000| Untracked |  0
|  38|0x000000060f400000, 0x000000060f400000, 0x000000060f800000|  0%| F|  |TAMS 0x000000060f400000| PB 0x000000060f400000| Untracked |  0
|  39|0x000000060f800000, 0x000000060f800000, 0x000000060fc00000|  0%| F|  |TAMS 0x000000060f800000| PB 0x000000060f800000| Untracked |  0
|  40|0x000000060fc00000, 0x000000060fc00000, 0x0000000610000000|  0%| F|  |TAMS 0x000000060fc00000| PB 0x000000060fc00000| Untracked |  0
|  41|0x0000000610000000, 0x0000000610000000, 0x0000000610400000|  0%| F|  |TAMS 0x0000000610000000| PB 0x0000000610000000| Untracked |  0
|  42|0x0000000610400000, 0x0000000610400000, 0x0000000610800000|  0%| F|  |TAMS 0x0000000610400000| PB 0x0000000610400000| Untracked |  0
|  43|0x0000000610800000, 0x0000000610800000, 0x0000000610c00000|  0%| F|  |TAMS 0x0000000610800000| PB 0x0000000610800000| Untracked |  0
|  44|0x0000000610c00000, 0x0000000610c00000, 0x0000000611000000|  0%| F|  |TAMS 0x0000000610c00000| PB 0x0000000610c00000| Untracked |  0
|  45|0x0000000611000000, 0x0000000611000000, 0x0000000611400000|  0%| F|  |TAMS 0x0000000611000000| PB 0x0000000611000000| Untracked |  0
|  46|0x0000000611400000, 0x0000000611400000, 0x0000000611800000|  0%| F|  |TAMS 0x0000000611400000| PB 0x0000000611400000| Untracked |  0
|  47|0x0000000611800000, 0x0000000611800000, 0x0000000611c00000|  0%| F|  |TAMS 0x0000000611800000| PB 0x0000000611800000| Untracked |  0
|  48|0x0000000611c00000, 0x0000000611c00000, 0x0000000612000000|  0%| F|  |TAMS 0x0000000611c00000| PB 0x0000000611c00000| Untracked |  0
|  49|0x0000000612000000, 0x0000000612000000, 0x0000000612400000|  0%| F|  |TAMS 0x0000000612000000| PB 0x0000000612000000| Untracked |  0
|  50|0x0000000612400000, 0x0000000612400000, 0x0000000612800000|  0%| F|  |TAMS 0x0000000612400000| PB 0x0000000612400000| Untracked |  0
|  51|0x0000000612800000, 0x0000000612800000, 0x0000000612c00000|  0%| F|  |TAMS 0x0000000612800000| PB 0x0000000612800000| Untracked |  0
|  52|0x0000000612c00000, 0x0000000612c00000, 0x0000000613000000|  0%| F|  |TAMS 0x0000000612c00000| PB 0x0000000612c00000| Untracked |  0
|  53|0x0000000613000000, 0x0000000613000000, 0x0000000613400000|  0%| F|  |TAMS 0x0000000613000000| PB 0x0000000613000000| Untracked |  0
|  54|0x0000000613400000, 0x0000000613400000, 0x0000000613800000|  0%| F|  |TAMS 0x0000000613400000| PB 0x0000000613400000| Untracked |  0
|  55|0x0000000613800000, 0x0000000613800000, 0x0000000613c00000|  0%| F|  |TAMS 0x0000000613800000| PB 0x0000000613800000| Untracked |  0
|  56|0x0000000613c00000, 0x0000000613c00000, 0x0000000614000000|  0%| F|  |TAMS 0x0000000613c00000| PB 0x0000000613c00000| Untracked |  0
|  57|0x0000000614000000, 0x0000000614000000, 0x0000000614400000|  0%| F|  |TAMS 0x0000000614000000| PB 0x0000000614000000| Untracked |  0
|  58|0x0000000614400000, 0x0000000614400000, 0x0000000614800000|  0%| F|  |TAMS 0x0000000614400000| PB 0x0000000614400000| Untracked |  0
|  59|0x0000000614800000, 0x0000000614800000, 0x0000000614c00000|  0%| F|  |TAMS 0x0000000614800000| PB 0x0000000614800000| Untracked |  0
|  60|0x0000000614c00000, 0x0000000614c00000, 0x0000000615000000|  0%| F|  |TAMS 0x0000000614c00000| PB 0x0000000614c00000| Untracked |  0
|  61|0x0000000615000000, 0x0000000615000000, 0x0000000615400000|  0%| F|  |TAMS 0x0000000615000000| PB 0x0000000615000000| Untracked |  0
|  62|0x0000000615400000, 0x0000000615400000, 0x0000000615800000|  0%| F|  |TAMS 0x0000000615400000| PB 0x0000000615400000| Untracked |  0
|  63|0x0000000615800000, 0x0000000615800000, 0x0000000615c00000|  0%| F|  |TAMS 0x0000000615800000| PB 0x0000000615800000| Untracked |  0
|  64|0x0000000615c00000, 0x0000000615c00000, 0x0000000616000000|  0%| F|  |TAMS 0x0000000615c00000| PB 0x0000000615c00000| Untracked |  0
|  65|0x0000000616000000, 0x0000000616000000, 0x0000000616400000|  0%| F|  |TAMS 0x0000000616000000| PB 0x0000000616000000| Untracked |  0
|  66|0x0000000616400000, 0x0000000616400000, 0x0000000616800000|  0%| F|  |TAMS 0x0000000616400000| PB 0x0000000616400000| Untracked |  0
|  67|0x0000000616800000, 0x0000000616800000, 0x0000000616c00000|  0%| F|  |TAMS 0x0000000616800000| PB 0x0000000616800000| Untracked |  0
|  68|0x0000000616c00000, 0x0000000616c00000, 0x0000000617000000|  0%| F|  |TAMS 0x0000000616c00000| PB 0x0000000616c00000| Untracked |  0
|  69|0x0000000617000000, 0x0000000617000000, 0x0000000617400000|  0%| F|  |TAMS 0x0000000617000000| PB 0x0000000617000000| Untracked |  0
|  70|0x0000000617400000, 0x0000000617400000, 0x0000000617800000|  0%| F|  |TAMS 0x0000000617400000| PB 0x0000000617400000| Untracked |  0
|  71|0x0000000617800000, 0x0000000617800000, 0x0000000617c00000|  0%| F|  |TAMS 0x0000000617800000| PB 0x0000000617800000| Untracked |  0
|  72|0x0000000617c00000, 0x0000000617c00000, 0x0000000618000000|  0%| F|  |TAMS 0x0000000617c00000| PB 0x0000000617c00000| Untracked |  0
|  73|0x0000000618000000, 0x0000000618000000, 0x0000000618400000|  0%| F|  |TAMS 0x0000000618000000| PB 0x0000000618000000| Untracked |  0
|  74|0x0000000618400000, 0x0000000618400000, 0x0000000618800000|  0%| F|  |TAMS 0x0000000618400000| PB 0x0000000618400000| Untracked |  0
|  75|0x0000000618800000, 0x0000000618800000, 0x0000000618c00000|  0%| F|  |TAMS 0x0000000618800000| PB 0x0000000618800000| Untracked |  0
|  76|0x0000000618c00000, 0x0000000618c00000, 0x0000000619000000|  0%| F|  |TAMS 0x0000000618c00000| PB 0x0000000618c00000| Untracked |  0
|  77|0x0000000619000000, 0x0000000619000000, 0x0000000619400000|  0%| F|  |TAMS 0x0000000619000000| PB 0x0000000619000000| Untracked |  0
|  78|0x0000000619400000, 0x0000000619400000, 0x0000000619800000|  0%| F|  |TAMS 0x0000000619400000| PB 0x0000000619400000| Untracked |  0
|  79|0x0000000619800000, 0x0000000619800000, 0x0000000619c00000|  0%| F|  |TAMS 0x0000000619800000| PB 0x0000000619800000| Untracked |  0
|  80|0x0000000619c00000, 0x0000000619c00000, 0x000000061a000000|  0%| F|  |TAMS 0x0000000619c00000| PB 0x0000000619c00000| Untracked |  0
|  81|0x000000061a000000, 0x000000061a000000, 0x000000061a400000|  0%| F|  |TAMS 0x000000061a000000| PB 0x000000061a000000| Untracked |  0
|  82|0x000000061a400000, 0x000000061a400000, 0x000000061a800000|  0%| F|  |TAMS 0x000000061a400000| PB 0x000000061a400000| Untracked |  0
|  83|0x000000061a800000, 0x000000061a800000, 0x000000061ac00000|  0%| F|  |TAMS 0x000000061a800000| PB 0x000000061a800000| Untracked |  0
|  84|0x000000061ac00000, 0x000000061ac00000, 0x000000061b000000|  0%| F|  |TAMS 0x000000061ac00000| PB 0x000000061ac00000| Untracked |  0
|  85|0x000000061b000000, 0x000000061b221dc8, 0x000000061b400000| 53%| S|CS|TAMS 0x000000061b000000| PB 0x000000061b000000| Complete |  0
|  86|0x000000061b400000, 0x000000061b800000, 0x000000061b800000|100%| S|CS|TAMS 0x000000061b400000| PB 0x000000061b400000| Complete |  0
|  87|0x000000061b800000, 0x000000061bc00000, 0x000000061bc00000|100%| S|CS|TAMS 0x000000061b800000| PB 0x000000061b800000| Complete |  0
|  88|0x000000061bc00000, 0x000000061c000000, 0x000000061c000000|100%| S|CS|TAMS 0x000000061bc00000| PB 0x000000061bc00000| Complete |  0
|  89|0x000000061c000000, 0x000000061c000000, 0x000000061c400000|  0%| F|  |TAMS 0x000000061c000000| PB 0x000000061c000000| Untracked |  0
|  90|0x000000061c400000, 0x000000061c400000, 0x000000061c800000|  0%| F|  |TAMS 0x000000061c400000| PB 0x000000061c400000| Untracked |  0
|  91|0x000000061c800000, 0x000000061c800000, 0x000000061cc00000|  0%| F|  |TAMS 0x000000061c800000| PB 0x000000061c800000| Untracked |  0
|  92|0x000000061cc00000, 0x000000061cc00000, 0x000000061d000000|  0%| F|  |TAMS 0x000000061cc00000| PB 0x000000061cc00000| Untracked |  0
|  93|0x000000061d000000, 0x000000061d000000, 0x000000061d400000|  0%| F|  |TAMS 0x000000061d000000| PB 0x000000061d000000| Untracked |  0
|  94|0x000000061d400000, 0x000000061d400000, 0x000000061d800000|  0%| F|  |TAMS 0x000000061d400000| PB 0x000000061d400000| Untracked |  0
|  95|0x000000061d800000, 0x000000061d800000, 0x000000061dc00000|  0%| F|  |TAMS 0x000000061d800000| PB 0x000000061d800000| Untracked |  0
|  96|0x000000061dc00000, 0x000000061dc00000, 0x000000061e000000|  0%| F|  |TAMS 0x000000061dc00000| PB 0x000000061dc00000| Untracked |  0
|  97|0x000000061e000000, 0x000000061e000000, 0x000000061e400000|  0%| F|  |TAMS 0x000000061e000000| PB 0x000000061e000000| Untracked |  0
|  98|0x000000061e400000, 0x000000061e400000, 0x000000061e800000|  0%| F|  |TAMS 0x000000061e400000| PB 0x000000061e400000| Untracked |  0
|  99|0x000000061e800000, 0x000000061e800000, 0x000000061ec00000|  0%| F|  |TAMS 0x000000061e800000| PB 0x000000061e800000| Untracked |  0
| 100|0x000000061ec00000, 0x000000061ec00000, 0x000000061f000000|  0%| F|  |TAMS 0x000000061ec00000| PB 0x000000061ec00000| Untracked |  0
| 101|0x000000061f000000, 0x000000061f000000, 0x000000061f400000|  0%| F|  |TAMS 0x000000061f000000| PB 0x000000061f000000| Untracked |  0
| 102|0x000000061f400000, 0x000000061f400000, 0x000000061f800000|  0%| F|  |TAMS 0x000000061f400000| PB 0x000000061f400000| Untracked |  0
| 103|0x000000061f800000, 0x000000061f800000, 0x000000061fc00000|  0%| F|  |TAMS 0x000000061f800000| PB 0x000000061f800000| Untracked |  0
| 104|0x000000061fc00000, 0x000000061fc00000, 0x0000000620000000|  0%| F|  |TAMS 0x000000061fc00000| PB 0x000000061fc00000| Untracked |  0
| 105|0x0000000620000000, 0x0000000620000000, 0x0000000620400000|  0%| F|  |TAMS 0x0000000620000000| PB 0x0000000620000000| Untracked |  0
| 106|0x0000000620400000, 0x0000000620400000, 0x0000000620800000|  0%| F|  |TAMS 0x0000000620400000| PB 0x0000000620400000| Untracked |  0
| 107|0x0000000620800000, 0x0000000620800000, 0x0000000620c00000|  0%| F|  |TAMS 0x0000000620800000| PB 0x0000000620800000| Untracked |  0
| 108|0x0000000620c00000, 0x0000000620c00000, 0x0000000621000000|  0%| F|  |TAMS 0x0000000620c00000| PB 0x0000000620c00000| Untracked |  0
| 109|0x0000000621000000, 0x0000000621000000, 0x0000000621400000|  0%| F|  |TAMS 0x0000000621000000| PB 0x0000000621000000| Untracked |  0
| 110|0x0000000621400000, 0x0000000621400000, 0x0000000621800000|  0%| F|  |TAMS 0x0000000621400000| PB 0x0000000621400000| Untracked |  0
| 111|0x0000000621800000, 0x0000000621800000, 0x0000000621c00000|  0%| F|  |TAMS 0x0000000621800000| PB 0x0000000621800000| Untracked |  0
| 112|0x0000000621c00000, 0x0000000621c00000, 0x0000000622000000|  0%| F|  |TAMS 0x0000000621c00000| PB 0x0000000621c00000| Untracked |  0
| 113|0x0000000622000000, 0x000000062208f630, 0x0000000622400000| 14%| E|  |TAMS 0x0000000622000000| PB 0x0000000622000000| Complete |  0
| 114|0x0000000622400000, 0x0000000622800000, 0x0000000622800000|100%| E|CS|TAMS 0x0000000622400000| PB 0x0000000622400000| Complete |  0
| 115|0x0000000622800000, 0x0000000622c00000, 0x0000000622c00000|100%| E|CS|TAMS 0x0000000622800000| PB 0x0000000622800000| Complete |  0
| 116|0x0000000622c00000, 0x0000000623000000, 0x0000000623000000|100%| E|CS|TAMS 0x0000000622c00000| PB 0x0000000622c00000| Complete |  0
| 117|0x0000000623000000, 0x0000000623400000, 0x0000000623400000|100%| E|CS|TAMS 0x0000000623000000| PB 0x0000000623000000| Complete |  0
| 118|0x0000000623400000, 0x0000000623800000, 0x0000000623800000|100%| E|CS|TAMS 0x0000000623400000| PB 0x0000000623400000| Complete |  0
| 119|0x0000000623800000, 0x0000000623c00000, 0x0000000623c00000|100%| E|CS|TAMS 0x0000000623800000| PB 0x0000000623800000| Complete |  0
| 120|0x0000000623c00000, 0x0000000624000000, 0x0000000624000000|100%| E|CS|TAMS 0x0000000623c00000| PB 0x0000000623c00000| Complete |  0
| 121|0x0000000624000000, 0x0000000624400000, 0x0000000624400000|100%| E|CS|TAMS 0x0000000624000000| PB 0x0000000624000000| Complete |  0
| 122|0x0000000624400000, 0x0000000624800000, 0x0000000624800000|100%| E|CS|TAMS 0x0000000624400000| PB 0x0000000624400000| Complete |  0
| 123|0x0000000624800000, 0x0000000624c00000, 0x0000000624c00000|100%| E|CS|TAMS 0x0000000624800000| PB 0x0000000624800000| Complete |  0
| 124|0x0000000624c00000, 0x0000000625000000, 0x0000000625000000|100%| E|CS|TAMS 0x0000000624c00000| PB 0x0000000624c00000| Complete |  0
| 125|0x0000000625000000, 0x0000000625400000, 0x0000000625400000|100%| E|CS|TAMS 0x0000000625000000| PB 0x0000000625000000| Complete |  0
| 126|0x0000000625400000, 0x0000000625800000, 0x0000000625800000|100%| E|CS|TAMS 0x0000000625400000| PB 0x0000000625400000| Complete |  0
|2024|0x00000007ffc00000, 0x00000007ffd1d3c0, 0x0000000800000000| 27%| O|  |TAMS 0x00000007ffc00000| PB 0x00000007ffc00000| Untracked |  0

Card table byte_map: [0x000001f1edee0000,0x000001f1eeec0000] _byte_map_base: 0x000001f1eaeb2000

Marking Bits: (CMBitMap*) 0x000001f1d4afbc70
 Bits: [0x000001f1eeec0000, 0x000001f1f6d50000)

Polling page: 0x000001f1d40a0000

Metaspace:

Usage:
  Non-class:      9.76 MB used.
      Class:    975.35 KB used.
       Both:     10.72 MB used.

Virtual space:
  Non-class space:       64.00 MB reserved,      10.00 MB ( 16%) committed,  1 nodes.
      Class space:        1.00 GB reserved,       1.19 MB ( <1%) committed,  1 nodes.
             Both:        1.06 GB reserved,      11.19 MB (  1%) committed. 

Chunk freelists:
   Non-Class:  6.05 MB
       Class:  14.69 MB
        Both:  20.73 MB

MaxMetaspaceSize: unlimited
CompressedClassSpaceSize: 1.00 GB
Initial GC threshold: 21.00 MB
Current GC threshold: 21.00 MB
CDS: on
 - commit_granule_bytes: 65536.
 - commit_granule_words: 8192.
 - virtual_space_node_default_size: 8388608.
 - enlarge_chunks_in_place: 1.
UseCompressedClassPointers 1, UseCompactObjectHeaders 0
Narrow klass pointer bits 32, Max shift 3
Narrow klass base: 0x000001f180000000, Narrow klass shift: 0
Encoding Range: [0x000001f180000000 - 0x000001f280000000), (4294967296 bytes)
Klass Range:    [0x000001f180000000 - 0x000001f1c1000000), (1090519040 bytes)
Klass ID Range:  [8 - 1090519033) (1090519025)


Internal statistics:

num_allocs_failed_limit: 0.
num_arena_births: 412.
num_arena_deaths: 0.
num_vsnodes_births: 2.
num_vsnodes_deaths: 0.
num_space_committed: 179.
num_space_uncommitted: 0.
num_chunks_returned_to_freelist: 0.
num_chunks_taken_from_freelist: 629.
num_chunk_merges: 0.
num_chunk_splits: 357.
num_chunks_enlarged: 121.
num_inconsistent_stats: 0.

CodeHeap 'non-profiled nmethods': size=119232Kb used=2025Kb max_used=2025Kb free=117206Kb
 bounds [0x000001f1e4ec0000, 0x000001f1e5130000, 0x000001f1ec330000]
CodeHeap 'profiled nmethods': size=119104Kb used=6530Kb max_used=6530Kb free=112573Kb
 bounds [0x000001f1dd330000, 0x000001f1dd9a0000, 0x000001f1e4780000]
CodeHeap 'non-nmethods': size=7424Kb used=1365Kb max_used=3118Kb free=6058Kb
 bounds [0x000001f1e4780000, 0x000001f1e4aa0000, 0x000001f1e4ec0000]
CodeCache: size=245760Kb, used=9920Kb, max_used=11673Kb, free=235837Kb
 total_blobs=4324, nmethods=3791, adapters=438, full_count=0
Compilation: enabled, stopped_count=0, restarted_count=0

Compilation events (20 events):
Event: 151.509 Thread 0x000001f1f70420f0 3814       1       java.util.stream.ReduceOps$Box::get (5 bytes)
Event: 151.510 Thread 0x000001f1f70420f0 nmethod 3814 0x000001f1e50b8d88 code [0x000001f1e50b8e80, 0x000001f1e50b8f48]
Event: 151.510 Thread 0x000001f1f70420f0 3815       3       java.util.StringJoiner::toString (53 bytes)
Event: 151.510 Thread 0x000001f1f70420f0 nmethod 3815 0x000001f1dd987b08 code [0x000001f1dd987c40, 0x000001f1dd987e50]
Event: 151.510 Thread 0x000001f1f70420f0 3817       3       java.lang.String::join (281 bytes)
Event: 151.510 Thread 0x000001f1f7031560 3819       4       java.lang.ref.Reference::<init> (7 bytes)
Event: 151.513 Thread 0x000001f1f7031560 nmethod 3819 0x000001f1e50b9088 code [0x000001f1e50b91a0, 0x000001f1e50b9498]
Event: 151.513 Thread 0x000001f1f7031560 3820       4       java.util.concurrent.locks.ReentrantLock::unlock (10 bytes)
Event: 151.514 Thread 0x000001f1f70420f0 nmethod 3817 0x000001f1dd987e88 code [0x000001f1dd988180, 0x000001f1dd98a430]
Event: 151.515 Thread 0x000001f1f70420f0 3821       3       jdk.internal.util.ReferencedKeyMap::get (10 bytes)
Event: 151.516 Thread 0x000001f1f70420f0 nmethod 3821 0x000001f1dd98a488 code [0x000001f1dd98a640, 0x000001f1dd98af70]
Event: 151.516 Thread 0x000001f1f70420f0 3822       3       jdk.internal.util.ReferencedKeyMap::getNoCheckStale (22 bytes)
Event: 151.516 Thread 0x000001f1f70420f0 nmethod 3822 0x000001f1dd98b008 code [0x000001f1dd98b180, 0x000001f1dd98b718]
Event: 151.517 Thread 0x000001f1f70420f0 3826       3       jdk.internal.util.ReferencedKeyMap::existingKey (32 bytes)
Event: 151.518 Thread 0x000001f1f7031560 nmethod 3820 0x000001f1e50b9808 code [0x000001f1e50b9920, 0x000001f1e50b9b18]
Event: 151.518 Thread 0x000001f1f7031560 3823       4       java.lang.invoke.MethodType::hashCode (53 bytes)
Event: 151.519 Thread 0x000001f1f70420f0 nmethod 3826 0x000001f1dd98b788 code [0x000001f1dd98b9c0, 0x000001f1dd98ca20]
Event: 151.519 Thread 0x000001f1f70420f0 3824       3       jdk.internal.util.ReferencedKeySet::intern (9 bytes)
Event: 151.519 Thread 0x000001f1f70420f0 nmethod 3824 0x000001f1dd98ca88 code [0x000001f1dd98cbc0, 0x000001f1dd98cdd8]
Event: 151.519 Thread 0x000001f1f70420f0 3825       3       jdk.internal.util.ReferencedKeyMap::intern (18 bytes)

GC Heap History (4 events):
Event: 69.193 GC heap before
{Heap before GC invocations=0 (full 0):
 garbage-first heap   total reserved 8294400K, committed 524288K, used 50292K [0x0000000605c00000, 0x0000000800000000)
  region size 4096K, 12 young (49152K), 0 survivors (0K)
 Metaspace       used 9944K, committed 10304K, reserved 1114112K
  class space    used 892K, committed 1088K, reserved 1048576K
}
Event: 69.207 GC heap after
{Heap after GC invocations=1 (full 0):
 garbage-first heap   total reserved 8294400K, committed 524288K, used 6116K [0x0000000605c00000, 0x0000000800000000)
  region size 4096K, 2 young (8192K), 2 survivors (8192K)
 Metaspace       used 9944K, committed 10304K, reserved 1114112K
  class space    used 892K, committed 1088K, reserved 1048576K
}
Event: 99.732 GC heap before
{Heap before GC invocations=1 (full 0):
 garbage-first heap   total reserved 8294400K, committed 524288K, used 149476K [0x0000000605c00000, 0x0000000800000000)
  region size 4096K, 38 young (155648K), 2 survivors (8192K)
 Metaspace       used 10873K, committed 11200K, reserved 1114112K
  class space    used 963K, committed 1088K, reserved 1048576K
}
Event: 99.743 GC heap after
{Heap after GC invocations=2 (full 0):
 garbage-first heap   total reserved 8294400K, committed 524288K, used 15612K [0x0000000605c00000, 0x0000000800000000)
  region size 4096K, 4 young (16384K), 4 survivors (16384K)
 Metaspace       used 10873K, committed 11200K, reserved 1114112K
  class space    used 963K, committed 1088K, reserved 1048576K
}

Dll operation events (14 events):
Event: 0.006 Loaded shared library C:\Program Files\Java\jdk-24\bin\java.dll
Event: 0.022 Loaded shared library C:\Program Files\Java\jdk-24\bin\jsvml.dll
Event: 0.045 Loaded shared library C:\Program Files\Java\jdk-24\bin\zip.dll
Event: 0.046 Loaded shared library C:\Program Files\Java\jdk-24\bin\instrument.dll
Event: 0.048 Loaded shared library C:\Program Files\Java\jdk-24\bin\net.dll
Event: 0.049 Loaded shared library C:\Program Files\Java\jdk-24\bin\nio.dll
Event: 0.051 Loaded shared library C:\Program Files\Java\jdk-24\bin\zip.dll
Event: 0.072 Loaded shared library C:\Program Files\Java\jdk-24\bin\extnet.dll
Event: 0.081 Loaded shared library C:\Program Files\Java\jdk-24\bin\jimage.dll
Event: 0.107 Loaded shared library C:\Program Files\Java\jdk-24\bin\management.dll
Event: 0.108 Loaded shared library C:\Program Files\Java\jdk-24\bin\management_ext.dll
Event: 10.230 Loaded shared library C:\Program Files\Java\jdk-24\bin\verify.dll
Event: 69.134 Loaded shared library C:\Program Files\Java\jdk-24\bin\instrument.dll
Event: 69.155 Loaded shared library D:\visualvm_22\visualvm_22\visualvm\lib\deployed\jdk16\windows-amd64\profilerinterface.dll

Deoptimization events (20 events):
Event: 111.619 Thread 0x000001f1c1b20c80 DEOPT PACKING pc=0x000001f1dd8afa80 sp=0x000000032e7fea30
Event: 111.619 Thread 0x000001f1c1b20c80 DEOPT UNPACKING pc=0x000001f1e47d5722 sp=0x000000032e7fdf20 mode 0
Event: 124.364 Thread 0x000001f1c17111d0 DEOPT PACKING pc=0x000001f1dd76476a sp=0x000000032e4fdec0
Event: 124.364 Thread 0x000001f1c17111d0 DEOPT UNPACKING pc=0x000001f1e47d5722 sp=0x000000032e4fd368 mode 0
Event: 141.417 Thread 0x000001f1c1b20c80 Uncommon trap: trap_request=0xffffff4d fr.pc=0x000001f1e4fca9c4 relative=0x00000000000000c4
Event: 141.417 Thread 0x000001f1c1b20c80 Uncommon trap: reason=unstable_if action=reinterpret pc=0x000001f1e4fca9c4 method=java.util.concurrent.locks.ReentrantLock$NonfairSync.initialTryLock()Z @ 10 c2
Event: 141.417 Thread 0x000001f1c1b20c80 DEOPT PACKING pc=0x000001f1e4fca9c4 sp=0x000000032e7feca0
Event: 141.417 Thread 0x000001f1c1b20c80 DEOPT UNPACKING pc=0x000001f1e4898602 sp=0x000000032e7fec28 mode 2
Event: 151.512 Thread 0x000001f1c1b20c80 Uncommon trap: trap_request=0xffffffbe fr.pc=0x000001f1e4fcf548 relative=0x00000000000012e8
Event: 151.512 Thread 0x000001f1d4a93370 Uncommon trap: trap_request=0xffffff4d fr.pc=0x000001f1e4fca694 relative=0x0000000000000094
Event: 151.512 Thread 0x000001f1c1b20c80 Uncommon trap: reason=profile_predicate action=maybe_recompile pc=0x000001f1e4fcf548 method=java.io.ObjectOutputStream$BlockDataOutputStream.write([BIIZ)V @ 28 c2
Event: 151.512 Thread 0x000001f1d4a93370 Uncommon trap: reason=unstable_if action=reinterpret pc=0x000001f1e4fca694 method=java.util.concurrent.locks.ReentrantLock$Sync.tryRelease(I)Z @ 26 c2
Event: 151.512 Thread 0x000001f1c1b20c80 DEOPT PACKING pc=0x000001f1e4fcf548 sp=0x000000032e7fe180
Event: 151.512 Thread 0x000001f1c1b20c80 DEOPT UNPACKING pc=0x000001f1e4898602 sp=0x000000032e7fe150 mode 2
Event: 151.512 Thread 0x000001f1d4a93370 DEOPT PACKING pc=0x000001f1e4fca694 sp=0x000000032d1ff360
Event: 151.512 Thread 0x000001f1d4a93370 DEOPT UNPACKING pc=0x000001f1e4898602 sp=0x000000032d1ff2e0 mode 2
Event: 151.513 Thread 0x000001f1c1b20c80 Uncommon trap: trap_request=0xffffffbe fr.pc=0x000001f1e4fcf548 relative=0x00000000000012e8
Event: 151.513 Thread 0x000001f1c1b20c80 Uncommon trap: reason=profile_predicate action=maybe_recompile pc=0x000001f1e4fcf548 method=java.io.ObjectOutputStream$BlockDataOutputStream.write([BIIZ)V @ 28 c2
Event: 151.513 Thread 0x000001f1c1b20c80 DEOPT PACKING pc=0x000001f1e4fcf548 sp=0x000000032e7fe1f0
Event: 151.513 Thread 0x000001f1c1b20c80 DEOPT UNPACKING pc=0x000001f1e4898602 sp=0x000000032e7fe1c0 mode 2

Classes loaded (20 events):
Event: 101.632 Loading class org/graalvm/visualvm/lib/jfluid/wireprotocol/GetClassIdResponse
Event: 101.632 Loading class org/graalvm/visualvm/lib/jfluid/wireprotocol/GetClassIdResponse done
Event: 111.240 Loading class org/graalvm/visualvm/lib/jfluid/server/ProfilerRuntimeObjLiveness$ProfilerRuntimeObjLivenessWeakRef
Event: 111.240 Loading class org/graalvm/visualvm/lib/jfluid/server/ProfilerRuntimeObjLiveness$ProfilerRuntimeObjLivenessWeakRef done
Event: 111.687 Loading class org/graalvm/visualvm/lib/jfluid/wireprotocol/GetMethodNamesForJMethodIdsCommand
Event: 111.687 Loading class org/graalvm/visualvm/lib/jfluid/wireprotocol/GetMethodNamesForJMethodIdsCommand done
Event: 111.688 Loading class org/graalvm/visualvm/lib/jfluid/wireprotocol/MethodNamesResponse
Event: 111.688 Loading class org/graalvm/visualvm/lib/jfluid/wireprotocol/MethodNamesResponse done
Event: 111.690 Loading class org/graalvm/visualvm/lib/jfluid/wireprotocol/ObjectAllocationResultsResponse
Event: 111.690 Loading class org/graalvm/visualvm/lib/jfluid/wireprotocol/ObjectAllocationResultsResponse done
Event: 151.478 Loading class org/openjdk/jmh/results/BenchmarkResultMetaData
Event: 151.478 Loading class org/openjdk/jmh/results/BenchmarkResultMetaData done
Event: 151.486 Loading class org/graalvm/visualvm/lib/jfluid/wireprotocol/ClassLoadedCommand
Event: 151.486 Loading class org/graalvm/visualvm/lib/jfluid/wireprotocol/ClassLoadedCommand done
Event: 151.489 Loading class org/openjdk/jmh/runner/link/ResultMetadataFrame
Event: 151.489 Loading class org/openjdk/jmh/runner/link/ResultMetadataFrame done
Event: 151.515 Loading class java/lang/Throwable$WrappedPrintStream
Event: 151.516 Loading class java/lang/Throwable$PrintStreamOrWriter
Event: 151.516 Loading class java/lang/Throwable$PrintStreamOrWriter done
Event: 151.516 Loading class java/lang/Throwable$WrappedPrintStream done

Classes unloaded (0 events):
No events

Classes redefined (20 events):
Event: 91.106 Thread 0x000001f1f7007e90 redefined class name=org.graalvm.visualvm.lib.jfluid.server.ProfilerInterface$InitiateProfilingThread, count=33
Event: 91.135 Thread 0x000001f1f7007e90 redefined class name=org.openjdk.jmh.util.SingletonStatistics, count=1
Event: 91.135 Thread 0x000001f1f7007e90 redefined class name=org.graalvm.visualvm.lib.jfluid.server.ProfilerInterface$InitiateProfilingThread, count=34
Event: 91.164 Thread 0x000001f1f7007e90 redefined class name=org.openjdk.jmh.util.AbstractStatistics, count=1
Event: 91.164 Thread 0x000001f1f7007e90 redefined class name=org.graalvm.visualvm.lib.jfluid.server.ProfilerInterface$InitiateProfilingThread, count=35
Event: 97.651 Thread 0x000001f1f7007e90 redefined class name=org.openjdk.jmh.infra.IterationParams, count=6
Event: 97.651 Thread 0x000001f1f7007e90 redefined class name=org.example.jmh_generated.SpeedTest_jmhType_B2, count=6
Event: 97.651 Thread 0x000001f1f7007e90 redefined class name=org.openjdk.jmh.results.Result, count=3
Event: 97.651 Thread 0x000001f1f7007e90 redefined class name=org.example.SpeedTest, count=3
Event: 97.651 Thread 0x000001f1f7007e90 redefined class name=org.openjdk.jmh.runner.InfraControlL2, count=4
Event: 97.651 Thread 0x000001f1f7007e90 redefined class name=org.openjdk.jmh.results.RawResults, count=3
Event: 97.651 Thread 0x000001f1f7007e90 redefined class name=org.openjdk.jmh.results.BenchmarkTaskResult, count=3
Event: 97.651 Thread 0x000001f1f7007e90 redefined class name=org.openjdk.jmh.infra.Blackhole, count=10
Event: 97.651 Thread 0x000001f1f7007e90 redefined class name=org.openjdk.jmh.runner.options.TimeValue, count=3
Event: 97.651 Thread 0x000001f1f7007e90 redefined class name=org.example.jmh_generated.SpeedTest_search_jmhTest, count=3
Event: 97.651 Thread 0x000001f1f7007e90 redefined class name=org.openjdk.jmh.util.Deduplicator, count=3
Event: 97.651 Thread 0x000001f1f7007e90 redefined class name=org.openjdk.jmh.infra.BenchmarkParams, count=6
Event: 97.651 Thread 0x000001f1f7007e90 redefined class name=org.openjdk.jmh.runner.InfraControl, count=10
Event: 97.651 Thread 0x000001f1f7007e90 redefined class name=org.example.BinaryTree, count=3
Event: 101.612 Thread 0x000001f1f7007e90 redefined class name=java.lang.Object, count=1

Internal exceptions (20 events):
Event: 5.603 Thread 0x000001f1c706f0d0 Exception <a 'java/lang/NoSuchMethodError'{0x000000062354d768}: static [Ljavax/management/MBeanConstructorInfo;.<clinit>()V> (0x000000062354d768) 
thrown [s\open\src\hotspot\share\prims\jni.cpp, line 1108]
Event: 5.604 Thread 0x000001f1c706f0d0 Exception <a 'java/lang/NoSuchMethodError'{0x000000062354e2a8}: static [Ljavax/management/MBeanNotificationInfo;.<clinit>()V> (0x000000062354e2a8) 
thrown [s\open\src\hotspot\share\prims\jni.cpp, line 1108]
Event: 5.604 Thread 0x000001f1c706f0d0 Exception <a 'java/lang/NoSuchMethodError'{0x000000062354edd8}: static [Ljavax/management/MBeanOperationInfo;.<clinit>()V> (0x000000062354edd8) 
thrown [s\open\src\hotspot\share\prims\jni.cpp, line 1108]
Event: 5.607 Thread 0x000001f1c706f0d0 Exception <a 'java/lang/NoSuchMethodError'{0x00000006235512c0}: 'java.lang.Object java.lang.invoke.DirectMethodHandle$Holder.invokeInterface(java.lang.Object, java.lang.Object, java.lang.Object, java.lang.Object, java.lang.Object)'> (0x00000006235512c0) 
thrown [s\open\src\hotspot\share\interpreter\linkResolver.cpp, line 805]
Event: 5.640 Thread 0x000001f1c706f0d0 Exception <a 'java/lang/NoSuchMethodError'{0x00000006235bd160}: 'int java.lang.invoke.DirectMethodHandle$Holder.invokeInterface(java.lang.Object, java.lang.Object, java.lang.Object, java.lang.Object)'> (0x00000006235bd160) 
thrown [s\open\src\hotspot\share\interpreter\linkResolver.cpp, line 805]
Event: 5.641 Thread 0x000001f1c706f0d0 Exception <a 'java/lang/NoSuchMethodError'{0x00000006235c5750}: 'int java.lang.invoke.DirectMethodHandle$Holder.invokeSpecial(java.lang.Object, java.lang.Object, java.lang.Object, java.lang.Object, java.lang.Object)'> (0x00000006235c5750) 
thrown [s\open\src\hotspot\share\interpreter\linkResolver.cpp, line 805]
Event: 5.642 Thread 0x000001f1c706f0d0 Exception <a 'java/lang/NoSuchMethodError'{0x00000006235cd920}: 'int java.lang.invoke.DelegatingMethodHandle$Holder.reinvoke_L(java.lang.Object, java.lang.Object, java.lang.Object, java.lang.Object)'> (0x00000006235cd920) 
thrown [s\open\src\hotspot\share\interpreter\linkResolver.cpp, line 805]
Event: 5.649 Thread 0x000001f1c706f0d0 Exception <a 'java/lang/NoSuchMethodError'{0x00000006235fac10}: 'long java.lang.invoke.DirectMethodHandle$Holder.invokeInterface(java.lang.Object, java.lang.Object)'> (0x00000006235fac10) 
thrown [s\open\src\hotspot\share\interpreter\linkResolver.cpp, line 805]
Event: 5.650 Thread 0x000001f1c706f0d0 Exception <a 'java/lang/NoSuchMethodError'{0x0000000623603110}: 'java.lang.Object java.lang.invoke.DirectMethodHandle$Holder.invokeStatic(java.lang.Object, long)'> (0x0000000623603110) 
thrown [s\open\src\hotspot\share\interpreter\linkResolver.cpp, line 805]
Event: 5.651 Thread 0x000001f1c706f0d0 Exception <a 'java/lang/NoSuchMethodError'{0x000000062360b170}: 'long java.lang.invoke.DelegatingMethodHandle$Holder.reinvoke_L(java.lang.Object, java.lang.Object)'> (0x000000062360b170) 
thrown [s\open\src\hotspot\share\interpreter\linkResolver.cpp, line 805]
Event: 5.668 Thread 0x000001f1c706f0d0 Exception <a 'java/lang/NoSuchMethodError'{0x00000006236468f0}: 'void java.lang.invoke.DirectMethodHandle$Holder.invokeStaticInit(java.lang.Object, java.lang.Object, java.lang.Object)'> (0x00000006236468f0) 
thrown [s\open\src\hotspot\share\interpreter\linkResolver.cpp, line 805]
Event: 5.707 Thread 0x000001f1c706f0d0 Exception <a 'java/lang/NoSuchMethodError'{0x00000006236582c0}: 'int java.lang.invoke.DirectMethodHandle$Holder.invokeStaticInit(java.lang.Object, java.lang.Object)'> (0x00000006236582c0) 
thrown [s\open\src\hotspot\share\interpreter\linkResolver.cpp, line 805]
Event: 6.735 Thread 0x000001f1c706f0d0 Exception <a 'java/lang/NoSuchMethodError'{0x00000006236982b0}: static [J.<clinit>()V> (0x00000006236982b0) 
thrown [s\open\src\hotspot\share\prims\jni.cpp, line 1108]
Event: 6.738 Thread 0x000001f1c706f0d0 Exception <a 'java/lang/NoSuchMethodError'{0x000000062369d078}: 'java.lang.Object java.lang.invoke.DirectMethodHandle$Holder.invokeInterface(java.lang.Object, java.lang.Object, java.lang.Object, int)'> (0x000000062369d078) 
thrown [s\open\src\hotspot\share\interpreter\linkResolver.cpp, line 805]
Event: 6.746 Thread 0x000001f1c706f0d0 Exception <a 'java/lang/NoSuchMethodError'{0x00000006236ca538}: 'int java.lang.invoke.DirectMethodHandle$Holder.invokeVirtual(java.lang.Object, java.lang.Object)'> (0x00000006236ca538) 
thrown [s\open\src\hotspot\share\interpreter\linkResolver.cpp, line 805]
Event: 6.770 Thread 0x000001f1c706f0d0 Exception <a 'java/lang/NoSuchMethodError'{0x00000006237e1da0}: static [Ljavax/management/openmbean/CompositeData;.<clinit>()V> (0x00000006237e1da0) 
thrown [s\open\src\hotspot\share\prims\jni.cpp, line 1108]
Event: 69.212 Thread 0x000001f1c1713660 Implicit null exception at 0x000001f1e4fa3c77 to 0x000001f1e4fa3d74
Event: 69.307 Thread 0x000001f1c1712070 Exception <a 'java/lang/IncompatibleClassChangeError'{0x00000006256b14f0}: Found class java.lang.Object, but interface was expected> (0x00000006256b14f0) 
thrown [s\open\src\hotspot\share\interpreter\linkResolver.cpp, line 872]
Event: 69.347 Thread 0x000001f1c1713660 Exception <a 'java/lang/VerifyError'{0x000000062540b2e8}: Stack map does not match the one at exception handler 21
Exception Details:
  Location:
    org/graalvm/visualvm/lib/jfluid/ConstructorTest.<init>()V @21: astore_1
  Reason:
    Current frame's flags are not assignable to stack map frame's.
  Current Frame:
    bci: @0
    flags: { flagThisUninit }
    locals: { uninitializedThis }
    stack: { 'java/lang/Throwable' }
  Stackmap Frame:
    bci: @21
    flags: { }
    locals: { top }
    stack: { 'ja
Event: 69.577 Thread 0x000001f1c1713660 Exception <a 'java/lang/NoSuchMethodError'{0x0000000625427eb8}: 'java.lang.Object java.lang.invoke.DelegatingMethodHandle$Holder.reinvoke_L(java.lang.Object, int, long, java.lang.Object, java.lang.Object, int, java.lang.Object)'> (0x0000000625427eb8) 
thrown [s\open\src\hotspot\share\interpreter\linkResolver.cpp, line 805]

VM Operations (20 events):
Event: 143.376 Executing VM operation: ThreadDump
Event: 143.376 Executing VM operation: ThreadDump done
Event: 144.380 Executing VM operation: ThreadDump
Event: 144.380 Executing VM operation: ThreadDump done
Event: 145.384 Executing VM operation: ThreadDump
Event: 145.384 Executing VM operation: ThreadDump done
Event: 146.391 Executing VM operation: ThreadDump
Event: 146.392 Executing VM operation: ThreadDump done
Event: 147.394 Executing VM operation: ThreadDump
Event: 147.395 Executing VM operation: ThreadDump done
Event: 147.401 Executing VM operation: FindDeadlocks
Event: 147.401 Executing VM operation: FindDeadlocks done
Event: 148.401 Executing VM operation: ThreadDump
Event: 148.401 Executing VM operation: ThreadDump done
Event: 149.406 Executing VM operation: ThreadDump
Event: 149.406 Executing VM operation: ThreadDump done
Event: 150.412 Executing VM operation: ThreadDump
Event: 150.412 Executing VM operation: ThreadDump done
Event: 151.418 Executing VM operation: ThreadDump
Event: 151.419 Executing VM operation: ThreadDump done

Memory protections (0 events):
No events

Nmethod flushes (0 events):
No events

Events (20 events):
Event: 102.408 Thread 0x000001f1f70420f0 Thread added: 0x000001f1c115b6f0
Event: 102.408 Thread 0x000001f1f70420f0 Thread added: 0x000001f1c7591220
Event: 102.408 Thread 0x000001f1f70420f0 Thread added: 0x000001f1c7590a90
Event: 103.314 Thread 0x000001f1c7590a90 Thread exited: 0x000001f1c7590a90
Event: 103.314 Thread 0x000001f1c7591220 Thread exited: 0x000001f1c7591220
Event: 104.346 Thread 0x000001f1c115b6f0 Thread exited: 0x000001f1c115b6f0
Event: 105.313 Thread 0x000001f1c115af60 Thread exited: 0x000001f1c115af60
Event: 106.310 Thread 0x000001f1c115d530 Thread exited: 0x000001f1c115d530
Event: 106.311 Thread 0x000001f1c115a7d0 Thread exited: 0x000001f1c115a7d0
Event: 119.363 Thread 0x000001f1f7031560 Thread added: 0x000001f1c75919b0
Event: 120.357 Thread 0x000001f1c75919b0 Thread exited: 0x000001f1c75919b0
Event: 120.362 Thread 0x000001f1f70420f0 Thread added: 0x000001f1c7590300
Event: 121.310 Thread 0x000001f1c7590300 Thread exited: 0x000001f1c7590300
Event: 133.330 Thread 0x000001f1f70420f0 Thread added: 0x000001f1c7590300
Event: 134.367 Thread 0x000001f1c7590300 Thread exited: 0x000001f1c7590300
Event: 134.372 Thread 0x000001f1f70420f0 Thread added: 0x000001f1c7590300
Event: 135.367 Thread 0x000001f1c7590300 Thread exited: 0x000001f1c7590300
Event: 151.517 Thread 0x000001f1d4a93370 Thread added: 0x000001f1c13caef0
Event: 151.517 Thread 0x000001f1d4a93370 Thread exited: 0x000001f1d4a93370
Event: 151.519 Thread 0x000001f1c13ca050 Thread added: 0x000001f1c13ca050


Dynamic libraries:
0x00007ff64b3c0000 - 0x00007ff64b3d0000 	C:\Program Files\Java\jdk-24\bin\java.exe
0x00007fffe7b60000 - 0x00007fffe7dc8000 	C:\WINDOWS\SYSTEM32\ntdll.dll
0x00007fffe6d70000 - 0x00007fffe6e39000 	C:\WINDOWS\System32\KERNEL32.DLL
0x00007fffe51d0000 - 0x00007fffe55c8000 	C:\WINDOWS\System32\KERNELBASE.dll
0x00007fffe57b0000 - 0x00007fffe58fb000 	C:\WINDOWS\System32\ucrtbase.dll
0x00007fffcefb0000 - 0x00007fffcefc6000 	C:\Program Files\Java\jdk-24\bin\jli.dll
0x00007fffbdd30000 - 0x00007fffbdd4b000 	C:\Program Files\Java\jdk-24\bin\VCRUNTIME140.dll
0x00007fffe6240000 - 0x00007fffe6407000 	C:\WINDOWS\System32\USER32.dll
0x00007fffca240000 - 0x00007fffca4d4000 	C:\WINDOWS\WinSxS\amd64_microsoft.windows.common-controls_6595b64144ccf1df_6.0.26100.7019_none_3e06ffa0e335b8a8\COMCTL32.dll
0x00007fffe4d60000 - 0x00007fffe4d87000 	C:\WINDOWS\System32\win32u.dll
0x00007fffe6210000 - 0x00007fffe623b000 	C:\WINDOWS\System32\GDI32.dll
0x00007fffe7a00000 - 0x00007fffe7aa9000 	C:\WINDOWS\System32\msvcrt.dll
0x00007fffe5680000 - 0x00007fffe57ac000 	C:\WINDOWS\System32\gdi32full.dll
0x00007fffe4cb0000 - 0x00007fffe4d53000 	C:\WINDOWS\System32\msvcp_win.dll
0x00007fffe79b0000 - 0x00007fffe79e1000 	C:\WINDOWS\System32\IMM32.DLL
0x00007fffdaf40000 - 0x00007fffdaf4c000 	C:\Program Files\Java\jdk-24\bin\vcruntime140_1.dll
0x00007fffad160000 - 0x00007fffad1ee000 	C:\Program Files\Java\jdk-24\bin\msvcp140.dll
0x00007fff35160000 - 0x00007fff35f02000 	C:\Program Files\Java\jdk-24\bin\server\jvm.dll
0x00007fffe5b00000 - 0x00007fffe5bb4000 	C:\WINDOWS\System32\ADVAPI32.dll
0x00007fffe65d0000 - 0x00007fffe6676000 	C:\WINDOWS\System32\sechost.dll
0x00007fffe5c10000 - 0x00007fffe5d28000 	C:\WINDOWS\System32\RPCRT4.dll
0x00007fffe5e40000 - 0x00007fffe5eb4000 	C:\WINDOWS\System32\WS2_32.dll
0x00007fffe37f0000 - 0x00007fffe384e000 	C:\WINDOWS\SYSTEM32\POWRPROF.dll
0x00007fffd8400000 - 0x00007fffd8435000 	C:\WINDOWS\SYSTEM32\WINMM.dll
0x00007fffd8350000 - 0x00007fffd835b000 	C:\WINDOWS\SYSTEM32\VERSION.dll
0x00007fffe38e0000 - 0x00007fffe38f4000 	C:\WINDOWS\SYSTEM32\UMPDC.dll
0x00007fffe3af0000 - 0x00007fffe3b0b000 	C:\WINDOWS\SYSTEM32\kernel.appcore.dll
0x00007fffdaed0000 - 0x00007fffdaeda000 	C:\Program Files\Java\jdk-24\bin\jimage.dll
0x00007fffe2400000 - 0x00007fffe2642000 	C:\WINDOWS\SYSTEM32\DBGHELP.DLL
0x00007fffe7620000 - 0x00007fffe79ab000 	C:\WINDOWS\System32\combase.dll
0x00007fffe6680000 - 0x00007fffe6757000 	C:\WINDOWS\System32\OLEAUT32.dll
0x00007fffcc320000 - 0x00007fffcc35c000 	C:\WINDOWS\SYSTEM32\dbgcore.DLL
0x00007fffe55d0000 - 0x00007fffe5675000 	C:\WINDOWS\System32\bcryptPrimitives.dll
0x00007fffbdd20000 - 0x00007fffbdd2f000 	C:\Program Files\Java\jdk-24\bin\instrument.dll
0x00007fffbab40000 - 0x00007fffbab5e000 	C:\Program Files\Java\jdk-24\bin\java.dll
0x00007fffe6430000 - 0x00007fffe65c7000 	C:\WINDOWS\System32\ole32.dll
0x00007fffe6e40000 - 0x00007fffe7591000 	C:\WINDOWS\System32\SHELL32.dll
0x00007fffe4fd0000 - 0x00007fffe513b000 	C:\WINDOWS\System32\wintypes.dll
0x00007fffe2890000 - 0x00007fffe30ed000 	C:\WINDOWS\SYSTEM32\windows.storage.dll
0x00007fffe5900000 - 0x00007fffe59f2000 	C:\WINDOWS\System32\SHCORE.dll
0x00007fffe75b0000 - 0x00007fffe7617000 	C:\WINDOWS\System32\shlwapi.dll
0x00007fffe4bd0000 - 0x00007fffe4bf9000 	C:\WINDOWS\SYSTEM32\profapi.dll
0x00007fffa52b0000 - 0x00007fffa5387000 	C:\Program Files\Java\jdk-24\bin\jsvml.dll
0x00007fffb7660000 - 0x00007fffb7677000 	C:\Program Files\Java\jdk-24\bin\zip.dll
0x00007fffbdd10000 - 0x00007fffbdd20000 	C:\Program Files\Java\jdk-24\bin\net.dll
0x00007fffe40a0000 - 0x00007fffe410b000 	C:\WINDOWS\system32\mswsock.dll
0x00007fffb7680000 - 0x00007fffb7696000 	C:\Program Files\Java\jdk-24\bin\nio.dll
0x00007fffbab30000 - 0x00007fffbab39000 	C:\Program Files\Java\jdk-24\bin\extnet.dll
0x00007fffb7650000 - 0x00007fffb765a000 	C:\Program Files\Java\jdk-24\bin\management.dll
0x00007fffb53f0000 - 0x00007fffb53fb000 	C:\Program Files\Java\jdk-24\bin\management_ext.dll
0x00007fffe7ab0000 - 0x00007fffe7ab8000 	C:\WINDOWS\System32\PSAPI.DLL
0x00007fff54d20000 - 0x00007fff54d38000 	C:\WINDOWS\system32\napinsp.dll
0x00007fffe35b0000 - 0x00007fffe36dc000 	C:\WINDOWS\SYSTEM32\DNSAPI.dll
0x00007fffe3570000 - 0x00007fffe35a4000 	C:\WINDOWS\SYSTEM32\IPHLPAPI.DLL
0x00007fffe6760000 - 0x00007fffe676a000 	C:\WINDOWS\System32\NSI.dll
0x00007fff54d40000 - 0x00007fff54d52000 	C:\WINDOWS\System32\winrnr.dll
0x00007fff5eef0000 - 0x00007fff5ef12000 	C:\WINDOWS\system32\nlansp_c.dll
0x00007fffdbf40000 - 0x00007fffdbf56000 	C:\WINDOWS\system32\wshbth.dll
0x00007fffdc1e0000 - 0x00007fffdc1eb000 	C:\Windows\System32\rasadhlp.dll
0x00007fffde210000 - 0x00007fffde296000 	C:\WINDOWS\System32\fwpuclnt.dll
0x00007fffe4490000 - 0x00007fffe44ab000 	C:\WINDOWS\SYSTEM32\CRYPTSP.dll
0x00007fffe3ab0000 - 0x00007fffe3aea000 	C:\WINDOWS\system32\rsaenh.dll
0x00007fffe4150000 - 0x00007fffe417b000 	C:\WINDOWS\SYSTEM32\USERENV.dll
0x00007fffe4ba0000 - 0x00007fffe4bca000 	C:\WINDOWS\SYSTEM32\bcrypt.dll
0x00007fffe42f0000 - 0x00007fffe42fc000 	C:\WINDOWS\SYSTEM32\CRYPTBASE.dll
0x00007fffc5ee0000 - 0x00007fffc5ef0000 	C:\Program Files\Java\jdk-24\bin\verify.dll
0x00007fffb4e50000 - 0x00007fffb4e5f000 	D:\visualvm_22\visualvm_22\visualvm\lib\deployed\jdk16\windows-amd64\profilerinterface.dll

dbghelp: loaded successfully - version: 4.0.5 - missing functions: none
symbol engine: initialized successfully - sym options: 0x614 - pdb path: .;C:\Program Files\Java\jdk-24\bin;C:\WINDOWS\SYSTEM32;C:\WINDOWS\WinSxS\amd64_microsoft.windows.common-controls_6595b64144ccf1df_6.0.26100.7019_none_3e06ffa0e335b8a8;C:\Program Files\Java\jdk-24\bin\server;D:\visualvm_22\visualvm_22\visualvm\lib\deployed\jdk16\windows-amd64

VM Arguments:
jvm_args: -javaagent:D:\IntelliJ IDEA Community Edition 2024.3.5\lib\idea_rt.jar=52289 -Dfile.encoding=UTF-8 -Dsun.stdout.encoding=UTF-8 -Dsun.stderr.encoding=UTF-8 -XX:+UnlockDiagnosticVMOptions -XX:+UnlockExperimentalVMOptions -DcompilerBlackholesEnabled=true -XX:CompileCommandFile=C:\Users\olga\AppData\Local\Temp\jmh1836538370963746167compilecommand 
java_command: org.openjdk.jmh.runner.ForkedMain 127.0.0.1 52292
java_class_path (initial): C:\Users\olga\IdeaProjects\BinarySearchTree\target\classes;C:\Users\olga\.m2\repository\org\openjdk\jmh\jmh-core\1.36\jmh-core-1.36.jar;C:\Users\olga\.m2\repository\net\sf\jopt-simple\jopt-simple\5.0.4\jopt-simple-5.0.4.jar;C:\Users\olga\.m2\repository\org\apache\commons\commons-math3\3.2\commons-math3-3.2.jar;C:\Users\olga\.m2\repository\org\openjdk\jmh\jmh-generator-annprocess\1.36\jmh-generator-annprocess-1.36.jar;C:\Users\olga\.m2\repository\org\apache\maven\plugins\maven-compiler-plugin\3.14.1\maven-compiler-plugin-3.14.1.jar;C:\Users\olga\.m2\repository\org\ow2\asm\asm\9.8\asm-9.8.jar;C:\Users\olga\.m2\repository\org\apache\maven\shared\maven-shared-utils\3.4.2\maven-shared-utils-3.4.2.jar;C:\Users\olga\.m2\repository\org\slf4j\slf4j-api\1.7.36\slf4j-api-1.7.36.jar;C:\Users\olga\.m2\repository\commons-io\commons-io\2.11.0\commons-io-2.11.0.jar;C:\Users\olga\.m2\repository\org\apache\maven\shared\maven-shared-incremental\1.1\maven-shared-incremental-1.1.jar;C:\Users\olga\.m2\repository\org\codehaus\plexus\plexus-java\1.5.0\plexus-java-1.5.0.jar;C:\Users\olga\.m2\repository\com\thoughtworks\qdox\qdox\2.2.0\qdox-2.2.0.jar;C:\Users\olga\.m2\repository\org\codehaus\plexus\plexus-compiler-api\2.15.0\plexus-compiler-api-2.15.0.jar;C:\Users\olga\.m2\repository\org\codehaus\plexus\plexus-compiler-manager\2.15.0\plexus-compiler-manager-2.15.0.jar;C:\Users\olga\.m2\repository\javax\inject\javax.inject\1\javax.inject-1.jar;C:\Users\olga\.m2\repository\org\codehaus\plexus\plexus-xml\3.0.0\plexus-xml-3.0.0.jar;C:\Users\olga\.m2\repository\org\codehaus\plexus\plexus-compiler-javac\2.15.0\plexus-compiler-javac-2.15.0.jar;C:\Users\olga\.m2\repository\org\codehaus\plexus\plexus-utils\4.0.2\plexus-utils-4.0.2.jar
Launcher Type: SUN_STANDARD

[Global flags]
     bool AOTInvokeDynamicLinking                  = false                                  {diagnostic} {ergonomic}
     intx CICompilerCount                          = 12                                        {product} {ergonomic}
    ccstr CompileCommandFile                       = C:\Users\olga\AppData\Local\Temp\jmh1836538370963746167compilecommand            {product} {command line}
     uint ConcGCThreads                            = 4                                         {product} {ergonomic}
     bool FlightRecorder                           = true                                      {product} {management}
     uint G1ConcRefinementThreads                  = 15                                        {product} {ergonomic}
     uint G1EagerReclaimRemSetThreshold            = 32                                   {experimental} {ergonomic}
   size_t G1HeapRegionSize                         = 4194304                                   {product} {ergonomic}
     uint G1RemSetArrayOfCardsEntries              = 32                                   {experimental} {ergonomic}
     uint G1RemSetHowlMaxNumBuckets                = 8                                    {experimental} {ergonomic}
     uint G1RemSetHowlNumBuckets                   = 8                                    {experimental} {ergonomic}
   size_t InitialHeapSize                          = 532676608                                 {product} {ergonomic}
   size_t MarkStackSize                            = 4194304                                   {product} {ergonomic}
   size_t MarkStackSizeMax                         = 536870912                                 {product} {ergonomic}
   size_t MaxHeapSize                              = 8493465600                                {product} {ergonomic}
   size_t MaxNewSize                               = 5096079360                                {product} {ergonomic}
   size_t MinHeapDeltaBytes                        = 4194304                                   {product} {ergonomic}
   size_t MinHeapSize                              = 8388608                                   {product} {ergonomic}
    uintx NonNMethodCodeHeapSize                   = 7602176                                {pd product} {ergonomic}
    uintx NonProfiledCodeHeapSize                  = 122093568                              {pd product} {ergonomic}
    uintx ProfiledCodeHeapSize                     = 121962496                              {pd product} {ergonomic}
    uintx ReservedCodeCacheSize                    = 251658240                              {pd product} {ergonomic}
     bool SegmentedCodeCache                       = true                                      {product} {ergonomic}
   size_t SoftMaxHeapSize                          = 8493465600                             {manageable} {ergonomic}
     bool UnlockDiagnosticVMOptions                = true                                   {diagnostic} {command line}
     bool UnlockExperimentalVMOptions              = true                                 {experimental} {command line}
     bool UseCompressedOops                        = true                           {product lp64_product} {ergonomic}
     bool UseG1GC                                  = true                                      {product} {ergonomic}
     bool UseLargePagesIndividualAllocation        = false                                  {pd product} {ergonomic}

Logging:
Log output configuration:
 #0: stdout all=warning uptime,level,tags foldmultilines=false
 #1: stderr all=off uptime,level,tags foldmultilines=false

Environment Variables:
JAVA_HOME=C:\Program Files\Java\jdk-17
PATH=C:\Program Files\Java\jdk-17\bin;C:\WINDOWS\system32;C:\WINDOWS;C:\WINDOWS\System32\Wbem;C:\WINDOWS\System32\WindowsPowerShell\v1.0\;C:\WINDOWS\System32\OpenSSH\;C:\Program Files\Git\cmd;C:\Program Files\Docker\Docker\resources\bin;C:\Program Files\nodejs\;D:\terraform;C:\Program Files\Oracle\VirtualBox;C:\python;D:\terraform;D:\terraform\terraform_1.12.1_windows_amd64\plugins\terraform-provider-yandex_v0.116.0.exe;C:\Users\olga\AppData\Roaming\terraform;C:\Users\olga\AppData\Local\Programs\Python\Python313;C:\Users\olga\AppData\Local\Programs\Python\Python313\Scripts;C:\Program Files\Kubernetes\Minikube;C:\Users\olga\AppData\Local\Microsoft\WindowsApps;C:\Program Files\Java\jdk-17\bin;C:\Users\olga\AppData\Roaming\npm;C:\Users\olga\AppData\Local\Programs\Microsoft VS Code\bin;C:\Users\olga\yandex-cloud\bin;D:\terraform;D:\terraform\terraform_1.12.1_windows_amd64\plugins\terraform-provider-yandex_v0.116.0.exe;C:\Users\olga\AppData\Roaming\terraform;C:\Users\olga\AppData\Local\Programs\Python\Python313;C:\Users\olga\AppData\Local\Programs\Python\Python313\Scripts;C:\Users\olga\AppData\Local\Microsoft\WinGet\Links;
USERNAME=olga
OS=Windows_NT
PROCESSOR_IDENTIFIER=Intel64 Family 6 Model 183 Stepping 1, GenuineIntel
TMP=C:\Users\olga\AppData\Local\Temp
TEMP=C:\Users\olga\AppData\Local\Temp




Periodic native trim disabled

---------------  S Y S T E M  ---------------

OS:
 Windows 11 , 64 bit Build 26100 (10.0.26100.7019)
OS uptime: 3 days 16:32 hours
Hyper-V role detected

CPU: total 20 (initial active 20) (10 cores per cpu, 2 threads per core) family 6 model 183 stepping 1 microcode 0x12b, cx8, cmov, fxsr, ht, mmx, 3dnowpref, sse, sse2, sse3, ssse3, sse4.1, sse4.2, popcnt, lzcnt, tsc, tscinvbit, avx, avx2, aes, erms, clmul, bmi1, bmi2, adx, sha, fma, vzeroupper, clflush, clflushopt, clwb, hv, serialize, rdtscp, rdpid, fsrm, gfni, f16c, cet_ibt, cet_ss
Processor Information for processor 0
  Max Mhz: 2600, Current Mhz: 2600, Mhz Limit: 2600
Processor Information for processor 1
  Max Mhz: 2600, Current Mhz: 2600, Mhz Limit: 2600
Processor Information for processor 2
  Max Mhz: 2600, Current Mhz: 2600, Mhz Limit: 2600
Processor Information for processor 3
  Max Mhz: 2600, Current Mhz: 2600, Mhz Limit: 2600
Processor Information for processor 4
  Max Mhz: 2600, Current Mhz: 2600, Mhz Limit: 2600
Processor Information for processor 5
  Max Mhz: 2600, Current Mhz: 2600, Mhz Limit: 2600
Processor Information for processor 6
  Max Mhz: 2600, Current Mhz: 2600, Mhz Limit: 2600
Processor Information for processor 7
  Max Mhz: 2600, Current Mhz: 2600, Mhz Limit: 2600
Processor Information for processor 8
  Max Mhz: 2600, Current Mhz: 2600, Mhz Limit: 2600
Processor Information for processor 9
  Max Mhz: 2600, Current Mhz: 2600, Mhz Limit: 2600
Processor Information for processor 10
  Max Mhz: 2600, Current Mhz: 2600, Mhz Limit: 2600
Processor Information for processor 11
  Max Mhz: 2600, Current Mhz: 2600, Mhz Limit: 2600
Processor Information for processor 12
  Max Mhz: 2600, Current Mhz: 1505, Mhz Limit: 2600
Processor Information for processor 13
  Max Mhz: 2600, Current Mhz: 1505, Mhz Limit: 2600
Processor Information for processor 14
  Max Mhz: 2600, Current Mhz: 1505, Mhz Limit: 2600
Processor Information for processor 15
  Max Mhz: 2600, Current Mhz: 1505, Mhz Limit: 2600
Processor Information for processor 16
  Max Mhz: 2600, Current Mhz: 1505, Mhz Limit: 2600
Processor Information for processor 17
  Max Mhz: 2600, Current Mhz: 1505, Mhz Limit: 2600
Processor Information for processor 18
  Max Mhz: 2600, Current Mhz: 1505, Mhz Limit: 2600
Processor Information for processor 19
  Max Mhz: 2600, Current Mhz: 1505, Mhz Limit: 2600

Memory: 4k page, system-wide physical 32387M (16670M free)
TotalPageFile size 34435M (AvailPageFile size 14959M)
current process WorkingSet (physical memory assigned to process): 255M, peak: 355M
current process commit charge ("private bytes"): 669M, peak: 783M

vm_info: Java HotSpot(TM) 64-Bit Server VM (24+36-3646) for windows-amd64 JRE (24+36-3646), built on 2025-02-06T00:20:43Z with MS VC++ 17.6 (VS2022)

END.
