#
# A fatal error has been detected by the Java Runtime Environment:
#
#  EXCEPTION_ACCESS_VIOLATION (0xc0000005) at pc=0x00007fff8aa6a47c, pid=5888, tid=17892
#
# JRE version: Java(TM) SE Runtime Environment (24.0+36) (build 24+36-3646)
# Java VM: Java HotSpot(TM) 64-Bit Server VM (24+36-3646, mixed mode, sharing, tiered, compressed oops, compressed class ptrs, g1 gc, windows-amd64)
# Problematic frame:
# V  [jvm.dll+0x42a47c]
#
# No core dump will be written. Minidumps are not enabled by default on client versions of Windows
#
# If you would like to submit a bug report, please visit:
#   https://bugreport.java.com/bugreport/crash.jsp
#

---------------  S U M M A R Y ------------

Command Line: -javaagent:D:\IntelliJ IDEA Community Edition 2024.3.5\lib\idea_rt.jar=58567 -Dfile.encoding=UTF-8 -Dsun.stdout.encoding=UTF-8 -Dsun.stderr.encoding=UTF-8 -XX:+UnlockDiagnosticVMOptions -XX:+UnlockExperimentalVMOptions -DcompilerBlackholesEnabled=true -XX:CompileCommandFile=C:\Users\olga\AppData\Local\Temp\jmh5656156353658456412compilecommand org.openjdk.jmh.runner.ForkedMain 127.0.0.1 58728

Host: 13th Gen Intel(R) Core(TM) i7-13650HX, 20 cores, 31G,  Windows 11 , 64 bit Build 26100 (10.0.26100.7019)
Time: Wed Nov 12 15:54:50 2025 RTZ 2 (s 11 , 64 bit Build 26100 (10.0.26100.7019) elapsed time: 153.833168 seconds (0d 0h 2m 33s)

---------------  T H R E A D  ---------------

Current thread (0x000001996542b8d0):  JavaThread "<no-name - thread is attaching>"        [_thread_in_vm, id=17892, stack(0x0000002788800000,0x0000002788900000) (1024K)]

Stack: [0x0000002788800000,0x0000002788900000],  sp=0x00000027888ff310,  free space=1020k
Native frames: (J=compiled Java code, j=interpreted, Vv=VM code, C=native code)
V  [jvm.dll+0x42a47c]  (no source info available)
V  [jvm.dll+0x4c941b]  (no source info available)
C  0x00000199104ec0f9  (no source info available)

The last pc belongs to native nmethod (printed below).
Java frames: (J=compiled Java code, j=interpreted, Vv=VM code)
J 3560  java.lang.Object.wait0(J)V java.base@24 (0 bytes) @ 0x00000199104ec16e [0x00000199104ec080+0x00000000000000ee]
J 3609 c1 java.lang.Object.wait(J)V java.base@24 (59 bytes) @ 0x0000019908dc5b64 [0x0000019908dc5880+0x00000000000002e4]
J 3468 c1 org.graalvm.visualvm.lib.jfluid.server.ProfilerServer.getLastResponse()Lorg/graalvm/visualvm/lib/jfluid/wireprotocol/Response; (68 bytes) @ 0x0000019908d535f4 [0x0000019908d53280+0x0000000000000374]
j  org.graalvm.visualvm.lib.jfluid.server.ProfilerInterface.firstTimeVMObjectAlloc(Ljava/lang/String;I)I+33
J 3442 c2 org.graalvm.visualvm.lib.jfluid.server.ProfilerRuntimeMemory.getClassId(Ljava/lang/Class;)I (139 bytes) @ 0x00000199104d7454 [0x00000199104d6b20+0x0000000000000934]
J 3799 c2 org.graalvm.visualvm.lib.jfluid.server.ProfilerRuntimeObjLiveness.traceObjAlloc(Ljava/lang/Object;C)V (255 bytes) @ 0x0000019910520eb8 [0x0000019910520b80+0x0000000000000338]
J 3457 c2 java.lang.Object.<init>()V java.base@24 (9 bytes) @ 0x00000199104da7d8 [0x00000199104da7a0+0x0000000000000038]
j  java.lang.Thread.<init>(Ljava/lang/ThreadGroup;Ljava/lang/String;ILjava/lang/Runnable;J)V+1 java.base@24
j  java.lang.Thread.<init>(Ljava/lang/ThreadGroup;Ljava/lang/String;)V+9 java.base@24
v  ~StubRoutines::call_stub 0x000001990fc30fcd

siginfo: EXCEPTION_ACCESS_VIOLATION (0xc0000005), writing address 0x0000000000000018


Registers:
RAX=0x0000000000000000, RBX=0x0000000000000191, RCX=0x0000000000000018, RDX=0x0000000000000044
RSP=0x00000027888ff310, RBP=0x00000027888ff3f0, RSI=0x000001996542b8d0, RDI=0x0000000000000191
R8 =0x0000000000000000, R9 =0x0000000000000018, R10=0x00000199104ec16e, R11=0x0000019908d53280
R12=0x0000000000000000, R13=0x0000000000000000, R14=0x00000027888ff501, R15=0x0000000000000000
RIP=0x00007fff8aa6a47c, EFLAGS=0x0000000000010246

XMM[0]=0x0000000000000000 0x0000000000000000
XMM[1]=0x0000000000000000 0x0000000000000000
XMM[2]=0x0000000000000000 0x0000000000000000
XMM[3]=0x0000000000000000 0x0000000000000000
XMM[4]=0x0000000000000000 0x0000000000000000
XMM[5]=0x0000000000000000 0x0000000000000000
XMM[6]=0x0000000000000000 0x0000000000000000
XMM[7]=0x0000000000000000 0x0000000000000000
XMM[8]=0x0000000000000000 0x0000000000000000
XMM[9]=0x0000000000000000 0x0000000000000000
XMM[10]=0x0000000000000000 0x0000000000000000
XMM[11]=0x0000000000000000 0x0000000000000000
XMM[12]=0x0000000000000000 0x0000000000000000
XMM[13]=0x0000000000000000 0x0000000000000000
XMM[14]=0x0000000000000000 0x0000000000000000
XMM[15]=0x0000000000000000 0x0000000000000000
  MXCSR=0x00001fa0


Register to memory mapping:

RAX=0x0 is null
RBX=0x0000000000000191 is an unknown value
RCX=0x0000000000000018 is an unknown value
RDX=0x0000000000000044 is an unknown value
RSP=0x00000027888ff310 is pointing into the stack for thread: 0x000001996542b8d0
RBP=0x00000027888ff3f0 is pointing into the stack for thread: 0x000001996542b8d0
RSI=0x000001996542b8d0 is a thread
RDI=0x0000000000000191 is an unknown value
R8 =0x0 is null
R9 =0x0000000000000018 is an unknown value
R10=0x00000199104ec16e is at entry_point+238 in (nmethod*)0x00000199104ebf88
Compiled method (n/a) 154021 3560     n 0       java.lang.Object::wait0 (native)
 total in heap  [0x00000199104ebf88,0x00000199104ec1e0] = 600
 relocation     [0x00000199104ec060,0x00000199104ec070] = 16
 main code      [0x00000199104ec080,0x00000199104ec1da] = 346
 stub code      [0x00000199104ec1da,0x00000199104ec1e0] = 6
R11=0x0000019908d53280 is at entry_point+0 in (nmethod*)0x0000019908d53108
Compiled method (c1) 154021 3468  s!   3       org.graalvm.visualvm.lib.jfluid.server.ProfilerServer::getLastResponse (68 bytes)
 total in heap  [0x0000019908d53108,0x0000019908d53aa8] = 2464
 relocation     [0x0000019908d531e0,0x0000019908d53268] = 136
 main code      [0x0000019908d53280,0x0000019908d53a28] = 1960
 stub code      [0x0000019908d53a28,0x0000019908d53a80] = 88
 oops           [0x0000019908d53a80,0x0000019908d53a88] = 8
 metadata       [0x0000019908d53a88,0x0000019908d53aa8] = 32
 immutable data [0x000001996b15bef0,0x000001996b15c078] = 392
 dependencies   [0x000001996b15bef0,0x000001996b15bf00] = 16
 nul chk table  [0x000001996b15bf00,0x000001996b15bf10] = 16
 handler table  [0x000001996b15bf10,0x000001996b15bf68] = 88
 scopes pcs     [0x000001996b15bf68,0x000001996b15c018] = 176
 scopes data    [0x000001996b15c018,0x000001996b15c078] = 96
R12=0x0 is null
R13=0x0 is null
R14=0x00000027888ff501 is pointing into the stack for thread: 0x000001996542b8d0
R15=0x0 is null

Top of Stack: (sp=0x00000027888ff310)
0x00000027888ff310:   000000063ae2dee0 0000000000000400   ...:............
0x00000027888ff320:   0000000600000018 000000064f000370   ........p..O....
0x00000027888ff330:   000001997e75e748 00007fff8ab0941b   H.u~............
0x00000027888ff340:   0000019900000010 0000000000000000   ................
0x00000027888ff350:   000001996542b8d0 00000027888ff2c0   ..Be........'...
0x00000027888ff360:   000001996542b8d0 00000027888ff548   ..Be....H...'...
0x00000027888ff370:   00000027888ff4d0 0000000000000000   ....'...........
0x00000027888ff380:   00000199668e1788 00000199104ec0f9   ...f......N.....
0x00000027888ff390:   00000199668debed 0000000000000180   ...f............
0x00000027888ff3a0:   00000027888ff3f0 000000063b77acc0   ....'.....w;....
0x00000027888ff3b0:   000000063b77acc0 00000199c75c5bdc   ..w;.....[\.....
0x00000027888ff3c0:   000000063b77d8e8 00000027888ff3f0   ..w;........'...
0x00000027888ff3d0:   000001996542b8d0 00000027888ff548   ..Be....H...'...
0x00000027888ff3e0:   00000027888ff4d0 0000000000000000   ....'...........
0x00000027888ff3f0:   00000027888ff518 0000019908dc5b64   ....'...d[......
0x00000027888ff400:   0000000000000018 000000063b77acc0   ..........w;....
0x00000027888ff410:   000000063b415ae8 0000000000000670   .ZA;....p.......
0x00000027888ff420:   00000027888ff450 000000064f0001d0   P...'......O....
0x00000027888ff430:   000001996694eaa0 00000027888ff4a8   ...f........'...
0x00000027888ff440:   fffffffffffffff7 00000199655f0bc2   .........._e....
0x00000027888ff450:   00000027888ff518 0000019908d535f4   ....'....5......
0x00000027888ff460:   00000027888ff4a8 000000063b77acc0   ....'.....w;....
0x00000027888ff470:   00000199668deca8 0000000000000000   ...f............
0x00000027888ff480:   00000006713083e8 000000063b415ae8   ..0q.....ZA;....
0x00000027888ff490:   0000000000000000 000000063b415ae8   .........ZA;....
0x00000027888ff4a0:   000000063b400430 000001990fc38800   0.@;............
0x00000027888ff4b0:   000000063b77acc0 000001990fc38800   ..w;............
0x00000027888ff4c0:   00000027888ff518 000001990fc3899a   ....'...........
0x00000027888ff4d0:   fffffffffffffff7 0000019966980699   ...........f....
0x00000027888ff4e0:   0000000000000006 0000019966984d18   .........M.f....
0x00000027888ff4f0:   00000199668e0bd0 000000063b400850   ...f....P.@;....
0x00000027888ff500:   0000019966980768 fffffffffffffff7   h..f............

Instructions: (pc=0x00007fff8aa6a47c)
  0x00007fff8aa6a37c:   cc cc cc cc 4c 8b c2 48 63 15 ae e4 86 00 48 ff
  0x00007fff8aa6a38c:   25 1f 45 80 00 cc cc cc cc cc cc cc cc cc cc cc
  0x00007fff8aa6a39c:   cc cc cc cc 4c 8b c2 48 63 15 4a e5 86 00 48 ff
  0x00007fff8aa6a3ac:   25 ff 44 80 00 cc cc cc cc cc cc cc cc cc cc cc
  0x00007fff8aa6a3bc:   cc cc cc cc 4c 8b c2 48 63 15 62 e5 86 00 48 ff
  0x00007fff8aa6a3cc:   25 df 44 80 00 cc cc cc cc cc cc cc cc cc cc cc
  0x00007fff8aa6a3dc:   cc cc cc cc 4c 8b c2 48 63 15 66 e5 86 00 48 ff
  0x00007fff8aa6a3ec:   25 bf 44 80 00 cc cc cc cc cc cc cc cc cc cc cc
  0x00007fff8aa6a3fc:   cc cc cc cc 4c 8b c2 48 63 15 fe e4 86 00 48 ff
  0x00007fff8aa6a40c:   25 9f 44 80 00 cc cc cc cc cc cc cc cc cc cc cc
  0x00007fff8aa6a41c:   cc cc cc cc 48 63 05 fd e4 86 00 89 14 08 c3 cc
  0x00007fff8aa6a42c:   cc cc cc cc 48 63 05 0d e5 86 00 89 14 08 c3 cc
  0x00007fff8aa6a43c:   cc cc cc cc 48 63 05 b9 e4 86 00 89 14 08 c3 cc
  0x00007fff8aa6a44c:   cc cc cc cc 44 8b c2 8b 15 5f e4 86 00 e9 42 03
  0x00007fff8aa6a45c:   2f 00 cc cc 40 53 48 83 ec 20 8b da 48 63 15 cd
  0x00007fff8aa6a46c:   e3 86 00 ff 15 73 36 80 00 48 63 0d 18 e4 86 00
=>0x00007fff8aa6a47c:   89 1c 01 48 83 c4 20 5b c3 cc cc cc cc cc cc cc
  0x00007fff8aa6a48c:   cc cc cc cc 48 63 05 31 e4 86 00 48 89 14 08 c3
  0x00007fff8aa6a49c:   cc cc cc cc 48 63 05 a5 e4 86 00 c6 04 08 01 c3
  0x00007fff8aa6a4ac:   cc cc cc cc 4c 8b c2 48 63 15 b2 e5 86 00 48 ff
  0x00007fff8aa6a4bc:   25 ef 43 80 00 cc cc cc cc cc cc cc cc cc cc cc
  0x00007fff8aa6a4cc:   cc cc cc cc 4c 8b c2 48 63 15 1a e5 86 00 48 ff
  0x00007fff8aa6a4dc:   25 cf 43 80 00 cc cc cc cc cc cc cc cc cc cc cc
  0x00007fff8aa6a4ec:   cc cc cc cc 4c 8b c2 48 63 15 46 e4 86 00 48 ff
  0x00007fff8aa6a4fc:   25 af 43 80 00 cc cc cc cc cc cc cc cc cc cc cc
  0x00007fff8aa6a50c:   cc cc cc cc 48 83 ec 48 48 8b 0d 65 f1 8b 00 48
  0x00007fff8aa6a51c:   8d 05 66 88 62 00 48 89 44 24 20 48 8d 54 24 20
  0x00007fff8aa6a52c:   8b 05 2e af 89 00 89 44 24 2c 0f b6 05 5a d2 86
  0x00007fff8aa6a53c:   00 88 44 24 31 8b 05 1d b5 85 00 89 44 24 34 c7
  0x00007fff8aa6a54c:   44 24 28 08 00 00 00 c6 44 24 30 00 e8 d3 3b fd
  0x00007fff8aa6a55c:   ff 48 83 c4 48 c3 cc cc cc cc cc cc cc cc cc cc
  0x00007fff8aa6a56c:   cc cc cc cc 4c 8b c2 8b 15 87 e4 86 00 e9 d2 f8


Stack slot to memory mapping:

stack at sp + 0 slots: 0x000000063ae2dee0 is an oop: [B 
{0x000000063ae2dee0} - klass: {type array byte} - flags: is_cloneable_fast 

 - length: 1024
 -   0: 2  
 -   1: 2a *
 -   2: 0  
 -   3: 10  
 -   4: 6a j
 -   5: 61 a
 -   6: 76 v
 -   7: 61 a
 -   8: 2e .
 -   9: 6c l
 -  10: 61 a
 -  11: 6e n
 -  12: 67 g
 -  13: 2e .
 -  14: 54 T
 -  15: 68 h
 -  16: 72 r
 -  17: 65 e
 -  18: 61 a
 -  19: 64 d
 -  20: 0  
 -  21: 0  
 -  22: 0  
 -  23: 0  
 -  24: 68 h
 -  25: 6f o
 -  26: 64 d
 -  27: 54 T
 -  28: 79 y
 -  29: 70 p
 -  30: 65 e
 -  31: 46 F
 -  32: 6f o
 -  33: 72 r
 -  34: 6d m
 -  35: 0  
 -  36: 0  
 -  37: 0  
 -  38: 0  
 -  39: 65 e
 -  40: 63 c
 -  41: 74 t
 -  42: 6f o
 -  43: 72 r
 -  44: 0  
 -  45: 0  
 -  46: 0  
 -  47: 0  
 -  48: 0  
 -  49: 63 c
 -  50: 63 c
 -  51: 65 e
 -  52: 73 s
 -  53: 73 s
 -  54: 6f o
 -  55: 72 r
 -  56: 0  
 -  57: 0  
 -  58: 0  
 -  59: 0  
 -  60: 0  
 -  61: 0  
 -  62: 0  
 -  63: 0  
 -  64: 0  
 -  65: 2  
 -  66: ffffffc2  
 -  67: ffffffca  
 -  68: fffffffe  
 -  69: ffffffba  
 -  70: ffffffbe  
 -  71: 0  
 -  72: 0  
 -  73: 0  
 -  74: 34 4
 -  75: 0  
 -  76: 1e  
 -  77: a  
 -  78: 0  
 -  79: 4  
 -  80: 0  
 -  81: 18  
 -  82: 9  
 -  83: 0  
 -  84: 3  
 -  85: 0  
 -  86: 19  
 -  87: 7  
 -  88: 0  
 -  89: 1a  
 -  90: 7  
 -  91: 0  
 -  92: 1b  
 -  93: 7  
 -  94: 0  
 -  95: 1c  
 -  96: 1  
 -  97: 0  
 -  98: 10  
 -  99: 73 s
 - 100: 65 e
 - 101: 72 r
 - 102: 69 i
 - 103: 61 a
 - 104: 6c l
 - 105: 56 V
 - 106: 65 e
 - 107: 72 r
 - 108: 73 s
 - 109: 69 i
 - 110: 6f o
 - 111: 6e n
 - 112: 55 U
 - 113: 49 I
 - 114: 44 D
 - 115: 1  
 - 116: 0  
 - 117: 1  
 - 118: 4a J
 - 119: 1  
 - 120: 0  
 - 121: d  
 - 122: 43 C
 - 123: 6f o
 - 124: 6e n
 - 125: 73 s
 - 126: 74 t
 - 127: 61 a
 - 128: 6e n
 - 129: 74 t
 - 130: 56 V
 - 131: 61 a
 - 132: 6c l
 - 133: 75 u
 - 134: 65 e
 - 135: 5  
 - 136: ffffffb1  
 - 137: ffffffe8  
 - 138: ffffff92  
 - 139: ffffff9d  
 - 140: 6  
 - 141: ffffff94  
 - 142: ffffff8a  
 - 143: ffffffd0  
 - 144: 1  
 - 145: 0  
 - 146: 2  
 - 147: 6d m
 - 148: 64 d
 - 149: 1  
 - 150: 0  
 - 151: 31 1
 - 152: 4c L
 - 153: 6f o
 - 154: 72 r
 - 155: 67 g
 - 156: 2f /
 - 157: 6f o
 - 158: 70 p
 - 159: 65 e
 - 160: 6e n
 - 161: 6a j
 - 162: 64 d
 - 163: 6b k
 - 164: 2f /
 - 165: 6a j
 - 166: 6d m
 - 167: 68 h
 - 168: 2f /
 - 169: 72 r
 - 170: 65 e
 - 171: 73 s
 - 172: 75 u
 - 173: 6c l
 - 174: 74 t
 - 175: 73 s
 - 176: 2f /
 - 177: 42 B
 - 178: 65 e
 - 179: 6e n
 - 180: 63 c
 - 181: 68 h
 - 182: 6d m
 - 183: 61 a
 - 184: 72 r
 - 185: 6b k
 - 186: 52 R
 - 187: 65 e
 - 188: 73 s
 - 189: 75 u
 - 190: 6c l
 - 191: 74 t
 - 192: 4d M
 - 193: 65 e
 - 194: 74 t
 - 195: 61 a
 - 196: 44 D
 - 197: 61 a
 - 198: 74 t
 - 199: 61 a
 - 200: 3b ;
 - 201: 1  
 - 202: 0  
 - 203: 6  
 - 204: 3c <
 - 205: 69 i
 - 206: 6e n
 - 207: 69 i
 - 208: 74 t
 - 209: 3e >
 - 210: 1  
 - 211: 0  
 - 212: 34 4
 - 213: 28 (
 - 214: 4c L
 - 215: 6f o
 - 216: 72 r
 - 217: 67 g
 - 218: 2f /
 - 219: 6f o
 - 220: 70 p
 - 221: 65 e
 - 222: 6e n
 - 223: 6a j
 - 224: 64 d
 - 225: 6b k
 - 226: 2f /
 - 227: 6a j
 - 228: 6d m
 - 229: 68 h
 - 230: 2f /
 - 231: 72 r
 - 232: 65 e
 - 233: 73 s
 - 234: 75 u
 - 235: 6c l
 - 236: 74 t
 - 237: 73 s
 - 238: 2f /
 - 239: 42 B
 - 240: 65 e
 - 241: 6e n
 - 242: 63 c
 - 243: 68 h
 - 244: 6d m
 - 245: 61 a
 - 246: 72 r
 - 247: 6b k
 - 248: 52 R
 - 249: 65 e
 - 250: 73 s
 - 251: 75 u
 - 252: 6c l
 - 253: 74 t
 - 254: 4d M
 - 255: 65 e
 - <768 more elements, increase MaxElementPrintSize to print>
stack at sp + 1 slots: 0x0000000000000400 is an unknown value
stack at sp + 2 slots: 0x0000000600000018 is an unknown value
stack at sp + 3 slots: 0x000000064f000370 is an oop: java.nio.DirectByteBuffer 
{0x000000064f000370} - klass: 'java/nio/DirectByteBuffer' - flags: 

 - ---- fields (total size 8 words):
 - private 'mark' 'I' @12  -1 (0xffffffff)
 - 'address' 'J' @16  1758338607856 (0x000001996525eaf0)
 - private 'position' 'I' @24  24 (0x00000018)
 - private 'limit' 'I' @28  24 (0x00000018)
 - private final 'capacity' 'I' @32  24 (0x00000018)
 - final 'segment' 'Ljava/lang/foreign/MemorySegment;' @36  null (0x00000000)
 - final 'offset' 'I' @40  0 (0x00000000)
 - 'isReadOnly' 'Z' @44  false (0x00)
 - 'bigEndian' 'Z' @45  true (0x01)
 - 'nativeByteOrder' 'Z' @46  false (0x00)
 - final 'hb' '[B' @48  null (0x00000000)
 - private final 'isSync' 'Z' @47  false (0x00)
 - private final 'fd' 'Ljava/io/FileDescriptor;' @52  null (0x00000000)
 - private final 'att' 'Ljava/lang/Object;' @56  null (0x00000000)
 - private final 'cleaner' 'Ljdk/internal/ref/Cleaner;' @60  null (0x00000000)
stack at sp + 4 slots: 0x000001997e75e748 points into unknown readable memory: 0x000000063b77acc0 | c0 ac 77 3b 06 00 00 00
stack at sp + 5 slots: 0x00007fff8ab0941b jvm.dll
stack at sp + 6 slots: 0x0000019900000010 points into unknown readable memory: 0x00097f55000075f3 | f3 75 00 00 55 7f 09 00
stack at sp + 7 slots: 0x0 is null

Lock stack of current Java thread (top to bottom):
LockStack[0]: java.lang.Class 
{0x000000063b400430} - klass: 'java/lang/Class' - flags: 

 - ---- fields (total size 38 words):
 - private volatile transient 'classRedefinedCount' 'I' @12  1 (0x00000001)
 - injected 'klass' 'J' @16  1757263358296 (0x00000199250ee958)
 - injected 'array_klass' 'J' @24  0 (0x0000000000000000)
 - injected 'oop_size' 'I' @32  38 (0x00000026)
 - injected 'static_oop_field_count' 'I' @36  39 (0x00000027)
 - private volatile transient 'cachedConstructor' 'Ljava/lang/reflect/Constructor;' @40  null (0x00000000)
 - private transient 'name' 'Ljava/lang/String;' @44  "org.graalvm.visualvm.lib.jfluid.server.ProfilerServer"{0x000000063b77d0a8} (0xc76efa15)
 - private transient 'module' 'Ljava/lang/Module;' @48  a 'java/lang/Module'{0x0000000605d56c20} (0xc0baad84)
 - private final 'classLoader' 'Ljava/lang/ClassLoader;' @52  null (0x00000000)
 - private transient 'classData' 'Ljava/lang/Object;' @56  null (0x00000000)
 - private transient 'signers' '[Ljava/lang/Object;' @60  null (0x00000000)
 - private transient 'packageName' 'Ljava/lang/String;' @64  null (0x00000000)
 - private final 'componentType' 'Ljava/lang/Class;' @68  null (0x00000000)
 - private volatile transient 'reflectionData' 'Ljava/lang/ref/SoftReference;' @72  null (0x00000000)
 - private volatile transient 'genericInfo' 'Lsun/reflect/generics/repository/ClassRepository;' @76  null (0x00000000)
 - private volatile transient 'enumConstants' '[Ljava/lang/Object;' @80  null (0x00000000)
 - private volatile transient 'enumConstantDirectory' 'Ljava/util/Map;' @84  null (0x00000000)
 - private volatile transient 'annotationData' 'Ljava/lang/Class$AnnotationData;' @88  null (0x00000000)
 - private volatile transient 'annotationType' 'Lsun/reflect/annotation/AnnotationType;' @92  null (0x00000000)
 - transient 'classValueMap' 'Ljava/lang/ClassValue$ClassValueMap;' @96  null (0x00000000)
 - injected 'protection_domain' 'Ljava/lang/Object;' @100  null (0x00000000)
 - injected 'source_file' 'Ljava/lang/Object;' @104  "ProfilerServer.java"{0x000000063b77d090} (0xc76efa12)
 - injected '<init_lock>' 'Ljava/lang/Object;' @108  null (0x00000000)
 - signature: Lorg/graalvm/visualvm/lib/jfluid/server/ProfilerServer;
 - ---- static fields (39):
 - private static 'messages' 'Ljava/util/ResourceBundle;' @112  a 'java/util/PropertyResourceBundle'{0x000000063b779470} (0xc76ef28e)
 - private static 'ENTER_TO_SHUTDOWN_MSG' 'Ljava/lang/String;' @116  "Press ENTER to shut down the target JVM..."{0x000000063b779770} (0xc76ef2ee)
 - private static 'MAIN_CLASS_NOT_PUBLIC_MSG' 'Ljava/lang/String;' @120  "Main class {0} is not public.\x0AProfiler can not start it"{0x000000063b779d60} (0xc76ef3ac)
 - private static 'INCORRECT_MAIN_MODIFIERS_MSG' 'Ljava/lang/String;' @124  "Method {0}.main(String args[]) has incorrect modifiers"{0x000000063b779c00} (0xc76ef380)
 - private static 'UNEXPECTED_EXCEPTION_MSG' 'Ljava/lang/String;' @128  "Target application threw an unexpected exception: {0}"{0x000000063b779d10} (0xc76ef3a2)
 - private static 'ELAPSED_TIME_MSG' 'Ljava/lang/String;' @132  "Main application thread elapsed time: {0} ms."{0x000000063b779c50} (0xc76ef38a)
 - private static 'CONNECTION_MSG' 'Ljava/lang/String;' @136  "Profiler Agent: Established connection with the tool"{0x000000063b779bb0} (0xc76ef376)
 - private static 'WAITING_ON_PORT_MSG' 'Ljava/lang/String;' @140  "Profiler Agent: Waiting for connection on port {0} (Protocol version: {1})"{0x000000063b77a198} (0xc76ef433)
 - private static 'WAITING_ON_PORT_TIMEOUT_MSG' 'Ljava/lang/String;' @144  "Profiler Agent: Waiting for connection on port {0}, timeout {1} seconds (Protocol version: {2})"{0x000000063b779698} (0xc76ef2d3)
 - private static 'CONNECTION_EXCEPTION_MSG' 'Ljava/lang/String;' @148  "Profiler Agent Error: Exception when trying to establish connection with client:\x0A{0}"{0x000000063b779720} (0xc76ef2e4)
 - private static 'CONNECTION_EXCEPTION_BIND_MSG' 'Ljava/lang/String;' @152  "Profiler Agent Error: Make sure the previously profiled process has been fully terminated"{0x000000063b779920} (0xc76ef324)
 - private static 'CONNECTION_TIMEOUT_MSG' 'Ljava/lang/String;' @156  "Profiler Agent Error: Timed out trying to establish connection with client"{0x000000063b779648} (0xc76ef2c9)
 - private static 'AGENT_ERROR_MSG' 'Ljava/lang/String;' @160  "Profiler Agent Error: {0}"{0x000000063b779970} (0xc76ef32e)
 - private static 'CONNECTION_INTERRUPTED_MSG' 'Ljava/lang/String;' @164  "Profiler Agent Error: Connection with client interrupted"{0x000000063b779ea8} (0xc76ef3d5)
 - private static 'COMMAND_EXCEPTION_MSG' 'Ljava/lang/String;' @168  "Profiler Agent Error: Exception when handling command from client:\x0A{0}"{0x000000063b77a110} (0xc76ef422)
 - private static 'RESPONSE_EXCEPTION_MSG' 'Ljava/lang/String;' @172  "Profiler Agent Error: Exception when trying to send response or command to client:\x0A{0}"{0x000000063b779e20} (0xc76ef3c4)
 - private static 'CONNECTION_CLOSED_MSG' 'Ljava/lang/String;' @176  "Profiler Agent: Connection with agent closed"{0x000000063b779810} (0xc76ef302)
 - private static 'CONNECTION_CLOSED_EX_MSG' 'Ljava/lang/String;' @180  "Profiler Agent: Connection with agent closed (ProfilingSessionStatus was null)"{0x000000063b77a038} (0xc76ef407)
 - private static 'INCORRECT_AGENT_ID_MSG' 'Ljava/lang/String;' @184  "Profiler Agent Warning: Wrong agentId specified: {0}"{0x000000063b779a68} (0xc76ef34d)
 - private static 'THREAD_EXCEPTION_MSG' 'Ljava/lang/String;' @188  "Profiler Agent Error: Exception in executeInSeparateThread()"{0x000000063b7797c0} (0xc76ef2f8)
 - private static 'THREAD_WAIT_EXCEPTION_MSG' 'Ljava/lang/String;' @192  "Profiler Agent Error: Exception in wait in SeparateCmdExecutionThread"{0x000000063b779ef8} (0xc76ef3df)
 - private static 'LOCAL_SESSION_MSG' 'Ljava/lang/String;' @196  "Profiler Agent: Local accelerated session"{0x000000063b77a088} (0xc76ef411)
 - private static 'REMOTE_SESSION_MSG' 'Ljava/lang/String;' @200  "Profiler Agent: Standard session"{0x000000063b779f48} (0xc76ef3e9)
 - public static final 'ATTACH_DYNAMIC' 'I' @268  0 (0x00000000)
 - public static final 'ATTACH_DIRECT' 'I' @272  1 (0x00000001)
 - private static volatile 'profilerInterfaceInitialized' 'Z' @292  true (0x01)
 - private static volatile 'connectionOpen' 'Z' @293  true (0x01)
 - private static volatile 'connectionFailed' 'Z' @294  false (0x00)
 - private static volatile 'detachCommandReceived' 'Z' @295  false (0x00)
 - private static 'profilerServer' 'Lorg/graalvm/visualvm/lib/jfluid/server/ProfilerServer;' @204  a 'org/graalvm/visualvm/lib/jfluid/server/ProfilerServer'{0x000000063b415ae8} (0xc7682b5d)
 - private static 'status' 'Lorg/graalvm/visualvm/lib/jfluid/global/ProfilingSessionStatus;' @208  a 'org/graalvm/visualvm/lib/jfluid/global/ProfilingSessionStatus'{0x000000063b77d0c0} (0xc76efa18)
 - private static volatile 'startTargetApp' 'Z' @296  false (0x00)
 - private static volatile 'targetAppMainThreadComplete' 'Z' @297  false (0x00)
 - private static volatile 'startupException' 'Ljava/lang/Exception;' @212  null (0x00000000)
 - private static final 'targetAppRunningLock' 'Ljava/lang/Object;' @216  a 'java/lang/Object'{0x000000063b77d200} (0xc76efa40)
 - private static 'mainThread' 'Ljava/lang/Thread;' @220  null (0x00000000)
 - private static 'separateCmdExecutionThread' 'Lorg/graalvm/visualvm/lib/jfluid/server/ProfilerServer$SeparateCmdExecutionThread;' @224  a 'org/graalvm/visualvm/lib/jfluid/server/ProfilerServer$SeparateCmdExecutionThread'{0x000000063b4003b8} (0xc7680077)
 - private static 'shutdownWaitThread' 'Lorg/graalvm/visualvm/lib/jfluid/server/ProfilerServer$ShutdownWaitThread;' @228  a 'org/graalvm/visualvm/lib/jfluid/server/ProfilerServer$ShutdownWaitThread'{0x000000063b41eb60} (0xc7683d6c)
 - static final 'execInSeparateThreadLock' 'Ljava/lang/Object;' @232  a 'java/lang/Object'{0x000000063b400580} (0xc76800b0)
 - static 'execInSeparateThreadOpCode' 'I' @276  40 (0x00000028)
 - private static volatile 'preemptExit' 'Z' @298  true (0x01)
 - private static 'shutdownOK' 'Z' @299  false (0x00)
 - private static final 'shutdownLock' 'Ljava/lang/Object;' @236  a 'java/lang/Object'{0x000000063b77d210} (0xc76efa42)
 - private static final 'resultsNotifiedLock' 'Ljava/lang/Object;' @240  a 'java/lang/Object'{0x000000063b797cf8} (0xc76f2f9f)
 - private static 'resultsNotified' 'Z' @300  true (0x01)
 - private static 'resourcesInitialized' 'Z' @301  true (0x01)
 - private static '_fullJFluidPath' 'Ljava/lang/String;' @244  "D:\visualvm_22\visualvm_22\visualvm\lib"{0x000000063b77d220} (0xc76efa44)
 - private static '_portNo' 'I' @280  5140 (0x00001414)
 - private static '_activateCode' 'I' @284  0 (0x00000000)
 - private static '_timeOut' 'I' @288  0 (0x00000000)
 - private static 'lastResponse' 'Lorg/graalvm/visualvm/lib/jfluid/wireprotocol/Response;' @248  null (0x00000000)
 - private static final 'responseLock' 'Ljava/lang/Object;' @252  a 'java/lang/Object'{0x000000063b77acc0} (0xc76ef598)
 - static synthetic 'array$Ljava$lang$String' 'Ljava/lang/Class;' @256  null (0x00000000)
 - static synthetic 'class$java$lang$Class' 'Ljava/lang/Class;' @260  null (0x00000000)
 - static synthetic 'class$java$lang$ClassLoader' 'Ljava/lang/Class;' @264  null (0x00000000)


Compiled method (n/a) 154112 3560     n 0       java.lang.Object::wait0 (native)
 total in heap  [0x00000199104ebf88,0x00000199104ec1e0] = 600
 relocation     [0x00000199104ec060,0x00000199104ec070] = 16
 main code      [0x00000199104ec080,0x00000199104ec1da] = 346
 stub code      [0x00000199104ec1da,0x00000199104ec1e0] = 6

[Constant Pool (empty)]

[MachCode]
[Entry Point]
  # {method} {0x00000199668dbf18} 'wait0' '(J)V' in 'java/lang/Object'
  # this:     rdx:rdx   = 'java/lang/Object'
  # parm0:    r8:r8     = long
  #           [sp+0x70]  (sp of caller)
  0x00000199104ec080: 6690 448b | 5208 443b 

  0x00000199104ec088: ;   {runtime_call Shared Runtime ic_miss_blob}
  0x00000199104ec088: 5008 0f85 | d026 79ff 
[Verified Entry Point]
  0x00000199104ec090: 8984 2400 | 80ff ff55 | 488b ec48 | 83ec 6090 | 4181 7f20 | 0100 0000 

  0x00000199104ec0a8: ;   {runtime_call StubRoutines (final stubs)}
  0x00000199104ec0a8: 7405 e851 | 9877 ff48 | 8954 2420 | 4883 fa00 | 488d 5424 | 2048 0f44 | 5424 204c | 8d15 a400 
  0x00000199104ec0c8: 0000 4d89 | 97b0 0300 | 00c5 f877 | 4989 a7a8 | 0300 0049 | 8d8f c803 | 0000 41c7 | 8754 0400 
  0x00000199104ec0e8: 0004 0000 

  0x00000199104ec0ec: ;   {runtime_call}
  0x00000199104ec0ec: 0048 b8d0 | 92b0 8aff | 7f00 00ff | d0c5 f877 | 41c7 8754 | 0400 0005 | 0000 00f0 | 8344 24c0 
  0x00000199104ec10c: 0049 3b6f | 280f 870e | 0000 0041 | 83bf 5004 | 0000 000f | 8423 0000 | 00c5 f877 | 498b cf4c 
  0x00000199104ec12c: 8be4 4883 | ec20 4883 

  0x00000199104ec134: ;   {runtime_call}
  0x00000199104ec134: e4f0 48b8 | c0ba a68a | ff7f 0000 | ffd0 498b | e44d 33e4 | 41c7 8754 | 0400 0008 | 0000 004d 
  0x00000199104ec154: 8b97 7005 | 0000 4983 | fa00 740e | 49c7 8770 | 0500 0000 | 0000 0041 | ffe2 4183 | bfd0 0400 
  0x00000199104ec174: 0002 0f84 | 3c00 0000 | 49c7 87a8 | 0300 0000 | 0000 0049 | c787 b003 | 0000 0000 | 0000 c5f8 
  0x00000199104ec194: 7749 8b8f | 3804 0000 | c781 0001 | 0000 0000 | 0000 c949 | 837f 0800 | 0f85 0100 

  0x00000199104ec1b0: ;   {runtime_call StubRoutines (initial stubs)}
  0x00000199104ec1b0: 0000 c3e9 | 084d 74ff | c5f8 774c | 8be4 4883 | ec20 4883 

  0x00000199104ec1c4: ;   {runtime_call}
  0x00000199104ec1c4: e4f0 48b8 | 6058 de8a | ff7f 0000 | ffd0 498b | e44d 33e4 | eba2 f4f4 | f4f4 f4f4 
[/MachCode]


Compiled method (c1) 154121 3609   !   3       java.lang.Object::wait (59 bytes)
 total in heap  [0x0000019908dc5708,0x0000019908dc5e08] = 1792
 relocation     [0x0000019908dc57e0,0x0000019908dc5868] = 136
 main code      [0x0000019908dc5880,0x0000019908dc5d98] = 1304
 stub code      [0x0000019908dc5d98,0x0000019908dc5df8] = 96
 metadata       [0x0000019908dc5df8,0x0000019908dc5e08] = 16
 immutable data [0x00000199656cbc00,0x00000199656cbd48] = 328
 dependencies   [0x00000199656cbc00,0x00000199656cbc08] = 8
 nul chk table  [0x00000199656cbc08,0x00000199656cbc18] = 16
 handler table  [0x00000199656cbc18,0x00000199656cbc30] = 24
 scopes pcs     [0x00000199656cbc30,0x00000199656cbce0] = 176
 scopes data    [0x00000199656cbce0,0x00000199656cbd48] = 104

[Constant Pool (empty)]

[MachCode]
[Instructions begin]
  0x0000019908dc5880: 6666 660f | 1f84 0000 | 0000 0066 | 6666 9066 | 6690 448b | 5208 443b 

  0x0000019908dc5898: ;   {runtime_call Shared Runtime ic_miss_blob}
  0x0000019908dc5898: 5008 0f85 | c08e eb06 
[Verified Entry Point]
  0x0000019908dc58a0: 8984 2400 | 80ff ff55 | 4883 ec50 | 4181 7f20 | 0100 0000 

  0x0000019908dc58b4: ;   {runtime_call StubRoutines (final stubs)}
  0x0000019908dc58b4: 7405 e845 

  0x0000019908dc58b8: ;   {metadata(method data for {method} {0x00000199668dbe80} 'wait' '(J)V' in 'java/lang/Object')}
  0x0000019908dc58b8: 00ea 0648 | be88 178e | 6699 0100 | 008b becc | 0000 0083 | c702 89be | cc00 0000 | 81e7 fe07 
  0x0000019908dc58d8: 0000 85ff | 0f84 0404 | 0000 498b | f0bf 0000 | 0000 483b 

  0x0000019908dc58ec: ;   {metadata(method data for {method} {0x00000199668dbe80} 'wait' '(J)V' in 'java/lang/Object')}
  0x0000019908dc58ec: f748 be88 | 178e 6699 | 0100 00bf | 2001 0000 | 7c05 bf10 | 0100 0048 | 8b1c 3e48 | 8d5b 0148 
  0x0000019908dc590c: 891c 3e0f | 8c67 0200 

  0x0000019908dc5914: ;   {metadata(method data for {method} {0x00000199668dbe80} 'wait' '(J)V' in 'java/lang/Object')}
  0x0000019908dc5914: 0048 be88 | 178e 6699 | 0100 0048 | 8386 4001 | 0000 0149 | 8bb7 9003 | 0000 488b | 3648 85f6 
  0x0000019908dc5934: ;   {metadata(method data for {method} {0x00000199668dbe80} 'wait' '(J)V' in 'java/lang/Object')}
  0x0000019908dc5934: 48b8 8817 | 8e66 9901 | 0000 750c | 8088 4901 | 0000 01e9 | ae00 0000 | 8b4e 0849 | ba00 0000 
  0x0000019908dc5954: 2499 0100 | 0049 03ca | 483b 8858 | 0100 0075 | 0d48 8380 | 6001 0000 | 01e9 6000 | 0000 483b 
  0x0000019908dc5974: 8868 0100 | 0075 0d48 | 8380 7001 | 0000 01e9 | 4a00 0000 | 4883 b858 | 0100 0000 | 7517 4889 
  0x0000019908dc5994: 8858 0100 | 0048 c780 | 6001 0000 | 0100 0000 | e929 0000 | 0048 83b8 | 6801 0000 | 0075 1748 
  0x0000019908dc59b4: 8988 6801 | 0000 48c7 | 8070 0100 | 0001 0000 | 00e9 0800 | 0000 4883 | 8050 0100 

  0x0000019908dc59d0: ;   {metadata('java/lang/VirtualThread')}
  0x0000019908dc59d0: 0001 48b9 | f07e 1824 | 9901 0000 | 8b5e 0849 | ba00 0000 | 2499 0100 | 0049 03da | 483b cb0f 
  0x0000019908dc59f0: 8505 0000 | 00e9 0500 | 0000 4833 | ffeb 05bf | 0100 0000 

  0x0000019908dc5a04: ;   {metadata(method data for {method} {0x00000199668dbe80} 'wait' '(J)V' in 'java/lang/Object')}
  0x0000019908dc5a04: 85ff 48bf | 8817 8e66 | 9901 0000 | bb80 0100 | 0074 05bb | 9001 0000 | 488b 041f | 488d 4001 
  0x0000019908dc5a24: 4889 041f | 0f84 1701 | 0000 4885 

  0x0000019908dc5a30: ;   {metadata(method data for {method} {0x00000199668dbe80} 'wait' '(J)V' in 'java/lang/Object')}
  0x0000019908dc5a30: f648 bb88 | 178e 6699 | 0100 0075 | 0c80 8b99 | 0100 0001 | e9ae 0000 | 008b 4608 | 49ba 0000 
  0x0000019908dc5a50: 0024 9901 | 0000 4903 | c248 3b83 | a801 0000 | 750d 4883 | 83b0 0100 | 0001 e960 | 0000 0048 
  0x0000019908dc5a70: 3b83 b801 | 0000 750d | 4883 83c0 | 0100 0001 | e94a 0000 | 0048 83bb | a801 0000 | 0075 1748 
  0x0000019908dc5a90: 8983 a801 | 0000 48c7 | 83b0 0100 | 0001 0000 | 00e9 2900 | 0000 4883 | bbb8 0100 | 0000 7517 
  0x0000019908dc5ab0: 4889 83b8 | 0100 0048 | c783 c001 | 0000 0100 | 0000 e908 | 0000 0048 | 8383 a001 

  0x0000019908dc5acc: ;   {metadata('java/lang/VirtualThread')}
  0x0000019908dc5acc: 0000 0148 | b8f0 7e18 | 2499 0100 | 008b 7e08 | 49ba 0000 | 0024 9901 | 0000 4903 | fa48 3bc7 
  0x0000019908dc5aec: 0f85 1502 | 0000 e900 | 0000 0048 | 8974 2428 

  0x0000019908dc5afc: ;   {metadata(method data for {method} {0x00000199668dbe80} 'wait' '(J)V' in 'java/lang/Object')}
  0x0000019908dc5afc: 488b fa48 | bb88 178e | 6699 0100 | 0048 8383 | d001 0000 | 0166 0f1f 

  0x0000019908dc5b14: ;   {optimized virtual_call}
  0x0000019908dc5b14: 4400 00e8 

  0x0000019908dc5b18: ; ImmutableOopMap {[40]=Oop }
                      ;*invokevirtual wait0 {reexecute=0 rethrow=0 return_oop=0}
                      ; - java.lang.Object::wait@37 (line 382)
  0x0000019908dc5b18: 448f eb06 

  0x0000019908dc5b1c: ;   {post_call_nop}
  0x0000019908dc5b1c: 0f1f 8400 | 1404 0000 

  0x0000019908dc5b24: ;   {metadata(method data for {method} {0x00000199668dbe80} 'wait' '(J)V' in 'java/lang/Object')}
  0x0000019908dc5b24: 49b8 8817 | 8e66 9901 | 0000 41ff | 8000 0200 | 0048 83c4 

  0x0000019908dc5b38: ;   {poll_return}
  0x0000019908dc5b38: 505d 493b | 6728 0f87 | cc01 0000 | c348 8bf2 

  0x0000019908dc5b48: ;   {metadata(method data for {method} {0x00000199668dbe80} 'wait' '(J)V' in 'java/lang/Object')}
  0x0000019908dc5b48: 48bf 8817 | 8e66 9901 | 0000 4883 | 8748 0200 | 0001 0f1f 

  0x0000019908dc5b5c: ;   {optimized virtual_call}
  0x0000019908dc5b5c: 4400 00e8 

  0x0000019908dc5b60: ; ImmutableOopMap {}
                      ;*invokevirtual wait0 {reexecute=0 rethrow=0 return_oop=0}
                      ; - java.lang.Object::wait@55 (line 389)
  0x0000019908dc5b60: 2c65 7207 

  0x0000019908dc5b64: ;   {post_call_nop}
  0x0000019908dc5b64: 0f1f 8400 | 5c04 0001 | 4883 c450 

  0x0000019908dc5b70: ;   {poll_return}
  0x0000019908dc5b70: 5d49 3b67 | 280f 87ab | 0100 00c3 | 0f1f 4000 

  0x0000019908dc5b80: ;   {no_reloc}
  0x0000019908dc5b80: e9c6 0100 | 0000 0000 | 0000 498b | 87c8 0100 | 0048 8d78 | 2849 3bbf | d801 0000 | 0f87 b301 
  0x0000019908dc5ba0: 0000 4989 | bfc8 0100 | 0048 c700 | 0100 0000 | 488b ca49 | ba00 0000 | 2499 0100 | 0049 2bca 
  0x0000019908dc5bc0: 8948 0848 | 33c9 8948 | 0c48 33c9 | 4889 4810 | 4889 4818 | 4889 4820 

  0x0000019908dc5bd8: ;   {metadata(method data for {method} {0x00000199668dbe80} 'wait' '(J)V' in 'java/lang/Object')}
  0x0000019908dc5bd8: 4c8b c048 | ba88 178e | 6699 0100 | 0048 8382 | 3001 0000 

  0x0000019908dc5bec: ;   {oop("timeout value is negative"{0x00000007ffc178e0})}
  0x0000019908dc5bec: 0149 b8e0 | 78c1 ff07 | 0000 0048 | 8bd0 4889 

  0x0000019908dc5bfc: ;   {optimized virtual_call}
  0x0000019908dc5bfc: 4424 30e8 

  0x0000019908dc5c00: ; ImmutableOopMap {[48]=Oop }
                      ;*invokespecial <init> {reexecute=0 rethrow=0 return_oop=0}
                      ; - java.lang.Object::wait@12 (line 377)
  0x0000019908dc5c00: 5c8e eb06 

  0x0000019908dc5c04: ;   {post_call_nop}
  0x0000019908dc5c04: 0f1f 8400 | fc04 0002 | 488b 4424 | 30e9 7801 | 0000 498b | 8708 0500 | 004d 33d2 | 4d89 9708 
  0x0000019908dc5c24: 0500 004d | 33d2 4d89 | 9710 0500 | 0048 3b06 

  0x0000019908dc5c34: ;   {metadata(method data for {method} {0x00000199668dbe80} 'wait' '(J)V' in 'java/lang/Object')}
  0x0000019908dc5c34: 488b d648 | bf88 178e | 6699 0100 | 008b 5208 | 49ba 0000 | 0024 9901 | 0000 4903 | d248 3b97 
  0x0000019908dc5c54: 2002 0000 | 750d 4883 | 8728 0200 | 0001 e960 | 0000 0048 | 3b97 3002 | 0000 750d | 4883 8738 
  0x0000019908dc5c74: 0200 0001 | e94a 0000 | 0048 83bf | 2002 0000 | 0075 1748 | 8997 2002 | 0000 48c7 | 8728 0200 
  0x0000019908dc5c94: 0001 0000 | 00e9 2900 | 0000 4883 | bf30 0200 | 0000 7517 | 4889 9730 | 0200 0048 | c787 3802 
  0x0000019908dc5cb4: 0000 0100 | 0000 e908 | 0000 0048 | 8387 1802 | 0000 0148 | 8bd6 4889 

  0x0000019908dc5ccc: ;   {optimized virtual_call}
  0x0000019908dc5ccc: 4424 38e8 

  0x0000019908dc5cd0: ; ImmutableOopMap {[56]=Oop }
                      ;*invokevirtual getAndClearInterrupt {reexecute=0 rethrow=0 return_oop=0}
                      ; - java.lang.Object::wait@46 (line 385)
  0x0000019908dc5cd0: 8c8d eb06 

  0x0000019908dc5cd4: ;   {post_call_nop}
  0x0000019908dc5cd4: 0f1f 8400 | cc05 0003 | 488b 4424 | 38e9 a800 

  0x0000019908dc5ce4: ;   {metadata({method} {0x00000199668dbe80} 'wait' '(J)V' in 'java/lang/Object')}
  0x0000019908dc5ce4: 0000 49ba | 78be 8d66 | 9901 0000 | 4c89 5424 | 0848 c704 | 24ff ffff 

  0x0000019908dc5cfc: ;   {runtime_call C1 Runtime counter_overflow_blob}
  0x0000019908dc5cfc: ffe8 decd 

  0x0000019908dc5d00: ; ImmutableOopMap {rdx=Oop }
                      ;*synchronization entry
                      ; - java.lang.Object::wait@-1 (line 376)
  0x0000019908dc5d00: f706 e9db | fbff ff48 

  0x0000019908dc5d08: ;   {runtime_call C1 Runtime throw_class_cast_exception_blob}
  0x0000019908dc5d08: 8934 24e8 

  0x0000019908dc5d0c: ; ImmutableOopMap {rdx=Oop }
                      ;*checkcast {reexecute=0 rethrow=0 return_oop=0}
                      ; - java.lang.Object::wait@31 (line 380)
  0x0000019908dc5d0c: 508f f706 

  0x0000019908dc5d10: ;   {internal_word}
  0x0000019908dc5d10: 49ba 3a5b | dc08 9901 | 0000 4d89 | 9760 0400 

  0x0000019908dc5d20: ;   {runtime_call SafepointBlob}
  0x0000019908dc5d20: 00e9 baff 

  0x0000019908dc5d24: ;   {internal_word}
  0x0000019908dc5d24: eb06 49ba | 715b dc08 | 9901 0000 | 4d89 9760 

  0x0000019908dc5d34: ;   {runtime_call SafepointBlob}
  0x0000019908dc5d34: 0400 00e9 | a4ff eb06 

  0x0000019908dc5d3c: ;   {metadata(nullptr)}
  0x0000019908dc5d3c: 48ba 0000 | 0000 0000 | 0000 b800 

  0x0000019908dc5d48: ;   {runtime_call C1 Runtime load_klass_patching_blob}
  0x0000019908dc5d48: 0f05 0ae8 

  0x0000019908dc5d4c: ; ImmutableOopMap {}
                      ;*new {reexecute=1 rethrow=0 return_oop=0}
                      ; - (reexecute) java.lang.Object::wait@6 (line 377)
  0x0000019908dc5d4c: 90b2 f706 | e92b feff | ff48 8bd2 

  0x0000019908dc5d58: ;   {runtime_call C1 Runtime fast_new_instance_blob}
  0x0000019908dc5d58: e803 74f7 

  0x0000019908dc5d5c: ; ImmutableOopMap {}
                      ;*new {reexecute=0 rethrow=0 return_oop=0}
                      ; - java.lang.Object::wait@6 (line 377)
  0x0000019908dc5d5c: 06e9 76fe 

  0x0000019908dc5d60: ;   {runtime_call C1 Runtime throw_null_pointer_exception_blob}
  0x0000019908dc5d60: ffff e8f9 

  0x0000019908dc5d64: ; ImmutableOopMap {rsi=Oop rax=Oop }
                      ;*invokevirtual getAndClearInterrupt {reexecute=0 rethrow=0 return_oop=0}
                      ; - java.lang.Object::wait@46 (line 385)
  0x0000019908dc5d64: 6af7 0648 | 8b74 2428 | e9a5 feff | ff49 8b87 | 0805 0000 | 49c7 8708 | 0500 0000 | 0000 0049 
  0x0000019908dc5d84: c787 1005 | 0000 0000 | 0000 4883 

  0x0000019908dc5d90: ;   {runtime_call C1 Runtime unwind_exception_blob}
  0x0000019908dc5d90: c450 5de9 | 4854 f706 
[Stub Code]
  0x0000019908dc5d98: ;   {no_reloc}
  0x0000019908dc5d98: 48bb 0000 | 0000 0000 

  0x0000019908dc5da0: ;   {runtime_call nmethod}
  0x0000019908dc5da0: 0000 e9fb 

  0x0000019908dc5da4: ;   {static_stub}
  0x0000019908dc5da4: ffff ff48 | bb00 0000 | 0000 0000 

  0x0000019908dc5db0: ;   {runtime_call nmethod}
  0x0000019908dc5db0: 00e9 fbff 

  0x0000019908dc5db4: ;   {static_stub}
  0x0000019908dc5db4: ffff 48bb | 0000 0000 | 0000 0000 

  0x0000019908dc5dc0: ;   {runtime_call nmethod}
  0x0000019908dc5dc0: e9fb ffff 

  0x0000019908dc5dc4: ;   {runtime_call C1 Runtime handle_exception_from_callee_blob}
  0x0000019908dc5dc4: ffe8 9688 

  0x0000019908dc5dc8: ;   {external_word}
  0x0000019908dc5dc8: f706 48b9 | f8eb 048b | ff7f 0000 | 4883 e4f0 

  0x0000019908dc5dd8: ;   {runtime_call}
  0x0000019908dc5dd8: 48b8 b0a9 | cb8a ff7f | 0000 ffd0 

  0x0000019908dc5de4: ;   {section_word}
  0x0000019908dc5de4: f449 bae5 | 5ddc 0899 | 0100 0041 

  0x0000019908dc5df0: ;   {runtime_call DeoptimizationBlob}
  0x0000019908dc5df0: 52e9 8af4 | eb06 f4f4 
[/MachCode]


Compiled method (c1) 154156 3468  s!   3       org.graalvm.visualvm.lib.jfluid.server.ProfilerServer::getLastResponse (68 bytes)
 total in heap  [0x0000019908d53108,0x0000019908d53aa8] = 2464
 relocation     [0x0000019908d531e0,0x0000019908d53268] = 136
 main code      [0x0000019908d53280,0x0000019908d53a28] = 1960
 stub code      [0x0000019908d53a28,0x0000019908d53a80] = 88
 oops           [0x0000019908d53a80,0x0000019908d53a88] = 8
 metadata       [0x0000019908d53a88,0x0000019908d53aa8] = 32
 immutable data [0x000001996b15bef0,0x000001996b15c078] = 392
 dependencies   [0x000001996b15bef0,0x000001996b15bf00] = 16
 nul chk table  [0x000001996b15bf00,0x000001996b15bf10] = 16
 handler table  [0x000001996b15bf10,0x000001996b15bf68] = 88
 scopes pcs     [0x000001996b15bf68,0x000001996b15c018] = 176
 scopes data    [0x000001996b15c018,0x000001996b15c078] = 96

[Constant Pool (empty)]

[MachCode]
[Verified Entry Point]
  # {method} {0x000001996694eaa8} 'getLastResponse' '()Lorg/graalvm/visualvm/lib/jfluid/wireprotocol/Response;' in 'org/graalvm/visualvm/lib/jfluid/server/ProfilerServer'
  #           [sp+0x70]  (sp of caller)
  0x0000019908d53280: 8984 2400 | 80ff ff55 | 4883 ec60 | 4181 7f20 | 0100 0000 

  0x0000019908d53294: ;   {runtime_call StubRoutines (final stubs)}
  0x0000019908d53294: 7405 e865 

  0x0000019908d53298: ;   {oop(a 'java/lang/Class'{0x000000063b400430} = 'org/graalvm/visualvm/lib/jfluid/server/ProfilerServer')}
  0x0000019908d53298: 26f1 0649 | b830 0440 | 3b06 0000 | 0048 8d54 | 2438 4c89 | 4208 498b | 0041 8bb7 | 5806 0000 
  0x0000019908d532b8: 81fe a806 | 0000 0f8d | d005 0000 | 4d3b 4437 | f80f 8425 | 0000 00a8 | 020f 85bd | 0500 0048 
  0x0000019908d532d8: 8bf0 4883 | e6fe 4883 | c801 f049 | 0fb1 300f | 85a7 0500 | 0041 8bb7 | 5806 0000 | 4d89 0437 
  0x0000019908d532f8: 83c6 0841 | 89b7 5806 

  0x0000019908d53300: ;   {metadata(method data for {method} {0x000001996694eaa8} 'getLastResponse' '()Lorg/graalvm/visualvm/lib/jfluid/wireprotocol/Response;' in 'org/graalvm/visualvm/lib/jfluid/server/ProfilerServer')}
  0x0000019908d53300: 0000 48b8 | 4864 8c66 | 9901 0000 | 448b 80cc | 0000 0041 | 83c0 0244 | 8980 cc00 | 0000 4181 
  0x0000019908d53320: e0fe 0700 | 0045 85c0 | 0f84 7905 

  0x0000019908d5332c: ;   {oop(a 'java/lang/Object'{0x000000063b77acc0})}
  0x0000019908d5332c: 0000 49b8 | c0ac 773b | 0600 0000 | 488d 5424 | 484c 8942 | 0849 8b00 | 418b b758 | 0600 0081 
  0x0000019908d5334c: fea8 0600 | 000f 8d71 | 0500 004d | 3b44 37f8 | 0f84 2500 | 0000 a802 | 0f85 5e05 | 0000 488b 
  0x0000019908d5336c: f048 83e6 | fe48 83c8 | 01f0 490f | b130 0f85 | 4805 0000 | 418b b758 | 0600 004d | 8904 3783 
  0x0000019908d5338c: c608 4189 | b758 0600 

  0x0000019908d53394: ;   {oop(a 'java/lang/Class'{0x000000063b400430} = 'org/graalvm/visualvm/lib/jfluid/server/ProfilerServer')}
  0x0000019908d53394: 0049 b830 | 0440 3b06 | 0000 0045 | 8b80 f800 | 0000 49c1 | e003 4d85 

  0x0000019908d533ac: ;   {metadata(method data for {method} {0x000001996694eaa8} 'getLastResponse' '()Lorg/graalvm/visualvm/lib/jfluid/wireprotocol/Response;' in 'org/graalvm/visualvm/lib/jfluid/server/ProfilerServer')}
  0x0000019908d533ac: c049 b848 | 648c 6699 | 0100 00ba | 1001 0000 | 7505 ba20 | 0100 0049 | 8b34 1048 | 8d76 0149 
  0x0000019908d533cc: 8934 100f | 852f 0300 | 00e9 b200 | 0000 660f | 1f44 0000 

  0x0000019908d533e0: ;   {metadata(method data for {method} {0x000001996694eaa8} 'getLastResponse' '()Lorg/graalvm/visualvm/lib/jfluid/wireprotocol/Response;' in 'org/graalvm/visualvm/lib/jfluid/server/ProfilerServer')}
  0x0000019908d533e0: 48b8 4864 | 8c66 9901 | 0000 ff80 | 6001 0000 | 41b8 0000 | 0000 e921 | 0000 0049 | 8b87 0805 
  0x0000019908d53400: 0000 4d33 | d24d 8997 | 0805 0000 | 4d33 d24d | 8997 1005 | 0000 41b8 | 0100 0000 | 4585 c0ba 
  0x0000019908d53420: 0200 0000 | 7505 ba00 

  0x0000019908d53428: ;   {metadata(method data for {method} {0x000001996694eaa8} 'getLastResponse' '()Lorg/graalvm/visualvm/lib/jfluid/wireprotocol/Response;' in 'org/graalvm/visualvm/lib/jfluid/server/ProfilerServer')}
  0x0000019908d53428: 0000 0048 | be48 648c | 6699 0100 | 008b bed0 | 0000 0003 | fa89 bed0 | 0000 0085 | d275 05bf 
  0x0000019908d53448: 0200 0000 | 81e7 fe3f | 0000 85ff | 0f84 8104 | 0000 4d8b 

  0x0000019908d5345c: ; ImmutableOopMap {[64]=Oop [80]=Oop }
                      ;*ifne {reexecute=1 rethrow=0 return_oop=0}
                      ; - (reexecute) org.graalvm.visualvm.lib.jfluid.server.ProfilerServer::getLastResponse@29 (line 444)
                      ;   {poll}
  0x0000019908d5345c: 5730 4185 | 0245 85c0 

  0x0000019908d53464: ;   {metadata(method data for {method} {0x000001996694eaa8} 'getLastResponse' '()Lorg/graalvm/visualvm/lib/jfluid/wireprotocol/Response;' in 'org/graalvm/visualvm/lib/jfluid/server/ProfilerServer')}
  0x0000019908d53464: 49b8 4864 | 8c66 9901 | 0000 ba88 | 0100 0074 | 05ba 7801 | 0000 498b | 3410 488d | 7601 4989 
  0x0000019908d53484: 3410 0f84 | 7501 0000 

  0x0000019908d5348c: ;   {oop(a 'java/lang/Object'{0x000000063b77acc0})}
  0x0000019908d5348c: 48ba c0ac | 773b 0600 | 0000 4c8b 

  0x0000019908d53498: ;   {metadata(method data for {method} {0x000001996694eaa8} 'getLastResponse' '()Lorg/graalvm/visualvm/lib/jfluid/wireprotocol/Response;' in 'org/graalvm/visualvm/lib/jfluid/server/ProfilerServer')}
  0x0000019908d53498: c248 be48 | 648c 6699 | 0100 0045 | 8b40 0849 | ba00 0000 | 2499 0100 | 004d 03c2 | 4c3b 8638 
  0x0000019908d534b8: 0100 0075 | 0d48 8386 | 4001 0000 | 01e9 6000 | 0000 4c3b | 8648 0100 | 0075 0d48 | 8386 5001 
  0x0000019908d534d8: 0000 01e9 | 4a00 0000 | 4883 be38 | 0100 0000 | 7517 4c89 | 8638 0100 | 0048 c786 | 4001 0000 
  0x0000019908d534f8: 0100 0000 | e929 0000 | 0048 83be | 4801 0000 | 0075 174c | 8986 4801 | 0000 48c7 | 8650 0100 
  0x0000019908d53518: 0001 0000 | 00e9 0800 | 0000 4883 | 8630 0100 

  0x0000019908d53528: ;   {metadata(method data for {method} {0x00000199668dbd60} 'wait' '()V' in 'java/lang/Object')}
  0x0000019908d53528: 0001 49b8 | 0816 8e66 | 9901 0000 | 418b b0cc | 0000 0083 | c602 4189 | b0cc 0000 | 0081 e6fe 
  0x0000019908d53548: ff1f 0085 | f60f 84a9 | 0300 004c 

  0x0000019908d53554: ;   {metadata(method data for {method} {0x00000199668dbd60} 'wait' '()V' in 'java/lang/Object')}
  0x0000019908d53554: 8bc2 48be | 0816 8e66 | 9901 0000 | 458b 4008 | 49ba 0000 | 0024 9901 | 0000 4d03 | c24c 3b86 
  0x0000019908d53574: 1801 0000 | 750d 4883 | 8620 0100 | 0001 e960 | 0000 004c | 3b86 2801 | 0000 750d | 4883 8630 
  0x0000019908d53594: 0100 0001 | e94a 0000 | 0048 83be | 1801 0000 | 0075 174c | 8986 1801 | 0000 48c7 | 8620 0100 
  0x0000019908d535b4: 0001 0000 | 00e9 2900 | 0000 4883 | be28 0100 | 0000 7517 | 4c89 8628 | 0100 0048 | c786 3001 
  0x0000019908d535d4: 0000 0100 | 0000 e908 | 0000 0048 | 8386 1001 | 0000 0141 | b800 0000 

  0x0000019908d535ec: ;   {optimized virtual_call}
  0x0000019908d535ec: 0066 90e8 

  0x0000019908d535f0: ; ImmutableOopMap {[64]=Oop [80]=Oop }
                      ;*invokevirtual wait {reexecute=0 rethrow=0 return_oop=0}
                      ; - java.lang.Object::wait@2 (line 351)
                      ; - org.graalvm.visualvm.lib.jfluid.server.ProfilerServer::getLastResponse@17 (line 438)
  0x0000019908d535f0: ac22 0700 

  0x0000019908d535f4: ;   {post_call_nop}
  0x0000019908d535f4: 0f1f 8400 | ec04 0001 | e9df fdff 

  0x0000019908d53600: ;   {oop(a 'java/lang/Class'{0x000000063b400430} = 'org/graalvm/visualvm/lib/jfluid/server/ProfilerServer')}
  0x0000019908d53600: ff49 b830 | 0440 3b06 | 0000 0045 | 8b80 f800 | 0000 49c1 | e003 4d85 

  0x0000019908d53618: ;   {metadata(method data for {method} {0x000001996694eaa8} 'getLastResponse' '()Lorg/graalvm/visualvm/lib/jfluid/wireprotocol/Response;' in 'org/graalvm/visualvm/lib/jfluid/server/ProfilerServer')}
  0x0000019908d53618: c049 b848 | 648c 6699 | 0100 00ba | 9801 0000 | 7505 baa8 | 0100 0049 | 8b34 1048 | 8d76 0149 
  0x0000019908d53638: 8934 100f | 85c3 0000 

  0x0000019908d53640: ;   {oop(a 'java/lang/Class'{0x00000007ffc7c4d8} = 'java/lang/System')}
  0x0000019908d53640: 0049 b8d8 | c4c7 ff07 | 0000 0041 | 8b50 7448 | c1e2 0348 | 3b02 4c8b 

  0x0000019908d53658: ;   {metadata(method data for {method} {0x000001996694eaa8} 'getLastResponse' '()Lorg/graalvm/visualvm/lib/jfluid/wireprotocol/Response;' in 'org/graalvm/visualvm/lib/jfluid/server/ProfilerServer')}
  0x0000019908d53658: c248 be48 | 648c 6699 | 0100 0045 | 8b40 0849 | ba00 0000 | 2499 0100 | 004d 03c2 | 4c3b 86c0 
  0x0000019908d53678: 0100 0075 | 0d48 8386 | c801 0000 | 01e9 6000 | 0000 4c3b | 86d0 0100 | 0075 0d48 | 8386 d801 
  0x0000019908d53698: 0000 01e9 | 4a00 0000 | 4883 bec0 | 0100 0000 | 7517 4c89 | 86c0 0100 | 0048 c786 | c801 0000 
  0x0000019908d536b8: 0100 0000 | e929 0000 | 0048 83be | d001 0000 | 0075 174c | 8986 d001 | 0000 48c7 | 86d8 0100 
  0x0000019908d536d8: 0001 0000 | 00e9 0800 | 0000 4883 | 86b8 0100 

  0x0000019908d536e8: ;   {oop("Profiler Agent Error: lastResponse == null - internal error?"{0x000000063b421310})}
  0x0000019908d536e8: 0001 49b8 | 1013 423b | 0600 0000 

  0x0000019908d536f4: ;   {optimized virtual_call}
  0x0000019908d536f4: 6666 90e8 

  0x0000019908d536f8: ; ImmutableOopMap {[64]=Oop [80]=Oop }
                      ;*invokevirtual println {reexecute=0 rethrow=0 return_oop=0}
                      ; - org.graalvm.visualvm.lib.jfluid.server.ProfilerServer::getLastResponse@43 (line 447)
  0x0000019908d536f8: 64b3 f206 

  0x0000019908d536fc: ;   {post_call_nop}
  0x0000019908d536fc: 0f1f 8400 | f405 0002 

  0x0000019908d53704: ;   {oop(a 'java/lang/Class'{0x000000063b400430} = 'org/graalvm/visualvm/lib/jfluid/server/ProfilerServer')}
  0x0000019908d53704: 48b8 3004 | 403b 0600 | 0000 8bb0 | f800 0000 | 48c1 e603 | 410f be7f | 4885 ff0f | 85fd 0100 
  0x0000019908d53724: 00c7 80f8 | 0000 0000 

  0x0000019908d5372c: ;   {oop(a 'java/lang/Object'{0x000000063b77acc0})}
  0x0000019908d5372c: 0000 0048 | b8c0 ac77 | 3b06 0000 | 0048 8d44 | 2448 488b | 5808 418b | bf58 0600 | 0049 3b5c 
  0x0000019908d5374c: 3ff8 0f85 | f001 0000 | 4183 af58 | 0600 0008 | 493b 5c3f | f00f 842a | 0000 0048 | 8b03 a802 
  0x0000019908d5376c: 0f85 1200 | 0000 488b | f848 83cf | 01f0 480f | b13b 0f84 | 0d00 0000 | 4183 8758 | 0600 0008 
  0x0000019908d5378c: e9b3 0100 

  0x0000019908d53790: ;   {metadata(method data for {method} {0x000001996694eaa8} 'getLastResponse' '()Lorg/graalvm/visualvm/lib/jfluid/wireprotocol/Response;' in 'org/graalvm/visualvm/lib/jfluid/server/ProfilerServer')}
  0x0000019908d53790: 0048 b848 | 648c 6699 | 0100 00ff | 80e8 0100 | 0048 8d44 | 2438 488b | 5808 418b | bf58 0600 
  0x0000019908d537b0: 0049 3b5c | 3ff8 0f85 | 9b01 0000 | 4183 af58 | 0600 0008 | 493b 5c3f | f00f 842a | 0000 0048 
  0x0000019908d537d0: 8b03 a802 | 0f85 1200 | 0000 488b | f848 83cf | 01f0 480f | b13b 0f84 | 0d00 0000 | 4183 8758 
  0x0000019908d537f0: 0600 0008 | e95e 0100 | 0048 8bc6 | 4883 c460 

  0x0000019908d53800: ;   {poll_return}
  0x0000019908d53800: 5d49 3b67 | 280f 875f | 0100 00c3 | 498b 8708 | 0500 004d | 33d2 4d89 | 9708 0500 | 004d 33d2 
  0x0000019908d53820: 4d89 9710 | 0500 0048 

  0x0000019908d53828: ;   {oop(a 'java/lang/Object'{0x000000063b77acc0})}
  0x0000019908d53828: 8bf0 48b8 | c0ac 773b | 0600 0000 | 488d 4424 | 4848 8b58 | 0841 8bbf | 5806 0000 | 493b 5c3f 
  0x0000019908d53848: f80f 8531 | 0100 0041 | 83af 5806 | 0000 0849 | 3b5c 3ff0 | 0f84 2a00 | 0000 488b | 03a8 020f 
  0x0000019908d53868: 8512 0000 | 0048 8bf8 | 4883 cf01 | f048 0fb1 | 3b0f 840d | 0000 0041 | 8387 5806 | 0000 08e9 
  0x0000019908d53888: f400 0000 | 488b c6e9 | 1c01 0000 | 4c89 4424 | 0848 8914 

  0x0000019908d5389c: ;   {runtime_call C1 Runtime monitorenter_nofpu_blob}
  0x0000019908d5389c: 24e8 bebf 

  0x0000019908d538a0: ; ImmutableOopMap {r8=Oop [64]=Oop }
                      ;*synchronization entry
                      ; - org.graalvm.visualvm.lib.jfluid.server.ProfilerServer::getLastResponse@-1 (line 429)
  0x0000019908d538a0: fe06 e95b 

  0x0000019908d538a4: ;   {metadata({method} {0x000001996694eaa8} 'getLastResponse' '()Lorg/graalvm/visualvm/lib/jfluid/wireprotocol/Response;' in 'org/graalvm/visualvm/lib/jfluid/server/ProfilerServer')}
  0x0000019908d538a4: faff ff49 | baa0 ea94 | 6699 0100 | 004c 8954 | 2408 48c7 | 0424 ffff 

  0x0000019908d538bc: ;   {runtime_call C1 Runtime counter_overflow_blob}
  0x0000019908d538bc: ffff e81d 

  0x0000019908d538c0: ; ImmutableOopMap {[64]=Oop }
                      ;*synchronization entry
                      ; - org.graalvm.visualvm.lib.jfluid.server.ProfilerServer::getLastResponse@-1 (line 429)
  0x0000019908d538c0: f2fe 06e9 | 66fa ffff | 4c89 4424 | 0848 8914 

  0x0000019908d538d0: ;   {runtime_call C1 Runtime monitorenter_nofpu_blob}
  0x0000019908d538d0: 24e8 8abf 

  0x0000019908d538d4: ; ImmutableOopMap {r8=Oop [64]=Oop [80]=Oop }
                      ;*monitorenter {reexecute=0 rethrow=0 return_oop=0}
                      ; - org.graalvm.visualvm.lib.jfluid.server.ProfilerServer::getLastResponse@5 (line 429)
  0x0000019908d538d4: fe06 e9ba 

  0x0000019908d538d8: ;   {metadata({method} {0x000001996694eaa8} 'getLastResponse' '()Lorg/graalvm/visualvm/lib/jfluid/wireprotocol/Response;' in 'org/graalvm/visualvm/lib/jfluid/server/ProfilerServer')}
  0x0000019908d538d8: faff ff49 | baa0 ea94 | 6699 0100 | 004c 8954 | 2408 48c7 | 0424 1d00 

  0x0000019908d538f0: ;   {runtime_call C1 Runtime counter_overflow_blob}
  0x0000019908d538f0: 0000 e8e9 

  0x0000019908d538f4: ; ImmutableOopMap {[64]=Oop [80]=Oop }
                      ;*ifne {reexecute=1 rethrow=0 return_oop=0}
                      ; - (reexecute) org.graalvm.visualvm.lib.jfluid.server.ProfilerServer::getLastResponse@29 (line 444)
  0x0000019908d538f4: f1fe 06e9 | 5efb ffff 

  0x0000019908d538fc: ;   {metadata({method} {0x00000199668dbd60} 'wait' '()V' in 'java/lang/Object')}
  0x0000019908d538fc: 49ba 58bd | 8d66 9901 | 0000 4c89 | 5424 0848 | c704 24ff 

  0x0000019908d53910: ;   {runtime_call C1 Runtime counter_overflow_blob}
  0x0000019908d53910: ffff ffe8 

  0x0000019908d53914: ; ImmutableOopMap {rdx=Oop [64]=Oop [80]=Oop }
                      ;*synchronization entry
                      ; - java.lang.Object::wait@-1 (line 351)
                      ; - org.graalvm.visualvm.lib.jfluid.server.ProfilerServer::getLastResponse@17 (line 438)
  0x0000019908d53914: c8f1 fe06 | e936 fcff 

  0x0000019908d5391c: ;   {runtime_call C1 Runtime throw_null_pointer_exception_blob}
  0x0000019908d5391c: ffe8 3e8f 

  0x0000019908d53920: ; ImmutableOopMap {rdx=Oop [64]=Oop [80]=Oop }
                      ;*invokevirtual println {reexecute=0 rethrow=0 return_oop=0}
                      ; - org.graalvm.visualvm.lib.jfluid.server.ProfilerServer::getLastResponse@43 (line 447)
  0x0000019908d53920: fe06 8bb8 | f800 0000 | 48c1 e703 | 4883 ff00 | 0f84 effd | ffff 4889 

  0x0000019908d53938: ;   {runtime_call g1_pre_barrier_slow}
  0x0000019908d53938: 3c24 e8a1 | f7fe 06e9 | e1fd ffff | 488d 4424 | 4848 8904 

  0x0000019908d5394c: ;   {runtime_call C1 Runtime monitorexit_nofpu_blob}
  0x0000019908d5394c: 24e8 0ec5 | fe06 e93a | feff ff48 | 8d44 2438 | 4889 0424 

  0x0000019908d53960: ;   {runtime_call C1 Runtime monitorexit_nofpu_blob}
  0x0000019908d53960: e8fb c4fe | 06e9 8ffe 

  0x0000019908d53968: ;   {internal_word}
  0x0000019908d53968: ffff 49ba | 0138 d508 | 9901 0000 | 4d89 9760 

  0x0000019908d53978: ;   {runtime_call SafepointBlob}
  0x0000019908d53978: 0400 00e9 | 6023 f306 | 488d 4424 | 4848 8904 

  0x0000019908d53988: ;   {runtime_call C1 Runtime monitorexit_nofpu_blob}
  0x0000019908d53988: 24e8 d2c4 | fe06 e9f9 | feff ff49 | 8b87 0805 | 0000 49c7 | 8708 0500 | 0000 0000 | 0049 c787 
  0x0000019908d539a8: 1005 0000 | 0000 0000 | 488b d848 | 8d44 2438 | 488b 7008 | 418b bf58 | 0600 0049 | 3b74 3ff8 
  0x0000019908d539c8: 0f85 4a00 | 0000 4183 | af58 0600 | 0008 493b | 743f f00f | 842a 0000 | 0048 8b06 | a802 0f85 
  0x0000019908d539e8: 1200 0000 | 488b f848 | 83cf 01f0 | 480f b13e | 0f84 0d00 | 0000 4183 | 8758 0600 | 0008 e90d 
  0x0000019908d53a08: 0000 0048 | 8bc3 4883 

  0x0000019908d53a10: ;   {runtime_call C1 Runtime unwind_exception_blob}
  0x0000019908d53a10: c460 5de9 | c877 fe06 | 488d 4424 | 3848 8904 

  0x0000019908d53a20: ;   {runtime_call C1 Runtime monitorexit_nofpu_blob}
  0x0000019908d53a20: 24e8 3ac4 | fe06 ebe3 
[Stub Code]
  0x0000019908d53a28: ;   {no_reloc}
  0x0000019908d53a28: 0f1f 4400 

  0x0000019908d53a2c: ;   {static_stub}
  0x0000019908d53a2c: 0048 bb00 | 0000 0000 

  0x0000019908d53a34: ;   {runtime_call nmethod}
  0x0000019908d53a34: 0000 00e9 | fbff ffff 

  0x0000019908d53a3c: ;   {static_stub}
  0x0000019908d53a3c: 48bb 78be | 8d66 9901 

  0x0000019908d53a44: ;   {runtime_call I2C/C2I adapters}
  0x0000019908d53a44: 0000 e96b 

  0x0000019908d53a48: ;   {runtime_call C1 Runtime handle_exception_from_callee_blob}
  0x0000019908d53a48: 2df3 06e8 | 10ac fe06 

  0x0000019908d53a50: ;   {external_word}
  0x0000019908d53a50: 48b9 f8eb | 048b ff7f | 0000 4883 

  0x0000019908d53a5c: ;   {runtime_call}
  0x0000019908d53a5c: e4f0 48b8 | b0a9 cb8a | ff7f 0000 

  0x0000019908d53a68: ;   {section_word}
  0x0000019908d53a68: ffd0 f449 | ba6b 3ad5 | 0899 0100 

  0x0000019908d53a74: ;   {runtime_call DeoptimizationBlob}
  0x0000019908d53a74: 0041 52e9 | 0418 f306 | f4f4 f4f4 
[/MachCode]


---------------  P R O C E S S  ---------------

Threads class SMR info:
_java_thread_list=0x00000199656c4520, length=25, elements={
0x000001997f681be0, 0x000001997f682520, 0x000001997f6874f0, 0x000001997f688020,
0x000001997f689b60, 0x000001997f68a7c0, 0x000001997f6984f0, 0x000001997f69d5f0,
0x000001996512da10, 0x0000019965389380, 0x0000019965389ac0, 0x00000199654c6e30,
0x000001996ad3fbe0, 0x0000019965a72060, 0x000001996ae21e60, 0x000001996550e220,
0x000001996a1248a0, 0x000001996a123a00, 0x000001996a124150, 0x000001996a122410,
0x000001996a121cc0, 0x000001996a1232b0, 0x000001996542aa30, 0x000001996542a2e0,
0x000001996542b8d0
}

Java Threads: ( => current thread )
  0x000001997f681be0 JavaThread "Reference Handler"          daemon [_thread_blocked, id=508, stack(0x0000002789000000,0x0000002789100000) (1024K)]
  0x000001997f682520 JavaThread "Finalizer"                  daemon [_thread_blocked, id=14380, stack(0x0000002789100000,0x0000002789200000) (1024K)]
  0x000001997f6874f0 JavaThread "Signal Dispatcher"          daemon [_thread_blocked, id=10412, stack(0x0000002789200000,0x0000002789300000) (1024K)]
  0x000001997f688020 JavaThread "Attach Listener"            daemon [_thread_blocked, id=14368, stack(0x0000002789300000,0x0000002789400000) (1024K)]
  0x000001997f689b60 JavaThread "Service Thread"             daemon [_thread_blocked, id=7872, stack(0x0000002789400000,0x0000002789500000) (1024K)]
  0x000001997f68a7c0 JavaThread "Monitor Deflation Thread"   daemon [_thread_blocked, id=20224, stack(0x0000002789500000,0x0000002789600000) (1024K)]
  0x000001997f6984f0 JavaThread "C2 CompilerThread0"         daemon [_thread_blocked, id=19940, stack(0x0000002789600000,0x0000002789700000) (1024K)]
  0x000001997f69d5f0 JavaThread "C1 CompilerThread0"         daemon [_thread_blocked, id=19412, stack(0x0000002789700000,0x0000002789800000) (1024K)]
  0x000001996512da10 JavaThread "Common-Cleaner"             daemon [_thread_blocked, id=10392, stack(0x0000002789800000,0x0000002789900000) (1024K)]
  0x0000019965389380 JavaThread "Monitor Ctrl-Break"         daemon [_thread_in_native, id=12340, stack(0x0000002789c00000,0x0000002789d00000) (1024K)]
  0x0000019965389ac0 JavaThread "Notification Thread"        daemon [_thread_blocked, id=7504, stack(0x0000002789d00000,0x0000002789e00000) (1024K)]
  0x00000199654c6e30 JavaThread "JFR Recorder Thread"        daemon [_thread_in_native, id=1796, stack(0x0000002789a00000,0x0000002789b00000) (1024K)]
  0x000001996ad3fbe0 JavaThread "JFR Periodic Tasks"         daemon [_thread_blocked, id=18516, stack(0x000000278b100000,0x000000278b200000) (1024K)]
  0x0000019965a72060 JavaThread "RMI TCP Accept-0"           daemon [_thread_in_native, id=8276, stack(0x000000278a200000,0x000000278a300000) (1024K)]
  0x000001996ae21e60 JavaThread "RMI TCP Connection(3)-192.168.0.102" daemon [_thread_blocked, id=15860, stack(0x000000278b200000,0x000000278b300000) (1024K)]
  0x000001996550e220 JavaThread "RMI Scheduler(0)"           daemon [_thread_blocked, id=4920, stack(0x000000278a000000,0x000000278a100000) (1024K)]
  0x000001996a1248a0 JavaThread "JMX server connection timeout 60" daemon [_thread_blocked, id=9872, stack(0x000000278b300000,0x000000278b400000) (1024K)]
  0x000001996a123a00 JavaThread "VirtualThread-unblocker"    daemon [_thread_blocked, id=15996, stack(0x0000002789f00000,0x000000278a000000) (1024K)]
  0x000001996a124150 JavaThread "RMI TCP Connection(2)-192.168.0.102" daemon [_thread_blocked, id=20348, stack(0x0000002789e00000,0x0000002789f00000) (1024K)]
  0x000001996a122410 JavaThread "*** Profiler Agent Communication Thread" daemon [_thread_blocked, id=19856, stack(0x000000278a100000,0x000000278a200000) (1024K)]
  0x000001996a121cc0 JavaThread "*** JFluid Monitor thread ***" daemon [_thread_blocked, id=17472, stack(0x000000278b400000,0x000000278b500000) (1024K)]
  0x000001996a1232b0 JavaThread "*** Profiler Agent Special Execution Thread 6" daemon [_thread_blocked, id=9176, stack(0x000000278b500000,0x000000278b600000) (1024K)]
  0x000001996542aa30 JavaThread "*** Profiler Agent Special Execution Thread 3" daemon [_thread_blocked, id=16368, stack(0x0000002788700000,0x0000002788800000) (1024K)]
  0x000001996542a2e0 JavaThread "JMH-Shutdown-Timeout"       daemon [_thread_blocked, id=14072, stack(0x0000002788500000,0x0000002788600000) (1024K)]
=>0x000001996542b8d0 JavaThread "<no-name - thread is attaching>"        [_thread_in_vm, id=17892, stack(0x0000002788800000,0x0000002788900000) (1024K)]
Total: 25

Other Threads:
  0x000001997f6724c0 VMThread "VM Thread"                           [id=16376, stack(0x0000002788f00000,0x0000002789000000) (1024K)] _threads_hazard_ptr=0x00000199656c4520
  0x000001997f5c34e0 WatcherThread "VM Periodic Task Thread"        [id=12000, stack(0x0000002788e00000,0x0000002788f00000) (1024K)]
  0x000001997e7c7290 WorkerThread "GC Thread#0"                     [id=17920, stack(0x0000002788900000,0x0000002788a00000) (1024K)]
  0x000001996a0ce470 WorkerThread "GC Thread#1"                     [id=19340, stack(0x000000278a300000,0x000000278a400000) (1024K)]
  0x000001996a0ce820 WorkerThread "GC Thread#2"                     [id=2460, stack(0x000000278a400000,0x000000278a500000) (1024K)]
  0x000001996a020bd0 WorkerThread "GC Thread#3"                     [id=2156, stack(0x000000278a500000,0x000000278a600000) (1024K)]
  0x000001996a020f80 WorkerThread "GC Thread#4"                     [id=16832, stack(0x000000278a600000,0x000000278a700000) (1024K)]
  0x000001996a094190 WorkerThread "GC Thread#5"                     [id=9716, stack(0x000000278a700000,0x000000278a800000) (1024K)]
  0x000001996a094540 WorkerThread "GC Thread#6"                     [id=2184, stack(0x000000278a800000,0x000000278a900000) (1024K)]
  0x000001996a0948f0 WorkerThread "GC Thread#7"                     [id=19008, stack(0x000000278a900000,0x000000278aa00000) (1024K)]
  0x000001996a094ca0 WorkerThread "GC Thread#8"                     [id=13440, stack(0x000000278aa00000,0x000000278ab00000) (1024K)]
  0x000001996a095450 WorkerThread "GC Thread#9"                     [id=13432, stack(0x000000278ab00000,0x000000278ac00000) (1024K)]
  0x000001996a095800 WorkerThread "GC Thread#10"                    [id=17168, stack(0x000000278ac00000,0x000000278ad00000) (1024K)]
  0x000001996a095bb0 WorkerThread "GC Thread#11"                    [id=19280, stack(0x000000278ad00000,0x000000278ae00000) (1024K)]
  0x000001996a0407f0 WorkerThread "GC Thread#12"                    [id=7800, stack(0x000000278ae00000,0x000000278af00000) (1024K)]
  0x000001996a0a5f70 WorkerThread "GC Thread#13"                    [id=12736, stack(0x000000278af00000,0x000000278b000000) (1024K)]
  0x000001996a028240 WorkerThread "GC Thread#14"                    [id=18076, stack(0x000000278b000000,0x000000278b100000) (1024K)]
  0x000001997e7dbbe0 ConcurrentGCThread "G1 Main Marker"            [id=9440, stack(0x0000002788a00000,0x0000002788b00000) (1024K)]
  0x000001997e7dd4f0 WorkerThread "G1 Conc#0"                       [id=5560, stack(0x0000002788b00000,0x0000002788c00000) (1024K)]
  0x000001997f5ace20 ConcurrentGCThread "G1 Refine#0"               [id=17340, stack(0x0000002788c00000,0x0000002788d00000) (1024K)]
  0x000001997f5ad8b0 ConcurrentGCThread "G1 Service"                [id=14060, stack(0x0000002788d00000,0x0000002788e00000) (1024K)]
Total: 21

Threads with active compile tasks:
C1 CompilerThread0  154211 3868       3       java.io.ObjectStreamClass$FieldReflector::setPrimFieldValues (329 bytes)
Total: 1

VM state: synchronizing (normal execution)

VM Mutex/Monitor currently owned by a thread:  ([mutex/lock_event])
[0x00007fff8b3044c0] Threads_lock - owner thread: 0x000001997f6724c0

Heap address: 0x0000000605c00000, size: 8100 MB, Compressed Oops mode: Zero based, Oop shift amount: 3

CDS archive(s) mapped at: [0x0000019924000000-0x0000019924d40000-0x0000019924d40000), size 13893632, SharedBaseAddress: 0x0000019924000000, ArchiveRelocationMode: 1.
Compressed class space mapped at: 0x0000019925000000-0x0000019965000000, reserved size: 1073741824
UseCompressedClassPointers 1, UseCompactObjectHeaders 0
Narrow klass pointer bits 32, Max shift 3
Narrow klass base: 0x0000019924000000, Narrow klass shift: 0
Encoding Range: [0x0000019924000000 - 0x0000019a24000000), (4294967296 bytes)
Klass Range:    [0x0000019924000000 - 0x0000019965000000), (1090519040 bytes)
Klass ID Range:  [8 - 1090519033) (1090519025)

GC Precious Log:
 CardTable entry size: 512
 Card Set container configuration: InlinePtr #cards 4 size 8 Array Of Cards #cards 32 size 80 Howl #buckets 8 coarsen threshold 7372 Howl Bitmap #cards 1024 size 144 coarsen threshold 921 Card regions per heap region 1 cards per card region 8192
 CPUs: 20 total, 20 available
 Memory: 32387M
 Large Page Support: Disabled
 NUMA Support: Disabled
 Compressed Oops: Enabled (Zero based)
 Heap Region Size: 4M
 Heap Min Capacity: 8M
 Heap Initial Capacity: 508M
 Heap Max Capacity: 8100M
 Pre-touch: Disabled
 Parallel Workers: 15
 Concurrent Workers: 4
 Concurrent Refinement Workers: 15
 Periodic GC: Disabled

Heap:
 garbage-first heap   total reserved 8294400K, committed 2183168K, used 1066953K [0x0000000605c00000, 0x0000000800000000)
  region size 4096K, 241 young (987136K), 1 survivors (4096K)
 Metaspace       used 10941K, committed 11264K, reserved 1114112K
  class space    used 976K, committed 1152K, reserved 1048576K

Heap Regions: E=young(eden), S=young(survivor), O=old, HS=humongous(starts), HC=humongous(continues), CS=collection set, F=free, TAMS=top-at-mark-start, PB=parsable bottom
|   0|0x0000000605c00000, 0x0000000606000000, 0x0000000606000000|100%| O|  |TAMS 0x0000000605c00000| PB 0x0000000605c00000| Untracked |  0
|   1|0x0000000606000000, 0x000000060616ff80, 0x0000000606400000| 35%| O|  |TAMS 0x0000000606000000| PB 0x0000000606000000| Untracked |  0
|   2|0x0000000606400000, 0x0000000606800000, 0x0000000606800000|100%|HS|  |TAMS 0x0000000606400000| PB 0x0000000606400000| Complete |  0
|   3|0x0000000606800000, 0x0000000606c00000, 0x0000000606c00000|100%|HS|  |TAMS 0x0000000606800000| PB 0x0000000606800000| Complete |  0
|   4|0x0000000606c00000, 0x0000000607000000, 0x0000000607000000|100%|HC|  |TAMS 0x0000000606c00000| PB 0x0000000606c00000| Complete |  0
|   5|0x0000000607000000, 0x0000000607400000, 0x0000000607400000|100%|HS|  |TAMS 0x0000000607000000| PB 0x0000000607000000| Complete |  0
|   6|0x0000000607400000, 0x0000000607800000, 0x0000000607800000|100%|HC|  |TAMS 0x0000000607400000| PB 0x0000000607400000| Complete |  0
|   7|0x0000000607800000, 0x0000000607c00000, 0x0000000607c00000|100%|HC|  |TAMS 0x0000000607800000| PB 0x0000000607800000| Complete |  0
|   8|0x0000000607c00000, 0x0000000608000000, 0x0000000608000000|100%|HC|  |TAMS 0x0000000607c00000| PB 0x0000000607c00000| Complete |  0
|   9|0x0000000608000000, 0x0000000608400000, 0x0000000608400000|100%|HS|  |TAMS 0x0000000608000000| PB 0x0000000608000000| Complete |  0
|  10|0x0000000608400000, 0x0000000608800000, 0x0000000608800000|100%|HC|  |TAMS 0x0000000608400000| PB 0x0000000608400000| Complete |  0
|  11|0x0000000608800000, 0x0000000608c00000, 0x0000000608c00000|100%|HC|  |TAMS 0x0000000608800000| PB 0x0000000608800000| Complete |  0
|  12|0x0000000608c00000, 0x0000000609000000, 0x0000000609000000|100%|HC|  |TAMS 0x0000000608c00000| PB 0x0000000608c00000| Complete |  0
|  13|0x0000000609000000, 0x0000000609400000, 0x0000000609400000|100%|HC|  |TAMS 0x0000000609000000| PB 0x0000000609000000| Complete |  0
|  14|0x0000000609400000, 0x0000000609800000, 0x0000000609800000|100%|HC|  |TAMS 0x0000000609400000| PB 0x0000000609400000| Complete |  0
|  15|0x0000000609800000, 0x0000000609c00000, 0x0000000609c00000|100%|HC|  |TAMS 0x0000000609800000| PB 0x0000000609800000| Complete |  0
|  16|0x0000000609c00000, 0x000000060a000000, 0x000000060a000000|100%|HC|  |TAMS 0x0000000609c00000| PB 0x0000000609c00000| Complete |  0
|  17|0x000000060a000000, 0x000000060a000000, 0x000000060a400000|  0%| F|  |TAMS 0x000000060a000000| PB 0x000000060a000000| Untracked |  0
|  18|0x000000060a400000, 0x000000060a400000, 0x000000060a800000|  0%| F|  |TAMS 0x000000060a400000| PB 0x000000060a400000| Untracked |  0
|  19|0x000000060a800000, 0x000000060a800000, 0x000000060ac00000|  0%| F|  |TAMS 0x000000060a800000| PB 0x000000060a800000| Untracked |  0
|  20|0x000000060ac00000, 0x000000060ac00000, 0x000000060b000000|  0%| F|  |TAMS 0x000000060ac00000| PB 0x000000060ac00000| Untracked |  0
|  21|0x000000060b000000, 0x000000060b000000, 0x000000060b400000|  0%| F|  |TAMS 0x000000060b000000| PB 0x000000060b000000| Untracked |  0
|  22|0x000000060b400000, 0x000000060b400000, 0x000000060b800000|  0%| F|  |TAMS 0x000000060b400000| PB 0x000000060b400000| Untracked |  0
|  23|0x000000060b800000, 0x000000060b800000, 0x000000060bc00000|  0%| F|  |TAMS 0x000000060b800000| PB 0x000000060b800000| Untracked |  0
|  24|0x000000060bc00000, 0x000000060bc00000, 0x000000060c000000|  0%| F|  |TAMS 0x000000060bc00000| PB 0x000000060bc00000| Untracked |  0
|  25|0x000000060c000000, 0x000000060c000000, 0x000000060c400000|  0%| F|  |TAMS 0x000000060c000000| PB 0x000000060c000000| Untracked |  0
|  26|0x000000060c400000, 0x000000060c400000, 0x000000060c800000|  0%| F|  |TAMS 0x000000060c400000| PB 0x000000060c400000| Untracked |  0
|  27|0x000000060c800000, 0x000000060c800000, 0x000000060cc00000|  0%| F|  |TAMS 0x000000060c800000| PB 0x000000060c800000| Untracked |  0
|  28|0x000000060cc00000, 0x000000060cc00000, 0x000000060d000000|  0%| F|  |TAMS 0x000000060cc00000| PB 0x000000060cc00000| Untracked |  0
|  29|0x000000060d000000, 0x000000060d000000, 0x000000060d400000|  0%| F|  |TAMS 0x000000060d000000| PB 0x000000060d000000| Untracked |  0
|  30|0x000000060d400000, 0x000000060d400000, 0x000000060d800000|  0%| F|  |TAMS 0x000000060d400000| PB 0x000000060d400000| Untracked |  0
|  31|0x000000060d800000, 0x000000060d800000, 0x000000060dc00000|  0%| F|  |TAMS 0x000000060d800000| PB 0x000000060d800000| Untracked |  0
|  32|0x000000060dc00000, 0x000000060dc00000, 0x000000060e000000|  0%| F|  |TAMS 0x000000060dc00000| PB 0x000000060dc00000| Untracked |  0
|  33|0x000000060e000000, 0x000000060e000000, 0x000000060e400000|  0%| F|  |TAMS 0x000000060e000000| PB 0x000000060e000000| Untracked |  0
|  34|0x000000060e400000, 0x000000060e400000, 0x000000060e800000|  0%| F|  |TAMS 0x000000060e400000| PB 0x000000060e400000| Untracked |  0
|  35|0x000000060e800000, 0x000000060e800000, 0x000000060ec00000|  0%| F|  |TAMS 0x000000060e800000| PB 0x000000060e800000| Untracked |  0
|  36|0x000000060ec00000, 0x000000060ec00000, 0x000000060f000000|  0%| F|  |TAMS 0x000000060ec00000| PB 0x000000060ec00000| Untracked |  0
|  37|0x000000060f000000, 0x000000060f000000, 0x000000060f400000|  0%| F|  |TAMS 0x000000060f000000| PB 0x000000060f000000| Untracked |  0
|  38|0x000000060f400000, 0x000000060f400000, 0x000000060f800000|  0%| F|  |TAMS 0x000000060f400000| PB 0x000000060f400000| Untracked |  0
|  39|0x000000060f800000, 0x000000060f800000, 0x000000060fc00000|  0%| F|  |TAMS 0x000000060f800000| PB 0x000000060f800000| Untracked |  0
|  40|0x000000060fc00000, 0x000000060fc00000, 0x0000000610000000|  0%| F|  |TAMS 0x000000060fc00000| PB 0x000000060fc00000| Untracked |  0
|  41|0x0000000610000000, 0x0000000610000000, 0x0000000610400000|  0%| F|  |TAMS 0x0000000610000000| PB 0x0000000610000000| Untracked |  0
|  42|0x0000000610400000, 0x0000000610400000, 0x0000000610800000|  0%| F|  |TAMS 0x0000000610400000| PB 0x0000000610400000| Untracked |  0
|  43|0x0000000610800000, 0x0000000610800000, 0x0000000610c00000|  0%| F|  |TAMS 0x0000000610800000| PB 0x0000000610800000| Untracked |  0
|  44|0x0000000610c00000, 0x0000000610c00000, 0x0000000611000000|  0%| F|  |TAMS 0x0000000610c00000| PB 0x0000000610c00000| Untracked |  0
|  45|0x0000000611000000, 0x0000000611000000, 0x0000000611400000|  0%| F|  |TAMS 0x0000000611000000| PB 0x0000000611000000| Untracked |  0
|  46|0x0000000611400000, 0x0000000611400000, 0x0000000611800000|  0%| F|  |TAMS 0x0000000611400000| PB 0x0000000611400000| Untracked |  0
|  47|0x0000000611800000, 0x0000000611800000, 0x0000000611c00000|  0%| F|  |TAMS 0x0000000611800000| PB 0x0000000611800000| Untracked |  0
|  48|0x0000000611c00000, 0x0000000611c00000, 0x0000000612000000|  0%| F|  |TAMS 0x0000000611c00000| PB 0x0000000611c00000| Untracked |  0
|  49|0x0000000612000000, 0x0000000612000000, 0x0000000612400000|  0%| F|  |TAMS 0x0000000612000000| PB 0x0000000612000000| Untracked |  0
|  50|0x0000000612400000, 0x0000000612400000, 0x0000000612800000|  0%| F|  |TAMS 0x0000000612400000| PB 0x0000000612400000| Untracked |  0
|  51|0x0000000612800000, 0x0000000612800000, 0x0000000612c00000|  0%| F|  |TAMS 0x0000000612800000| PB 0x0000000612800000| Untracked |  0
|  52|0x0000000612c00000, 0x0000000612c00000, 0x0000000613000000|  0%| F|  |TAMS 0x0000000612c00000| PB 0x0000000612c00000| Untracked |  0
|  53|0x0000000613000000, 0x0000000613000000, 0x0000000613400000|  0%| F|  |TAMS 0x0000000613000000| PB 0x0000000613000000| Untracked |  0
|  54|0x0000000613400000, 0x0000000613400000, 0x0000000613800000|  0%| F|  |TAMS 0x0000000613400000| PB 0x0000000613400000| Untracked |  0
|  55|0x0000000613800000, 0x0000000613800000, 0x0000000613c00000|  0%| F|  |TAMS 0x0000000613800000| PB 0x0000000613800000| Untracked |  0
|  56|0x0000000613c00000, 0x0000000613c00000, 0x0000000614000000|  0%| F|  |TAMS 0x0000000613c00000| PB 0x0000000613c00000| Untracked |  0
|  57|0x0000000614000000, 0x0000000614000000, 0x0000000614400000|  0%| F|  |TAMS 0x0000000614000000| PB 0x0000000614000000| Untracked |  0
|  58|0x0000000614400000, 0x0000000614400000, 0x0000000614800000|  0%| F|  |TAMS 0x0000000614400000| PB 0x0000000614400000| Untracked |  0
|  59|0x0000000614800000, 0x0000000614800000, 0x0000000614c00000|  0%| F|  |TAMS 0x0000000614800000| PB 0x0000000614800000| Untracked |  0
|  60|0x0000000614c00000, 0x0000000614c00000, 0x0000000615000000|  0%| F|  |TAMS 0x0000000614c00000| PB 0x0000000614c00000| Untracked |  0
|  61|0x0000000615000000, 0x0000000615000000, 0x0000000615400000|  0%| F|  |TAMS 0x0000000615000000| PB 0x0000000615000000| Untracked |  0
|  62|0x0000000615400000, 0x0000000615400000, 0x0000000615800000|  0%| F|  |TAMS 0x0000000615400000| PB 0x0000000615400000| Untracked |  0
|  63|0x0000000615800000, 0x0000000615800000, 0x0000000615c00000|  0%| F|  |TAMS 0x0000000615800000| PB 0x0000000615800000| Untracked |  0
|  64|0x0000000615c00000, 0x0000000615c00000, 0x0000000616000000|  0%| F|  |TAMS 0x0000000615c00000| PB 0x0000000615c00000| Untracked |  0
|  65|0x0000000616000000, 0x0000000616000000, 0x0000000616400000|  0%| F|  |TAMS 0x0000000616000000| PB 0x0000000616000000| Untracked |  0
|  66|0x0000000616400000, 0x0000000616400000, 0x0000000616800000|  0%| F|  |TAMS 0x0000000616400000| PB 0x0000000616400000| Untracked |  0
|  67|0x0000000616800000, 0x0000000616800000, 0x0000000616c00000|  0%| F|  |TAMS 0x0000000616800000| PB 0x0000000616800000| Untracked |  0
|  68|0x0000000616c00000, 0x0000000616c00000, 0x0000000617000000|  0%| F|  |TAMS 0x0000000616c00000| PB 0x0000000616c00000| Untracked |  0
|  69|0x0000000617000000, 0x0000000617000000, 0x0000000617400000|  0%| F|  |TAMS 0x0000000617000000| PB 0x0000000617000000| Untracked |  0
|  70|0x0000000617400000, 0x0000000617400000, 0x0000000617800000|  0%| F|  |TAMS 0x0000000617400000| PB 0x0000000617400000| Untracked |  0
|  71|0x0000000617800000, 0x0000000617800000, 0x0000000617c00000|  0%| F|  |TAMS 0x0000000617800000| PB 0x0000000617800000| Untracked |  0
|  72|0x0000000617c00000, 0x0000000617c00000, 0x0000000618000000|  0%| F|  |TAMS 0x0000000617c00000| PB 0x0000000617c00000| Untracked |  0
|  73|0x0000000618000000, 0x0000000618000000, 0x0000000618400000|  0%| F|  |TAMS 0x0000000618000000| PB 0x0000000618000000| Untracked |  0
|  74|0x0000000618400000, 0x0000000618400000, 0x0000000618800000|  0%| F|  |TAMS 0x0000000618400000| PB 0x0000000618400000| Untracked |  0
|  75|0x0000000618800000, 0x0000000618800000, 0x0000000618c00000|  0%| F|  |TAMS 0x0000000618800000| PB 0x0000000618800000| Untracked |  0
|  76|0x0000000618c00000, 0x0000000618c00000, 0x0000000619000000|  0%| F|  |TAMS 0x0000000618c00000| PB 0x0000000618c00000| Untracked |  0
|  77|0x0000000619000000, 0x0000000619000000, 0x0000000619400000|  0%| F|  |TAMS 0x0000000619000000| PB 0x0000000619000000| Untracked |  0
|  78|0x0000000619400000, 0x0000000619400000, 0x0000000619800000|  0%| F|  |TAMS 0x0000000619400000| PB 0x0000000619400000| Untracked |  0
|  79|0x0000000619800000, 0x0000000619800000, 0x0000000619c00000|  0%| F|  |TAMS 0x0000000619800000| PB 0x0000000619800000| Untracked |  0
|  80|0x0000000619c00000, 0x0000000619c00000, 0x000000061a000000|  0%| F|  |TAMS 0x0000000619c00000| PB 0x0000000619c00000| Untracked |  0
|  81|0x000000061a000000, 0x000000061a000000, 0x000000061a400000|  0%| F|  |TAMS 0x000000061a000000| PB 0x000000061a000000| Untracked |  0
|  82|0x000000061a400000, 0x000000061a400000, 0x000000061a800000|  0%| F|  |TAMS 0x000000061a400000| PB 0x000000061a400000| Untracked |  0
|  83|0x000000061a800000, 0x000000061a800000, 0x000000061ac00000|  0%| F|  |TAMS 0x000000061a800000| PB 0x000000061a800000| Untracked |  0
|  84|0x000000061ac00000, 0x000000061ac00000, 0x000000061b000000|  0%| F|  |TAMS 0x000000061ac00000| PB 0x000000061ac00000| Untracked |  0
|  85|0x000000061b000000, 0x000000061b000000, 0x000000061b400000|  0%| F|  |TAMS 0x000000061b000000| PB 0x000000061b000000| Untracked |  0
|  86|0x000000061b400000, 0x000000061b400000, 0x000000061b800000|  0%| F|  |TAMS 0x000000061b400000| PB 0x000000061b400000| Untracked |  0
|  87|0x000000061b800000, 0x000000061b800000, 0x000000061bc00000|  0%| F|  |TAMS 0x000000061b800000| PB 0x000000061b800000| Untracked |  0
|  88|0x000000061bc00000, 0x000000061bc00000, 0x000000061c000000|  0%| F|  |TAMS 0x000000061bc00000| PB 0x000000061bc00000| Untracked |  0
|  89|0x000000061c000000, 0x000000061c000000, 0x000000061c400000|  0%| F|  |TAMS 0x000000061c000000| PB 0x000000061c000000| Untracked |  0
|  90|0x000000061c400000, 0x000000061c400000, 0x000000061c800000|  0%| F|  |TAMS 0x000000061c400000| PB 0x000000061c400000| Untracked |  0
|  91|0x000000061c800000, 0x000000061c800000, 0x000000061cc00000|  0%| F|  |TAMS 0x000000061c800000| PB 0x000000061c800000| Untracked |  0
|  92|0x000000061cc00000, 0x000000061cc00000, 0x000000061d000000|  0%| F|  |TAMS 0x000000061cc00000| PB 0x000000061cc00000| Untracked |  0
|  93|0x000000061d000000, 0x000000061d000000, 0x000000061d400000|  0%| F|  |TAMS 0x000000061d000000| PB 0x000000061d000000| Untracked |  0
|  94|0x000000061d400000, 0x000000061d400000, 0x000000061d800000|  0%| F|  |TAMS 0x000000061d400000| PB 0x000000061d400000| Untracked |  0
|  95|0x000000061d800000, 0x000000061d800000, 0x000000061dc00000|  0%| F|  |TAMS 0x000000061d800000| PB 0x000000061d800000| Untracked |  0
|  96|0x000000061dc00000, 0x000000061dc00000, 0x000000061e000000|  0%| F|  |TAMS 0x000000061dc00000| PB 0x000000061dc00000| Untracked |  0
|  97|0x000000061e000000, 0x000000061e000000, 0x000000061e400000|  0%| F|  |TAMS 0x000000061e000000| PB 0x000000061e000000| Untracked |  0
|  98|0x000000061e400000, 0x000000061e400000, 0x000000061e800000|  0%| F|  |TAMS 0x000000061e400000| PB 0x000000061e400000| Untracked |  0
|  99|0x000000061e800000, 0x000000061e800000, 0x000000061ec00000|  0%| F|  |TAMS 0x000000061e800000| PB 0x000000061e800000| Untracked |  0
| 100|0x000000061ec00000, 0x000000061ec00000, 0x000000061f000000|  0%| F|  |TAMS 0x000000061ec00000| PB 0x000000061ec00000| Untracked |  0
| 101|0x000000061f000000, 0x000000061f000000, 0x000000061f400000|  0%| F|  |TAMS 0x000000061f000000| PB 0x000000061f000000| Untracked |  0
| 102|0x000000061f400000, 0x000000061f400000, 0x000000061f800000|  0%| F|  |TAMS 0x000000061f400000| PB 0x000000061f400000| Untracked |  0
| 103|0x000000061f800000, 0x000000061f800000, 0x000000061fc00000|  0%| F|  |TAMS 0x000000061f800000| PB 0x000000061f800000| Untracked |  0
| 104|0x000000061fc00000, 0x000000061fc00000, 0x0000000620000000|  0%| F|  |TAMS 0x000000061fc00000| PB 0x000000061fc00000| Untracked |  0
| 105|0x0000000620000000, 0x0000000620000000, 0x0000000620400000|  0%| F|  |TAMS 0x0000000620000000| PB 0x0000000620000000| Untracked |  0
| 106|0x0000000620400000, 0x0000000620400000, 0x0000000620800000|  0%| F|  |TAMS 0x0000000620400000| PB 0x0000000620400000| Untracked |  0
| 107|0x0000000620800000, 0x0000000620800000, 0x0000000620c00000|  0%| F|  |TAMS 0x0000000620800000| PB 0x0000000620800000| Untracked |  0
| 108|0x0000000620c00000, 0x0000000620c00000, 0x0000000621000000|  0%| F|  |TAMS 0x0000000620c00000| PB 0x0000000620c00000| Untracked |  0
| 109|0x0000000621000000, 0x0000000621000000, 0x0000000621400000|  0%| F|  |TAMS 0x0000000621000000| PB 0x0000000621000000| Untracked |  0
| 110|0x0000000621400000, 0x0000000621400000, 0x0000000621800000|  0%| F|  |TAMS 0x0000000621400000| PB 0x0000000621400000| Untracked |  0
| 111|0x0000000621800000, 0x0000000621800000, 0x0000000621c00000|  0%| F|  |TAMS 0x0000000621800000| PB 0x0000000621800000| Untracked |  0
| 112|0x0000000621c00000, 0x0000000621c00000, 0x0000000622000000|  0%| F|  |TAMS 0x0000000621c00000| PB 0x0000000621c00000| Untracked |  0
| 113|0x0000000622000000, 0x0000000622000000, 0x0000000622400000|  0%| F|  |TAMS 0x0000000622000000| PB 0x0000000622000000| Untracked |  0
| 114|0x0000000622400000, 0x0000000622400000, 0x0000000622800000|  0%| F|  |TAMS 0x0000000622400000| PB 0x0000000622400000| Untracked |  0
| 115|0x0000000622800000, 0x0000000622800000, 0x0000000622c00000|  0%| F|  |TAMS 0x0000000622800000| PB 0x0000000622800000| Untracked |  0
| 116|0x0000000622c00000, 0x0000000622c00000, 0x0000000623000000|  0%| F|  |TAMS 0x0000000622c00000| PB 0x0000000622c00000| Untracked |  0
| 117|0x0000000623000000, 0x0000000623000000, 0x0000000623400000|  0%| F|  |TAMS 0x0000000623000000| PB 0x0000000623000000| Untracked |  0
| 118|0x0000000623400000, 0x0000000623400000, 0x0000000623800000|  0%| F|  |TAMS 0x0000000623400000| PB 0x0000000623400000| Untracked |  0
| 119|0x0000000623800000, 0x0000000623800000, 0x0000000623c00000|  0%| F|  |TAMS 0x0000000623800000| PB 0x0000000623800000| Untracked |  0
| 120|0x0000000623c00000, 0x0000000623c00000, 0x0000000624000000|  0%| F|  |TAMS 0x0000000623c00000| PB 0x0000000623c00000| Untracked |  0
| 121|0x0000000624000000, 0x0000000624000000, 0x0000000624400000|  0%| F|  |TAMS 0x0000000624000000| PB 0x0000000624000000| Untracked |  0
| 122|0x0000000624400000, 0x0000000624400000, 0x0000000624800000|  0%| F|  |TAMS 0x0000000624400000| PB 0x0000000624400000| Untracked |  0
| 123|0x0000000624800000, 0x0000000624800000, 0x0000000624c00000|  0%| F|  |TAMS 0x0000000624800000| PB 0x0000000624800000| Untracked |  0
| 124|0x0000000624c00000, 0x0000000624c00000, 0x0000000625000000|  0%| F|  |TAMS 0x0000000624c00000| PB 0x0000000624c00000| Untracked |  0
| 125|0x0000000625000000, 0x0000000625000000, 0x0000000625400000|  0%| F|  |TAMS 0x0000000625000000| PB 0x0000000625000000| Untracked |  0
| 126|0x0000000625400000, 0x0000000625400000, 0x0000000625800000|  0%| F|  |TAMS 0x0000000625400000| PB 0x0000000625400000| Untracked |  0
| 127|0x0000000625800000, 0x0000000625800000, 0x0000000625c00000|  0%| F|  |TAMS 0x0000000625800000| PB 0x0000000625800000| Untracked |  0
| 128|0x0000000625c00000, 0x0000000625c00000, 0x0000000626000000|  0%| F|  |TAMS 0x0000000625c00000| PB 0x0000000625c00000| Untracked |  0
| 129|0x0000000626000000, 0x0000000626000000, 0x0000000626400000|  0%| F|  |TAMS 0x0000000626000000| PB 0x0000000626000000| Untracked |  0
| 130|0x0000000626400000, 0x0000000626400000, 0x0000000626800000|  0%| F|  |TAMS 0x0000000626400000| PB 0x0000000626400000| Untracked |  0
| 131|0x0000000626800000, 0x0000000626800000, 0x0000000626c00000|  0%| F|  |TAMS 0x0000000626800000| PB 0x0000000626800000| Untracked |  0
| 132|0x0000000626c00000, 0x0000000626c00000, 0x0000000627000000|  0%| F|  |TAMS 0x0000000626c00000| PB 0x0000000626c00000| Untracked |  0
| 133|0x0000000627000000, 0x0000000627000000, 0x0000000627400000|  0%| F|  |TAMS 0x0000000627000000| PB 0x0000000627000000| Untracked |  0
| 134|0x0000000627400000, 0x0000000627400000, 0x0000000627800000|  0%| F|  |TAMS 0x0000000627400000| PB 0x0000000627400000| Untracked |  0
| 135|0x0000000627800000, 0x0000000627800000, 0x0000000627c00000|  0%| F|  |TAMS 0x0000000627800000| PB 0x0000000627800000| Untracked |  0
| 136|0x0000000627c00000, 0x0000000627c00000, 0x0000000628000000|  0%| F|  |TAMS 0x0000000627c00000| PB 0x0000000627c00000| Untracked |  0
| 137|0x0000000628000000, 0x0000000628000000, 0x0000000628400000|  0%| F|  |TAMS 0x0000000628000000| PB 0x0000000628000000| Untracked |  0
| 138|0x0000000628400000, 0x0000000628400000, 0x0000000628800000|  0%| F|  |TAMS 0x0000000628400000| PB 0x0000000628400000| Untracked |  0
| 139|0x0000000628800000, 0x0000000628800000, 0x0000000628c00000|  0%| F|  |TAMS 0x0000000628800000| PB 0x0000000628800000| Untracked |  0
| 140|0x0000000628c00000, 0x0000000628c00000, 0x0000000629000000|  0%| F|  |TAMS 0x0000000628c00000| PB 0x0000000628c00000| Untracked |  0
| 141|0x0000000629000000, 0x0000000629000000, 0x0000000629400000|  0%| F|  |TAMS 0x0000000629000000| PB 0x0000000629000000| Untracked |  0
| 142|0x0000000629400000, 0x0000000629400000, 0x0000000629800000|  0%| F|  |TAMS 0x0000000629400000| PB 0x0000000629400000| Untracked |  0
| 143|0x0000000629800000, 0x0000000629800000, 0x0000000629c00000|  0%| F|  |TAMS 0x0000000629800000| PB 0x0000000629800000| Untracked |  0
| 144|0x0000000629c00000, 0x0000000629c00000, 0x000000062a000000|  0%| F|  |TAMS 0x0000000629c00000| PB 0x0000000629c00000| Untracked |  0
| 145|0x000000062a000000, 0x000000062a000000, 0x000000062a400000|  0%| F|  |TAMS 0x000000062a000000| PB 0x000000062a000000| Untracked |  0
| 146|0x000000062a400000, 0x000000062a400000, 0x000000062a800000|  0%| F|  |TAMS 0x000000062a400000| PB 0x000000062a400000| Untracked |  0
| 147|0x000000062a800000, 0x000000062a800000, 0x000000062ac00000|  0%| F|  |TAMS 0x000000062a800000| PB 0x000000062a800000| Untracked |  0
| 148|0x000000062ac00000, 0x000000062ac00000, 0x000000062b000000|  0%| F|  |TAMS 0x000000062ac00000| PB 0x000000062ac00000| Untracked |  0
| 149|0x000000062b000000, 0x000000062b000000, 0x000000062b400000|  0%| F|  |TAMS 0x000000062b000000| PB 0x000000062b000000| Untracked |  0
| 150|0x000000062b400000, 0x000000062b400000, 0x000000062b800000|  0%| F|  |TAMS 0x000000062b400000| PB 0x000000062b400000| Untracked |  0
| 151|0x000000062b800000, 0x000000062b800000, 0x000000062bc00000|  0%| F|  |TAMS 0x000000062b800000| PB 0x000000062b800000| Untracked |  0
| 152|0x000000062bc00000, 0x000000062bc00000, 0x000000062c000000|  0%| F|  |TAMS 0x000000062bc00000| PB 0x000000062bc00000| Untracked |  0
| 153|0x000000062c000000, 0x000000062c000000, 0x000000062c400000|  0%| F|  |TAMS 0x000000062c000000| PB 0x000000062c000000| Untracked |  0
| 154|0x000000062c400000, 0x000000062c400000, 0x000000062c800000|  0%| F|  |TAMS 0x000000062c400000| PB 0x000000062c400000| Untracked |  0
| 155|0x000000062c800000, 0x000000062c800000, 0x000000062cc00000|  0%| F|  |TAMS 0x000000062c800000| PB 0x000000062c800000| Untracked |  0
| 156|0x000000062cc00000, 0x000000062cc00000, 0x000000062d000000|  0%| F|  |TAMS 0x000000062cc00000| PB 0x000000062cc00000| Untracked |  0
| 157|0x000000062d000000, 0x000000062d000000, 0x000000062d400000|  0%| F|  |TAMS 0x000000062d000000| PB 0x000000062d000000| Untracked |  0
| 158|0x000000062d400000, 0x000000062d400000, 0x000000062d800000|  0%| F|  |TAMS 0x000000062d400000| PB 0x000000062d400000| Untracked |  0
| 159|0x000000062d800000, 0x000000062d800000, 0x000000062dc00000|  0%| F|  |TAMS 0x000000062d800000| PB 0x000000062d800000| Untracked |  0
| 160|0x000000062dc00000, 0x000000062dc00000, 0x000000062e000000|  0%| F|  |TAMS 0x000000062dc00000| PB 0x000000062dc00000| Untracked |  0
| 161|0x000000062e000000, 0x000000062e000000, 0x000000062e400000|  0%| F|  |TAMS 0x000000062e000000| PB 0x000000062e000000| Untracked |  0
| 162|0x000000062e400000, 0x000000062e400000, 0x000000062e800000|  0%| F|  |TAMS 0x000000062e400000| PB 0x000000062e400000| Untracked |  0
| 163|0x000000062e800000, 0x000000062e800000, 0x000000062ec00000|  0%| F|  |TAMS 0x000000062e800000| PB 0x000000062e800000| Untracked |  0
| 164|0x000000062ec00000, 0x000000062ec00000, 0x000000062f000000|  0%| F|  |TAMS 0x000000062ec00000| PB 0x000000062ec00000| Untracked |  0
| 165|0x000000062f000000, 0x000000062f000000, 0x000000062f400000|  0%| F|  |TAMS 0x000000062f000000| PB 0x000000062f000000| Untracked |  0
| 166|0x000000062f400000, 0x000000062f400000, 0x000000062f800000|  0%| F|  |TAMS 0x000000062f400000| PB 0x000000062f400000| Untracked |  0
| 167|0x000000062f800000, 0x000000062f800000, 0x000000062fc00000|  0%| F|  |TAMS 0x000000062f800000| PB 0x000000062f800000| Untracked |  0
| 168|0x000000062fc00000, 0x000000062fc00000, 0x0000000630000000|  0%| F|  |TAMS 0x000000062fc00000| PB 0x000000062fc00000| Untracked |  0
| 169|0x0000000630000000, 0x0000000630000000, 0x0000000630400000|  0%| F|  |TAMS 0x0000000630000000| PB 0x0000000630000000| Untracked |  0
| 170|0x0000000630400000, 0x0000000630400000, 0x0000000630800000|  0%| F|  |TAMS 0x0000000630400000| PB 0x0000000630400000| Untracked |  0
| 171|0x0000000630800000, 0x0000000630800000, 0x0000000630c00000|  0%| F|  |TAMS 0x0000000630800000| PB 0x0000000630800000| Untracked |  0
| 172|0x0000000630c00000, 0x0000000630c00000, 0x0000000631000000|  0%| F|  |TAMS 0x0000000630c00000| PB 0x0000000630c00000| Untracked |  0
| 173|0x0000000631000000, 0x0000000631000000, 0x0000000631400000|  0%| F|  |TAMS 0x0000000631000000| PB 0x0000000631000000| Untracked |  0
| 174|0x0000000631400000, 0x0000000631400000, 0x0000000631800000|  0%| F|  |TAMS 0x0000000631400000| PB 0x0000000631400000| Untracked |  0
| 175|0x0000000631800000, 0x0000000631800000, 0x0000000631c00000|  0%| F|  |TAMS 0x0000000631800000| PB 0x0000000631800000| Untracked |  0
| 176|0x0000000631c00000, 0x0000000631c00000, 0x0000000632000000|  0%| F|  |TAMS 0x0000000631c00000| PB 0x0000000631c00000| Untracked |  0
| 177|0x0000000632000000, 0x0000000632000000, 0x0000000632400000|  0%| F|  |TAMS 0x0000000632000000| PB 0x0000000632000000| Untracked |  0
| 178|0x0000000632400000, 0x0000000632400000, 0x0000000632800000|  0%| F|  |TAMS 0x0000000632400000| PB 0x0000000632400000| Untracked |  0
| 179|0x0000000632800000, 0x0000000632800000, 0x0000000632c00000|  0%| F|  |TAMS 0x0000000632800000| PB 0x0000000632800000| Untracked |  0
| 180|0x0000000632c00000, 0x0000000632c00000, 0x0000000633000000|  0%| F|  |TAMS 0x0000000632c00000| PB 0x0000000632c00000| Untracked |  0
| 181|0x0000000633000000, 0x0000000633000000, 0x0000000633400000|  0%| F|  |TAMS 0x0000000633000000| PB 0x0000000633000000| Untracked |  0
| 182|0x0000000633400000, 0x0000000633400000, 0x0000000633800000|  0%| F|  |TAMS 0x0000000633400000| PB 0x0000000633400000| Untracked |  0
| 183|0x0000000633800000, 0x0000000633800000, 0x0000000633c00000|  0%| F|  |TAMS 0x0000000633800000| PB 0x0000000633800000| Untracked |  0
| 184|0x0000000633c00000, 0x0000000633c00000, 0x0000000634000000|  0%| F|  |TAMS 0x0000000633c00000| PB 0x0000000633c00000| Untracked |  0
| 185|0x0000000634000000, 0x0000000634000000, 0x0000000634400000|  0%| F|  |TAMS 0x0000000634000000| PB 0x0000000634000000| Untracked |  0
| 186|0x0000000634400000, 0x0000000634400000, 0x0000000634800000|  0%| F|  |TAMS 0x0000000634400000| PB 0x0000000634400000| Untracked |  0
| 187|0x0000000634800000, 0x0000000634800000, 0x0000000634c00000|  0%| F|  |TAMS 0x0000000634800000| PB 0x0000000634800000| Untracked |  0
| 188|0x0000000634c00000, 0x0000000634c00000, 0x0000000635000000|  0%| F|  |TAMS 0x0000000634c00000| PB 0x0000000634c00000| Untracked |  0
| 189|0x0000000635000000, 0x0000000635000000, 0x0000000635400000|  0%| F|  |TAMS 0x0000000635000000| PB 0x0000000635000000| Untracked |  0
| 190|0x0000000635400000, 0x0000000635400000, 0x0000000635800000|  0%| F|  |TAMS 0x0000000635400000| PB 0x0000000635400000| Untracked |  0
| 191|0x0000000635800000, 0x0000000635800000, 0x0000000635c00000|  0%| F|  |TAMS 0x0000000635800000| PB 0x0000000635800000| Untracked |  0
| 192|0x0000000635c00000, 0x0000000635c00000, 0x0000000636000000|  0%| F|  |TAMS 0x0000000635c00000| PB 0x0000000635c00000| Untracked |  0
| 193|0x0000000636000000, 0x0000000636000000, 0x0000000636400000|  0%| F|  |TAMS 0x0000000636000000| PB 0x0000000636000000| Untracked |  0
| 194|0x0000000636400000, 0x0000000636400000, 0x0000000636800000|  0%| F|  |TAMS 0x0000000636400000| PB 0x0000000636400000| Untracked |  0
| 195|0x0000000636800000, 0x0000000636800000, 0x0000000636c00000|  0%| F|  |TAMS 0x0000000636800000| PB 0x0000000636800000| Untracked |  0
| 196|0x0000000636c00000, 0x0000000636c00000, 0x0000000637000000|  0%| F|  |TAMS 0x0000000636c00000| PB 0x0000000636c00000| Untracked |  0
| 197|0x0000000637000000, 0x0000000637000000, 0x0000000637400000|  0%| F|  |TAMS 0x0000000637000000| PB 0x0000000637000000| Untracked |  0
| 198|0x0000000637400000, 0x0000000637400000, 0x0000000637800000|  0%| F|  |TAMS 0x0000000637400000| PB 0x0000000637400000| Untracked |  0
| 199|0x0000000637800000, 0x0000000637800000, 0x0000000637c00000|  0%| F|  |TAMS 0x0000000637800000| PB 0x0000000637800000| Untracked |  0
| 200|0x0000000637c00000, 0x0000000637c00000, 0x0000000638000000|  0%| F|  |TAMS 0x0000000637c00000| PB 0x0000000637c00000| Untracked |  0
| 201|0x0000000638000000, 0x0000000638000000, 0x0000000638400000|  0%| F|  |TAMS 0x0000000638000000| PB 0x0000000638000000| Untracked |  0
| 202|0x0000000638400000, 0x0000000638400000, 0x0000000638800000|  0%| F|  |TAMS 0x0000000638400000| PB 0x0000000638400000| Untracked |  0
| 203|0x0000000638800000, 0x0000000638800000, 0x0000000638c00000|  0%| F|  |TAMS 0x0000000638800000| PB 0x0000000638800000| Untracked |  0
| 204|0x0000000638c00000, 0x0000000638c00000, 0x0000000639000000|  0%| F|  |TAMS 0x0000000638c00000| PB 0x0000000638c00000| Untracked |  0
| 205|0x0000000639000000, 0x0000000639000000, 0x0000000639400000|  0%| F|  |TAMS 0x0000000639000000| PB 0x0000000639000000| Untracked |  0
| 206|0x0000000639400000, 0x0000000639400000, 0x0000000639800000|  0%| F|  |TAMS 0x0000000639400000| PB 0x0000000639400000| Untracked |  0
| 207|0x0000000639800000, 0x0000000639800000, 0x0000000639c00000|  0%| F|  |TAMS 0x0000000639800000| PB 0x0000000639800000| Untracked |  0
| 208|0x0000000639c00000, 0x0000000639f76248, 0x000000063a000000| 86%| O|Cr|TAMS 0x0000000639c00000| PB 0x0000000639c00000| Complete |  0
| 209|0x000000063a000000, 0x000000063a400000, 0x000000063a400000|100%| O|  |TAMS 0x000000063a000000| PB 0x000000063a000000| Untracked |  0
| 210|0x000000063a400000, 0x000000063a800000, 0x000000063a800000|100%| O|  |TAMS 0x000000063a400000| PB 0x000000063a400000| Untracked |  0
| 211|0x000000063a800000, 0x000000063a800000, 0x000000063ac00000|  0%| F|  |TAMS 0x000000063a800000| PB 0x000000063a800000| Untracked |  0
| 212|0x000000063ac00000, 0x000000063b000000, 0x000000063b000000|100%| O|Cr|TAMS 0x000000063ac00000| PB 0x000000063ac00000| Complete |  0
| 213|0x000000063b000000, 0x000000063b000000, 0x000000063b400000|  0%| F|  |TAMS 0x000000063b000000| PB 0x000000063b000000| Untracked |  0
| 214|0x000000063b400000, 0x000000063b7ef200, 0x000000063b800000| 98%| S|CS|TAMS 0x000000063b400000| PB 0x000000063b400000| Complete |  0
| 215|0x000000063b800000, 0x000000063b800000, 0x000000063bc00000|  0%| F|  |TAMS 0x000000063b800000| PB 0x000000063b800000| Untracked |  0
| 216|0x000000063bc00000, 0x000000063bc00000, 0x000000063c000000|  0%| F|  |TAMS 0x000000063bc00000| PB 0x000000063bc00000| Untracked |  0
| 217|0x000000063c000000, 0x000000063c000000, 0x000000063c400000|  0%| F|  |TAMS 0x000000063c000000| PB 0x000000063c000000| Untracked |  0
| 218|0x000000063c400000, 0x000000063c400000, 0x000000063c800000|  0%| F|  |TAMS 0x000000063c400000| PB 0x000000063c400000| Untracked |  0
| 219|0x000000063c800000, 0x000000063c800000, 0x000000063cc00000|  0%| F|  |TAMS 0x000000063c800000| PB 0x000000063c800000| Untracked |  0
| 220|0x000000063cc00000, 0x000000063cc00000, 0x000000063d000000|  0%| F|  |TAMS 0x000000063cc00000| PB 0x000000063cc00000| Untracked |  0
| 221|0x000000063d000000, 0x000000063d000000, 0x000000063d400000|  0%| F|  |TAMS 0x000000063d000000| PB 0x000000063d000000| Untracked |  0
| 222|0x000000063d400000, 0x000000063d400000, 0x000000063d800000|  0%| F|  |TAMS 0x000000063d400000| PB 0x000000063d400000| Untracked |  0
| 223|0x000000063d800000, 0x000000063d800000, 0x000000063dc00000|  0%| F|  |TAMS 0x000000063d800000| PB 0x000000063d800000| Untracked |  0
| 224|0x000000063dc00000, 0x000000063dc00000, 0x000000063e000000|  0%| F|  |TAMS 0x000000063dc00000| PB 0x000000063dc00000| Untracked |  0
| 225|0x000000063e000000, 0x000000063e000000, 0x000000063e400000|  0%| F|  |TAMS 0x000000063e000000| PB 0x000000063e000000| Untracked |  0
| 226|0x000000063e400000, 0x000000063e400000, 0x000000063e800000|  0%| F|  |TAMS 0x000000063e400000| PB 0x000000063e400000| Untracked |  0
| 227|0x000000063e800000, 0x000000063e800000, 0x000000063ec00000|  0%| F|  |TAMS 0x000000063e800000| PB 0x000000063e800000| Untracked |  0
| 228|0x000000063ec00000, 0x000000063ec00000, 0x000000063f000000|  0%| F|  |TAMS 0x000000063ec00000| PB 0x000000063ec00000| Untracked |  0
| 229|0x000000063f000000, 0x000000063f000000, 0x000000063f400000|  0%| F|  |TAMS 0x000000063f000000| PB 0x000000063f000000| Untracked |  0
| 230|0x000000063f400000, 0x000000063f400000, 0x000000063f800000|  0%| F|  |TAMS 0x000000063f400000| PB 0x000000063f400000| Untracked |  0
| 231|0x000000063f800000, 0x000000063f800000, 0x000000063fc00000|  0%| F|  |TAMS 0x000000063f800000| PB 0x000000063f800000| Untracked |  0
| 232|0x000000063fc00000, 0x000000063fc00000, 0x0000000640000000|  0%| F|  |TAMS 0x000000063fc00000| PB 0x000000063fc00000| Untracked |  0
| 233|0x0000000640000000, 0x0000000640000000, 0x0000000640400000|  0%| F|  |TAMS 0x0000000640000000| PB 0x0000000640000000| Untracked |  0
| 234|0x0000000640400000, 0x0000000640400000, 0x0000000640800000|  0%| F|  |TAMS 0x0000000640400000| PB 0x0000000640400000| Untracked |  0
| 235|0x0000000640800000, 0x0000000640800000, 0x0000000640c00000|  0%| F|  |TAMS 0x0000000640800000| PB 0x0000000640800000| Untracked |  0
| 236|0x0000000640c00000, 0x0000000640c00000, 0x0000000641000000|  0%| F|  |TAMS 0x0000000640c00000| PB 0x0000000640c00000| Untracked |  0
| 237|0x0000000641000000, 0x0000000641000000, 0x0000000641400000|  0%| F|  |TAMS 0x0000000641000000| PB 0x0000000641000000| Untracked |  0
| 238|0x0000000641400000, 0x0000000641400000, 0x0000000641800000|  0%| F|  |TAMS 0x0000000641400000| PB 0x0000000641400000| Untracked |  0
| 239|0x0000000641800000, 0x0000000641800000, 0x0000000641c00000|  0%| F|  |TAMS 0x0000000641800000| PB 0x0000000641800000| Untracked |  0
| 240|0x0000000641c00000, 0x0000000641c00000, 0x0000000642000000|  0%| F|  |TAMS 0x0000000641c00000| PB 0x0000000641c00000| Untracked |  0
| 241|0x0000000642000000, 0x0000000642000000, 0x0000000642400000|  0%| F|  |TAMS 0x0000000642000000| PB 0x0000000642000000| Untracked |  0
| 242|0x0000000642400000, 0x0000000642400000, 0x0000000642800000|  0%| F|  |TAMS 0x0000000642400000| PB 0x0000000642400000| Untracked |  0
| 243|0x0000000642800000, 0x0000000642800000, 0x0000000642c00000|  0%| F|  |TAMS 0x0000000642800000| PB 0x0000000642800000| Untracked |  0
| 244|0x0000000642c00000, 0x0000000642c00000, 0x0000000643000000|  0%| F|  |TAMS 0x0000000642c00000| PB 0x0000000642c00000| Untracked |  0
| 245|0x0000000643000000, 0x0000000643000000, 0x0000000643400000|  0%| F|  |TAMS 0x0000000643000000| PB 0x0000000643000000| Untracked |  0
| 246|0x0000000643400000, 0x0000000643400000, 0x0000000643800000|  0%| F|  |TAMS 0x0000000643400000| PB 0x0000000643400000| Untracked |  0
| 247|0x0000000643800000, 0x0000000643800000, 0x0000000643c00000|  0%| F|  |TAMS 0x0000000643800000| PB 0x0000000643800000| Untracked |  0
| 248|0x0000000643c00000, 0x0000000643c00000, 0x0000000644000000|  0%| F|  |TAMS 0x0000000643c00000| PB 0x0000000643c00000| Untracked |  0
| 249|0x0000000644000000, 0x0000000644000000, 0x0000000644400000|  0%| F|  |TAMS 0x0000000644000000| PB 0x0000000644000000| Untracked |  0
| 250|0x0000000644400000, 0x0000000644400000, 0x0000000644800000|  0%| F|  |TAMS 0x0000000644400000| PB 0x0000000644400000| Untracked |  0
| 251|0x0000000644800000, 0x0000000644800000, 0x0000000644c00000|  0%| F|  |TAMS 0x0000000644800000| PB 0x0000000644800000| Untracked |  0
| 252|0x0000000644c00000, 0x0000000644c00000, 0x0000000645000000|  0%| F|  |TAMS 0x0000000644c00000| PB 0x0000000644c00000| Untracked |  0
| 253|0x0000000645000000, 0x0000000645000000, 0x0000000645400000|  0%| F|  |TAMS 0x0000000645000000| PB 0x0000000645000000| Untracked |  0
| 254|0x0000000645400000, 0x0000000645400000, 0x0000000645800000|  0%| F|  |TAMS 0x0000000645400000| PB 0x0000000645400000| Untracked |  0
| 255|0x0000000645800000, 0x0000000645800000, 0x0000000645c00000|  0%| F|  |TAMS 0x0000000645800000| PB 0x0000000645800000| Untracked |  0
| 256|0x0000000645c00000, 0x0000000645c00000, 0x0000000646000000|  0%| F|  |TAMS 0x0000000645c00000| PB 0x0000000645c00000| Untracked |  0
| 257|0x0000000646000000, 0x0000000646000000, 0x0000000646400000|  0%| F|  |TAMS 0x0000000646000000| PB 0x0000000646000000| Untracked |  0
| 258|0x0000000646400000, 0x0000000646400000, 0x0000000646800000|  0%| F|  |TAMS 0x0000000646400000| PB 0x0000000646400000| Untracked |  0
| 259|0x0000000646800000, 0x0000000646800000, 0x0000000646c00000|  0%| F|  |TAMS 0x0000000646800000| PB 0x0000000646800000| Untracked |  0
| 260|0x0000000646c00000, 0x0000000646c00000, 0x0000000647000000|  0%| F|  |TAMS 0x0000000646c00000| PB 0x0000000646c00000| Untracked |  0
| 261|0x0000000647000000, 0x0000000647000000, 0x0000000647400000|  0%| F|  |TAMS 0x0000000647000000| PB 0x0000000647000000| Untracked |  0
| 262|0x0000000647400000, 0x0000000647400000, 0x0000000647800000|  0%| F|  |TAMS 0x0000000647400000| PB 0x0000000647400000| Untracked |  0
| 263|0x0000000647800000, 0x0000000647800000, 0x0000000647c00000|  0%| F|  |TAMS 0x0000000647800000| PB 0x0000000647800000| Untracked |  0
| 264|0x0000000647c00000, 0x0000000647c00000, 0x0000000648000000|  0%| F|  |TAMS 0x0000000647c00000| PB 0x0000000647c00000| Untracked |  0
| 265|0x0000000648000000, 0x0000000648000000, 0x0000000648400000|  0%| F|  |TAMS 0x0000000648000000| PB 0x0000000648000000| Untracked |  0
| 266|0x0000000648400000, 0x0000000648400000, 0x0000000648800000|  0%| F|  |TAMS 0x0000000648400000| PB 0x0000000648400000| Untracked |  0
| 267|0x0000000648800000, 0x0000000648800000, 0x0000000648c00000|  0%| F|  |TAMS 0x0000000648800000| PB 0x0000000648800000| Untracked |  0
| 268|0x0000000648c00000, 0x0000000648c00000, 0x0000000649000000|  0%| F|  |TAMS 0x0000000648c00000| PB 0x0000000648c00000| Untracked |  0
| 269|0x0000000649000000, 0x0000000649000000, 0x0000000649400000|  0%| F|  |TAMS 0x0000000649000000| PB 0x0000000649000000| Untracked |  0
| 270|0x0000000649400000, 0x0000000649400000, 0x0000000649800000|  0%| F|  |TAMS 0x0000000649400000| PB 0x0000000649400000| Untracked |  0
| 271|0x0000000649800000, 0x0000000649800000, 0x0000000649c00000|  0%| F|  |TAMS 0x0000000649800000| PB 0x0000000649800000| Untracked |  0
| 272|0x0000000649c00000, 0x0000000649c00000, 0x000000064a000000|  0%| F|  |TAMS 0x0000000649c00000| PB 0x0000000649c00000| Untracked |  0
| 273|0x000000064a000000, 0x000000064a000000, 0x000000064a400000|  0%| F|  |TAMS 0x000000064a000000| PB 0x000000064a000000| Untracked |  0
| 274|0x000000064a400000, 0x000000064a400000, 0x000000064a800000|  0%| F|  |TAMS 0x000000064a400000| PB 0x000000064a400000| Untracked |  0
| 275|0x000000064a800000, 0x000000064a800000, 0x000000064ac00000|  0%| F|  |TAMS 0x000000064a800000| PB 0x000000064a800000| Untracked |  0
| 276|0x000000064ac00000, 0x000000064ac00000, 0x000000064b000000|  0%| F|  |TAMS 0x000000064ac00000| PB 0x000000064ac00000| Untracked |  0
| 277|0x000000064b000000, 0x000000064b000000, 0x000000064b400000|  0%| F|  |TAMS 0x000000064b000000| PB 0x000000064b000000| Untracked |  0
| 278|0x000000064b400000, 0x000000064b400000, 0x000000064b800000|  0%| F|  |TAMS 0x000000064b400000| PB 0x000000064b400000| Untracked |  0
| 279|0x000000064b800000, 0x000000064b800000, 0x000000064bc00000|  0%| F|  |TAMS 0x000000064b800000| PB 0x000000064b800000| Untracked |  0
| 280|0x000000064bc00000, 0x000000064bc00000, 0x000000064c000000|  0%| F|  |TAMS 0x000000064bc00000| PB 0x000000064bc00000| Untracked |  0
| 281|0x000000064c000000, 0x000000064c000000, 0x000000064c400000|  0%| F|  |TAMS 0x000000064c000000| PB 0x000000064c000000| Untracked |  0
| 282|0x000000064c400000, 0x000000064c400000, 0x000000064c800000|  0%| F|  |TAMS 0x000000064c400000| PB 0x000000064c400000| Untracked |  0
| 283|0x000000064c800000, 0x000000064c800000, 0x000000064cc00000|  0%| F|  |TAMS 0x000000064c800000| PB 0x000000064c800000| Untracked |  0
| 284|0x000000064cc00000, 0x000000064cc00000, 0x000000064d000000|  0%| F|  |TAMS 0x000000064cc00000| PB 0x000000064cc00000| Untracked |  0
| 285|0x000000064d000000, 0x000000064d000000, 0x000000064d400000|  0%| F|  |TAMS 0x000000064d000000| PB 0x000000064d000000| Untracked |  0
| 286|0x000000064d400000, 0x000000064d400000, 0x000000064d800000|  0%| F|  |TAMS 0x000000064d400000| PB 0x000000064d400000| Untracked |  0
| 287|0x000000064d800000, 0x000000064d800000, 0x000000064dc00000|  0%| F|  |TAMS 0x000000064d800000| PB 0x000000064d800000| Untracked |  0
| 288|0x000000064dc00000, 0x000000064dc00000, 0x000000064e000000|  0%| F|  |TAMS 0x000000064dc00000| PB 0x000000064dc00000| Untracked |  0
| 289|0x000000064e000000, 0x000000064e000000, 0x000000064e400000|  0%| F|  |TAMS 0x000000064e000000| PB 0x000000064e000000| Untracked |  0
| 290|0x000000064e400000, 0x000000064e400000, 0x000000064e800000|  0%| F|  |TAMS 0x000000064e400000| PB 0x000000064e400000| Untracked |  0
| 291|0x000000064e800000, 0x000000064e800000, 0x000000064ec00000|  0%| F|  |TAMS 0x000000064e800000| PB 0x000000064e800000| Untracked |  0
| 292|0x000000064ec00000, 0x000000064ec0e3b0, 0x000000064f000000|  1%| E|  |TAMS 0x000000064ec00000| PB 0x000000064ec00000| Complete |  0
| 293|0x000000064f000000, 0x000000064f400000, 0x000000064f400000|100%| E|CS|TAMS 0x000000064f000000| PB 0x000000064f000000| Complete |  0
| 294|0x000000064f400000, 0x000000064f800000, 0x000000064f800000|100%| E|CS|TAMS 0x000000064f400000| PB 0x000000064f400000| Complete |  0
| 295|0x000000064f800000, 0x000000064fc00000, 0x000000064fc00000|100%| E|CS|TAMS 0x000000064f800000| PB 0x000000064f800000| Complete |  0
| 296|0x000000064fc00000, 0x0000000650000000, 0x0000000650000000|100%| E|CS|TAMS 0x000000064fc00000| PB 0x000000064fc00000| Complete |  0
| 297|0x0000000650000000, 0x0000000650400000, 0x0000000650400000|100%| E|CS|TAMS 0x0000000650000000| PB 0x0000000650000000| Complete |  0
| 298|0x0000000650400000, 0x0000000650800000, 0x0000000650800000|100%| E|CS|TAMS 0x0000000650400000| PB 0x0000000650400000| Complete |  0
| 299|0x0000000650800000, 0x0000000650c00000, 0x0000000650c00000|100%| E|CS|TAMS 0x0000000650800000| PB 0x0000000650800000| Complete |  0
| 300|0x0000000650c00000, 0x0000000651000000, 0x0000000651000000|100%| E|CS|TAMS 0x0000000650c00000| PB 0x0000000650c00000| Complete |  0
| 301|0x0000000651000000, 0x0000000651400000, 0x0000000651400000|100%| E|CS|TAMS 0x0000000651000000| PB 0x0000000651000000| Complete |  0
| 302|0x0000000651400000, 0x0000000651800000, 0x0000000651800000|100%| E|CS|TAMS 0x0000000651400000| PB 0x0000000651400000| Complete |  0
| 303|0x0000000651800000, 0x0000000651c00000, 0x0000000651c00000|100%| E|CS|TAMS 0x0000000651800000| PB 0x0000000651800000| Complete |  0
| 304|0x0000000651c00000, 0x0000000652000000, 0x0000000652000000|100%| E|CS|TAMS 0x0000000651c00000| PB 0x0000000651c00000| Complete |  0
| 305|0x0000000652000000, 0x0000000652400000, 0x0000000652400000|100%| E|CS|TAMS 0x0000000652000000| PB 0x0000000652000000| Complete |  0
| 306|0x0000000652400000, 0x0000000652800000, 0x0000000652800000|100%| E|CS|TAMS 0x0000000652400000| PB 0x0000000652400000| Complete |  0
| 307|0x0000000652800000, 0x0000000652c00000, 0x0000000652c00000|100%| E|CS|TAMS 0x0000000652800000| PB 0x0000000652800000| Complete |  0
| 308|0x0000000652c00000, 0x0000000653000000, 0x0000000653000000|100%| E|CS|TAMS 0x0000000652c00000| PB 0x0000000652c00000| Complete |  0
| 309|0x0000000653000000, 0x0000000653400000, 0x0000000653400000|100%| E|CS|TAMS 0x0000000653000000| PB 0x0000000653000000| Complete |  0
| 310|0x0000000653400000, 0x0000000653800000, 0x0000000653800000|100%| E|CS|TAMS 0x0000000653400000| PB 0x0000000653400000| Complete |  0
| 311|0x0000000653800000, 0x0000000653c00000, 0x0000000653c00000|100%| E|CS|TAMS 0x0000000653800000| PB 0x0000000653800000| Complete |  0
| 312|0x0000000653c00000, 0x0000000654000000, 0x0000000654000000|100%| E|CS|TAMS 0x0000000653c00000| PB 0x0000000653c00000| Complete |  0
| 313|0x0000000654000000, 0x0000000654400000, 0x0000000654400000|100%| E|CS|TAMS 0x0000000654000000| PB 0x0000000654000000| Complete |  0
| 314|0x0000000654400000, 0x0000000654800000, 0x0000000654800000|100%| E|CS|TAMS 0x0000000654400000| PB 0x0000000654400000| Complete |  0
| 315|0x0000000654800000, 0x0000000654c00000, 0x0000000654c00000|100%| E|CS|TAMS 0x0000000654800000| PB 0x0000000654800000| Complete |  0
| 316|0x0000000654c00000, 0x0000000655000000, 0x0000000655000000|100%| E|CS|TAMS 0x0000000654c00000| PB 0x0000000654c00000| Complete |  0
| 317|0x0000000655000000, 0x0000000655400000, 0x0000000655400000|100%| E|CS|TAMS 0x0000000655000000| PB 0x0000000655000000| Complete |  0
| 318|0x0000000655400000, 0x0000000655800000, 0x0000000655800000|100%| E|CS|TAMS 0x0000000655400000| PB 0x0000000655400000| Complete |  0
| 319|0x0000000655800000, 0x0000000655c00000, 0x0000000655c00000|100%| E|CS|TAMS 0x0000000655800000| PB 0x0000000655800000| Complete |  0
| 320|0x0000000655c00000, 0x0000000656000000, 0x0000000656000000|100%| E|CS|TAMS 0x0000000655c00000| PB 0x0000000655c00000| Complete |  0
| 321|0x0000000656000000, 0x0000000656400000, 0x0000000656400000|100%| E|CS|TAMS 0x0000000656000000| PB 0x0000000656000000| Complete |  0
| 322|0x0000000656400000, 0x0000000656800000, 0x0000000656800000|100%| E|CS|TAMS 0x0000000656400000| PB 0x0000000656400000| Complete |  0
| 323|0x0000000656800000, 0x0000000656c00000, 0x0000000656c00000|100%| E|CS|TAMS 0x0000000656800000| PB 0x0000000656800000| Complete |  0
| 324|0x0000000656c00000, 0x0000000657000000, 0x0000000657000000|100%| E|CS|TAMS 0x0000000656c00000| PB 0x0000000656c00000| Complete |  0
| 325|0x0000000657000000, 0x0000000657400000, 0x0000000657400000|100%| E|CS|TAMS 0x0000000657000000| PB 0x0000000657000000| Complete |  0
| 326|0x0000000657400000, 0x0000000657800000, 0x0000000657800000|100%| E|CS|TAMS 0x0000000657400000| PB 0x0000000657400000| Complete |  0
| 327|0x0000000657800000, 0x0000000657c00000, 0x0000000657c00000|100%| E|CS|TAMS 0x0000000657800000| PB 0x0000000657800000| Complete |  0
| 328|0x0000000657c00000, 0x0000000658000000, 0x0000000658000000|100%| E|CS|TAMS 0x0000000657c00000| PB 0x0000000657c00000| Complete |  0
| 329|0x0000000658000000, 0x0000000658400000, 0x0000000658400000|100%| E|CS|TAMS 0x0000000658000000| PB 0x0000000658000000| Complete |  0
| 330|0x0000000658400000, 0x0000000658800000, 0x0000000658800000|100%| E|CS|TAMS 0x0000000658400000| PB 0x0000000658400000| Complete |  0
| 331|0x0000000658800000, 0x0000000658c00000, 0x0000000658c00000|100%| E|CS|TAMS 0x0000000658800000| PB 0x0000000658800000| Complete |  0
| 332|0x0000000658c00000, 0x0000000659000000, 0x0000000659000000|100%| E|CS|TAMS 0x0000000658c00000| PB 0x0000000658c00000| Complete |  0
| 333|0x0000000659000000, 0x0000000659400000, 0x0000000659400000|100%| E|CS|TAMS 0x0000000659000000| PB 0x0000000659000000| Complete |  0
| 334|0x0000000659400000, 0x0000000659800000, 0x0000000659800000|100%| E|CS|TAMS 0x0000000659400000| PB 0x0000000659400000| Complete |  0
| 335|0x0000000659800000, 0x0000000659c00000, 0x0000000659c00000|100%| E|CS|TAMS 0x0000000659800000| PB 0x0000000659800000| Complete |  0
| 336|0x0000000659c00000, 0x000000065a000000, 0x000000065a000000|100%| E|CS|TAMS 0x0000000659c00000| PB 0x0000000659c00000| Complete |  0
| 337|0x000000065a000000, 0x000000065a400000, 0x000000065a400000|100%| E|CS|TAMS 0x000000065a000000| PB 0x000000065a000000| Complete |  0
| 338|0x000000065a400000, 0x000000065a800000, 0x000000065a800000|100%| E|CS|TAMS 0x000000065a400000| PB 0x000000065a400000| Complete |  0
| 339|0x000000065a800000, 0x000000065ac00000, 0x000000065ac00000|100%| E|CS|TAMS 0x000000065a800000| PB 0x000000065a800000| Complete |  0
| 340|0x000000065ac00000, 0x000000065b000000, 0x000000065b000000|100%| E|CS|TAMS 0x000000065ac00000| PB 0x000000065ac00000| Complete |  0
| 341|0x000000065b000000, 0x000000065b400000, 0x000000065b400000|100%| E|CS|TAMS 0x000000065b000000| PB 0x000000065b000000| Complete |  0
| 342|0x000000065b400000, 0x000000065b800000, 0x000000065b800000|100%| E|CS|TAMS 0x000000065b400000| PB 0x000000065b400000| Complete |  0
| 343|0x000000065b800000, 0x000000065bc00000, 0x000000065bc00000|100%| E|CS|TAMS 0x000000065b800000| PB 0x000000065b800000| Complete |  0
| 344|0x000000065bc00000, 0x000000065c000000, 0x000000065c000000|100%| E|CS|TAMS 0x000000065bc00000| PB 0x000000065bc00000| Complete |  0
| 345|0x000000065c000000, 0x000000065c400000, 0x000000065c400000|100%| E|CS|TAMS 0x000000065c000000| PB 0x000000065c000000| Complete |  0
| 346|0x000000065c400000, 0x000000065c800000, 0x000000065c800000|100%| E|CS|TAMS 0x000000065c400000| PB 0x000000065c400000| Complete |  0
| 347|0x000000065c800000, 0x000000065cc00000, 0x000000065cc00000|100%| E|CS|TAMS 0x000000065c800000| PB 0x000000065c800000| Complete |  0
| 348|0x000000065cc00000, 0x000000065d000000, 0x000000065d000000|100%| E|CS|TAMS 0x000000065cc00000| PB 0x000000065cc00000| Complete |  0
| 349|0x000000065d000000, 0x000000065d400000, 0x000000065d400000|100%| E|CS|TAMS 0x000000065d000000| PB 0x000000065d000000| Complete |  0
| 350|0x000000065d400000, 0x000000065d800000, 0x000000065d800000|100%| E|CS|TAMS 0x000000065d400000| PB 0x000000065d400000| Complete |  0
| 351|0x000000065d800000, 0x000000065dc00000, 0x000000065dc00000|100%| E|CS|TAMS 0x000000065d800000| PB 0x000000065d800000| Complete |  0
| 352|0x000000065dc00000, 0x000000065e000000, 0x000000065e000000|100%| E|CS|TAMS 0x000000065dc00000| PB 0x000000065dc00000| Complete |  0
| 353|0x000000065e000000, 0x000000065e400000, 0x000000065e400000|100%| E|CS|TAMS 0x000000065e000000| PB 0x000000065e000000| Complete |  0
| 354|0x000000065e400000, 0x000000065e800000, 0x000000065e800000|100%| E|CS|TAMS 0x000000065e400000| PB 0x000000065e400000| Complete |  0
| 355|0x000000065e800000, 0x000000065ec00000, 0x000000065ec00000|100%| E|CS|TAMS 0x000000065e800000| PB 0x000000065e800000| Complete |  0
| 356|0x000000065ec00000, 0x000000065f000000, 0x000000065f000000|100%| E|CS|TAMS 0x000000065ec00000| PB 0x000000065ec00000| Complete |  0
| 357|0x000000065f000000, 0x000000065f400000, 0x000000065f400000|100%| E|CS|TAMS 0x000000065f000000| PB 0x000000065f000000| Complete |  0
| 358|0x000000065f400000, 0x000000065f800000, 0x000000065f800000|100%| E|CS|TAMS 0x000000065f400000| PB 0x000000065f400000| Complete |  0
| 359|0x000000065f800000, 0x000000065fc00000, 0x000000065fc00000|100%| E|CS|TAMS 0x000000065f800000| PB 0x000000065f800000| Complete |  0
| 360|0x000000065fc00000, 0x0000000660000000, 0x0000000660000000|100%| E|CS|TAMS 0x000000065fc00000| PB 0x000000065fc00000| Complete |  0
| 361|0x0000000660000000, 0x0000000660400000, 0x0000000660400000|100%| E|CS|TAMS 0x0000000660000000| PB 0x0000000660000000| Complete |  0
| 362|0x0000000660400000, 0x0000000660800000, 0x0000000660800000|100%| E|CS|TAMS 0x0000000660400000| PB 0x0000000660400000| Complete |  0
| 363|0x0000000660800000, 0x0000000660c00000, 0x0000000660c00000|100%| E|CS|TAMS 0x0000000660800000| PB 0x0000000660800000| Complete |  0
| 364|0x0000000660c00000, 0x0000000661000000, 0x0000000661000000|100%| E|CS|TAMS 0x0000000660c00000| PB 0x0000000660c00000| Complete |  0
| 365|0x0000000661000000, 0x0000000661400000, 0x0000000661400000|100%| E|CS|TAMS 0x0000000661000000| PB 0x0000000661000000| Complete |  0
| 366|0x0000000661400000, 0x0000000661800000, 0x0000000661800000|100%| E|CS|TAMS 0x0000000661400000| PB 0x0000000661400000| Complete |  0
| 367|0x0000000661800000, 0x0000000661c00000, 0x0000000661c00000|100%| E|CS|TAMS 0x0000000661800000| PB 0x0000000661800000| Complete |  0
| 368|0x0000000661c00000, 0x0000000662000000, 0x0000000662000000|100%| E|CS|TAMS 0x0000000661c00000| PB 0x0000000661c00000| Complete |  0
| 369|0x0000000662000000, 0x0000000662400000, 0x0000000662400000|100%| E|CS|TAMS 0x0000000662000000| PB 0x0000000662000000| Complete |  0
| 370|0x0000000662400000, 0x0000000662800000, 0x0000000662800000|100%| E|CS|TAMS 0x0000000662400000| PB 0x0000000662400000| Complete |  0
| 371|0x0000000662800000, 0x0000000662c00000, 0x0000000662c00000|100%| E|CS|TAMS 0x0000000662800000| PB 0x0000000662800000| Complete |  0
| 372|0x0000000662c00000, 0x0000000663000000, 0x0000000663000000|100%| E|CS|TAMS 0x0000000662c00000| PB 0x0000000662c00000| Complete |  0
| 373|0x0000000663000000, 0x0000000663400000, 0x0000000663400000|100%| E|CS|TAMS 0x0000000663000000| PB 0x0000000663000000| Complete |  0
| 374|0x0000000663400000, 0x0000000663800000, 0x0000000663800000|100%| E|CS|TAMS 0x0000000663400000| PB 0x0000000663400000| Complete |  0
| 375|0x0000000663800000, 0x0000000663c00000, 0x0000000663c00000|100%| E|CS|TAMS 0x0000000663800000| PB 0x0000000663800000| Complete |  0
| 376|0x0000000663c00000, 0x0000000664000000, 0x0000000664000000|100%| E|CS|TAMS 0x0000000663c00000| PB 0x0000000663c00000| Complete |  0
| 377|0x0000000664000000, 0x0000000664400000, 0x0000000664400000|100%| E|CS|TAMS 0x0000000664000000| PB 0x0000000664000000| Complete |  0
| 378|0x0000000664400000, 0x0000000664800000, 0x0000000664800000|100%| E|CS|TAMS 0x0000000664400000| PB 0x0000000664400000| Complete |  0
| 379|0x0000000664800000, 0x0000000664c00000, 0x0000000664c00000|100%| E|CS|TAMS 0x0000000664800000| PB 0x0000000664800000| Complete |  0
| 380|0x0000000664c00000, 0x0000000665000000, 0x0000000665000000|100%| E|CS|TAMS 0x0000000664c00000| PB 0x0000000664c00000| Complete |  0
| 381|0x0000000665000000, 0x0000000665400000, 0x0000000665400000|100%| E|CS|TAMS 0x0000000665000000| PB 0x0000000665000000| Complete |  0
| 382|0x0000000665400000, 0x0000000665800000, 0x0000000665800000|100%| E|CS|TAMS 0x0000000665400000| PB 0x0000000665400000| Complete |  0
| 383|0x0000000665800000, 0x0000000665c00000, 0x0000000665c00000|100%| E|CS|TAMS 0x0000000665800000| PB 0x0000000665800000| Complete |  0
| 384|0x0000000665c00000, 0x0000000666000000, 0x0000000666000000|100%| E|CS|TAMS 0x0000000665c00000| PB 0x0000000665c00000| Complete |  0
| 385|0x0000000666000000, 0x0000000666400000, 0x0000000666400000|100%| E|CS|TAMS 0x0000000666000000| PB 0x0000000666000000| Complete |  0
| 386|0x0000000666400000, 0x0000000666800000, 0x0000000666800000|100%| E|CS|TAMS 0x0000000666400000| PB 0x0000000666400000| Complete |  0
| 387|0x0000000666800000, 0x0000000666c00000, 0x0000000666c00000|100%| E|CS|TAMS 0x0000000666800000| PB 0x0000000666800000| Complete |  0
| 388|0x0000000666c00000, 0x0000000667000000, 0x0000000667000000|100%| E|CS|TAMS 0x0000000666c00000| PB 0x0000000666c00000| Complete |  0
| 389|0x0000000667000000, 0x0000000667400000, 0x0000000667400000|100%| E|CS|TAMS 0x0000000667000000| PB 0x0000000667000000| Complete |  0
| 390|0x0000000667400000, 0x0000000667800000, 0x0000000667800000|100%| E|CS|TAMS 0x0000000667400000| PB 0x0000000667400000| Complete |  0
| 391|0x0000000667800000, 0x0000000667c00000, 0x0000000667c00000|100%| E|CS|TAMS 0x0000000667800000| PB 0x0000000667800000| Complete |  0
| 392|0x0000000667c00000, 0x0000000668000000, 0x0000000668000000|100%| E|CS|TAMS 0x0000000667c00000| PB 0x0000000667c00000| Complete |  0
| 393|0x0000000668000000, 0x0000000668400000, 0x0000000668400000|100%| E|CS|TAMS 0x0000000668000000| PB 0x0000000668000000| Complete |  0
| 394|0x0000000668400000, 0x0000000668800000, 0x0000000668800000|100%| E|CS|TAMS 0x0000000668400000| PB 0x0000000668400000| Complete |  0
| 395|0x0000000668800000, 0x0000000668c00000, 0x0000000668c00000|100%| E|CS|TAMS 0x0000000668800000| PB 0x0000000668800000| Complete |  0
| 396|0x0000000668c00000, 0x0000000669000000, 0x0000000669000000|100%| E|CS|TAMS 0x0000000668c00000| PB 0x0000000668c00000| Complete |  0
| 397|0x0000000669000000, 0x0000000669400000, 0x0000000669400000|100%| E|CS|TAMS 0x0000000669000000| PB 0x0000000669000000| Complete |  0
| 398|0x0000000669400000, 0x0000000669800000, 0x0000000669800000|100%| E|CS|TAMS 0x0000000669400000| PB 0x0000000669400000| Complete |  0
| 399|0x0000000669800000, 0x0000000669c00000, 0x0000000669c00000|100%| E|CS|TAMS 0x0000000669800000| PB 0x0000000669800000| Complete |  0
| 400|0x0000000669c00000, 0x000000066a000000, 0x000000066a000000|100%| E|CS|TAMS 0x0000000669c00000| PB 0x0000000669c00000| Complete |  0
| 401|0x000000066a000000, 0x000000066a400000, 0x000000066a400000|100%| E|CS|TAMS 0x000000066a000000| PB 0x000000066a000000| Complete |  0
| 402|0x000000066a400000, 0x000000066a800000, 0x000000066a800000|100%| E|CS|TAMS 0x000000066a400000| PB 0x000000066a400000| Complete |  0
| 403|0x000000066a800000, 0x000000066ac00000, 0x000000066ac00000|100%| E|CS|TAMS 0x000000066a800000| PB 0x000000066a800000| Complete |  0
| 404|0x000000066ac00000, 0x000000066b000000, 0x000000066b000000|100%| E|CS|TAMS 0x000000066ac00000| PB 0x000000066ac00000| Complete |  0
| 405|0x000000066b000000, 0x000000066b400000, 0x000000066b400000|100%| E|CS|TAMS 0x000000066b000000| PB 0x000000066b000000| Complete |  0
| 406|0x000000066b400000, 0x000000066b800000, 0x000000066b800000|100%| E|CS|TAMS 0x000000066b400000| PB 0x000000066b400000| Complete |  0
| 407|0x000000066b800000, 0x000000066bc00000, 0x000000066bc00000|100%| E|CS|TAMS 0x000000066b800000| PB 0x000000066b800000| Complete |  0
| 408|0x000000066bc00000, 0x000000066c000000, 0x000000066c000000|100%| E|CS|TAMS 0x000000066bc00000| PB 0x000000066bc00000| Complete |  0
| 409|0x000000066c000000, 0x000000066c400000, 0x000000066c400000|100%| E|CS|TAMS 0x000000066c000000| PB 0x000000066c000000| Complete |  0
| 410|0x000000066c400000, 0x000000066c800000, 0x000000066c800000|100%| E|CS|TAMS 0x000000066c400000| PB 0x000000066c400000| Complete |  0
| 411|0x000000066c800000, 0x000000066cc00000, 0x000000066cc00000|100%| E|CS|TAMS 0x000000066c800000| PB 0x000000066c800000| Complete |  0
| 412|0x000000066cc00000, 0x000000066d000000, 0x000000066d000000|100%| E|CS|TAMS 0x000000066cc00000| PB 0x000000066cc00000| Complete |  0
| 413|0x000000066d000000, 0x000000066d400000, 0x000000066d400000|100%| E|CS|TAMS 0x000000066d000000| PB 0x000000066d000000| Complete |  0
| 414|0x000000066d400000, 0x000000066d800000, 0x000000066d800000|100%| E|CS|TAMS 0x000000066d400000| PB 0x000000066d400000| Complete |  0
| 415|0x000000066d800000, 0x000000066dc00000, 0x000000066dc00000|100%| E|CS|TAMS 0x000000066d800000| PB 0x000000066d800000| Complete |  0
| 416|0x000000066dc00000, 0x000000066e000000, 0x000000066e000000|100%| E|CS|TAMS 0x000000066dc00000| PB 0x000000066dc00000| Complete |  0
| 417|0x000000066e000000, 0x000000066e400000, 0x000000066e400000|100%| E|CS|TAMS 0x000000066e000000| PB 0x000000066e000000| Complete |  0
| 418|0x000000066e400000, 0x000000066e800000, 0x000000066e800000|100%| E|CS|TAMS 0x000000066e400000| PB 0x000000066e400000| Complete |  0
| 419|0x000000066e800000, 0x000000066ec00000, 0x000000066ec00000|100%| E|CS|TAMS 0x000000066e800000| PB 0x000000066e800000| Complete |  0
| 420|0x000000066ec00000, 0x000000066f000000, 0x000000066f000000|100%| E|CS|TAMS 0x000000066ec00000| PB 0x000000066ec00000| Complete |  0
| 421|0x000000066f000000, 0x000000066f400000, 0x000000066f400000|100%| E|CS|TAMS 0x000000066f000000| PB 0x000000066f000000| Complete |  0
| 422|0x000000066f400000, 0x000000066f800000, 0x000000066f800000|100%| E|CS|TAMS 0x000000066f400000| PB 0x000000066f400000| Complete |  0
| 423|0x000000066f800000, 0x000000066fc00000, 0x000000066fc00000|100%| E|CS|TAMS 0x000000066f800000| PB 0x000000066f800000| Complete |  0
| 424|0x000000066fc00000, 0x0000000670000000, 0x0000000670000000|100%| E|CS|TAMS 0x000000066fc00000| PB 0x000000066fc00000| Complete |  0
| 425|0x0000000670000000, 0x0000000670400000, 0x0000000670400000|100%| E|CS|TAMS 0x0000000670000000| PB 0x0000000670000000| Complete |  0
| 426|0x0000000670400000, 0x0000000670800000, 0x0000000670800000|100%| E|CS|TAMS 0x0000000670400000| PB 0x0000000670400000| Complete |  0
| 427|0x0000000670800000, 0x0000000670c00000, 0x0000000670c00000|100%| E|CS|TAMS 0x0000000670800000| PB 0x0000000670800000| Complete |  0
| 428|0x0000000670c00000, 0x0000000671000000, 0x0000000671000000|100%| E|CS|TAMS 0x0000000670c00000| PB 0x0000000670c00000| Complete |  0
| 429|0x0000000671000000, 0x0000000671400000, 0x0000000671400000|100%| E|CS|TAMS 0x0000000671000000| PB 0x0000000671000000| Complete |  0
| 430|0x0000000671400000, 0x0000000671800000, 0x0000000671800000|100%| E|CS|TAMS 0x0000000671400000| PB 0x0000000671400000| Complete |  0
| 431|0x0000000671800000, 0x0000000671c00000, 0x0000000671c00000|100%| E|CS|TAMS 0x0000000671800000| PB 0x0000000671800000| Complete |  0
| 432|0x0000000671c00000, 0x0000000672000000, 0x0000000672000000|100%| E|CS|TAMS 0x0000000671c00000| PB 0x0000000671c00000| Complete |  0
| 433|0x0000000672000000, 0x0000000672400000, 0x0000000672400000|100%| E|CS|TAMS 0x0000000672000000| PB 0x0000000672000000| Complete |  0
| 434|0x0000000672400000, 0x0000000672800000, 0x0000000672800000|100%| E|CS|TAMS 0x0000000672400000| PB 0x0000000672400000| Complete |  0
| 435|0x0000000672800000, 0x0000000672c00000, 0x0000000672c00000|100%| E|CS|TAMS 0x0000000672800000| PB 0x0000000672800000| Complete |  0
| 436|0x0000000672c00000, 0x0000000673000000, 0x0000000673000000|100%| E|CS|TAMS 0x0000000672c00000| PB 0x0000000672c00000| Complete |  0
| 437|0x0000000673000000, 0x0000000673400000, 0x0000000673400000|100%| E|CS|TAMS 0x0000000673000000| PB 0x0000000673000000| Complete |  0
| 438|0x0000000673400000, 0x0000000673800000, 0x0000000673800000|100%| E|CS|TAMS 0x0000000673400000| PB 0x0000000673400000| Complete |  0
| 439|0x0000000673800000, 0x0000000673c00000, 0x0000000673c00000|100%| E|CS|TAMS 0x0000000673800000| PB 0x0000000673800000| Complete |  0
| 440|0x0000000673c00000, 0x0000000674000000, 0x0000000674000000|100%| E|CS|TAMS 0x0000000673c00000| PB 0x0000000673c00000| Complete |  0
| 441|0x0000000674000000, 0x0000000674400000, 0x0000000674400000|100%| E|CS|TAMS 0x0000000674000000| PB 0x0000000674000000| Complete |  0
| 442|0x0000000674400000, 0x0000000674800000, 0x0000000674800000|100%| E|CS|TAMS 0x0000000674400000| PB 0x0000000674400000| Complete |  0
| 443|0x0000000674800000, 0x0000000674c00000, 0x0000000674c00000|100%| E|CS|TAMS 0x0000000674800000| PB 0x0000000674800000| Complete |  0
| 444|0x0000000674c00000, 0x0000000675000000, 0x0000000675000000|100%| E|CS|TAMS 0x0000000674c00000| PB 0x0000000674c00000| Complete |  0
| 445|0x0000000675000000, 0x0000000675400000, 0x0000000675400000|100%| E|CS|TAMS 0x0000000675000000| PB 0x0000000675000000| Complete |  0
| 446|0x0000000675400000, 0x0000000675800000, 0x0000000675800000|100%| E|CS|TAMS 0x0000000675400000| PB 0x0000000675400000| Complete |  0
| 447|0x0000000675800000, 0x0000000675c00000, 0x0000000675c00000|100%| E|CS|TAMS 0x0000000675800000| PB 0x0000000675800000| Complete |  0
| 448|0x0000000675c00000, 0x0000000676000000, 0x0000000676000000|100%| E|CS|TAMS 0x0000000675c00000| PB 0x0000000675c00000| Complete |  0
| 449|0x0000000676000000, 0x0000000676400000, 0x0000000676400000|100%| E|CS|TAMS 0x0000000676000000| PB 0x0000000676000000| Complete |  0
| 450|0x0000000676400000, 0x0000000676800000, 0x0000000676800000|100%| E|CS|TAMS 0x0000000676400000| PB 0x0000000676400000| Complete |  0
| 451|0x0000000676800000, 0x0000000676c00000, 0x0000000676c00000|100%| E|CS|TAMS 0x0000000676800000| PB 0x0000000676800000| Complete |  0
| 452|0x0000000676c00000, 0x0000000677000000, 0x0000000677000000|100%| E|CS|TAMS 0x0000000676c00000| PB 0x0000000676c00000| Complete |  0
| 453|0x0000000677000000, 0x0000000677400000, 0x0000000677400000|100%| E|CS|TAMS 0x0000000677000000| PB 0x0000000677000000| Complete |  0
| 454|0x0000000677400000, 0x0000000677800000, 0x0000000677800000|100%| E|CS|TAMS 0x0000000677400000| PB 0x0000000677400000| Complete |  0
| 455|0x0000000677800000, 0x0000000677c00000, 0x0000000677c00000|100%| E|CS|TAMS 0x0000000677800000| PB 0x0000000677800000| Complete |  0
| 456|0x0000000677c00000, 0x0000000678000000, 0x0000000678000000|100%| E|CS|TAMS 0x0000000677c00000| PB 0x0000000677c00000| Complete |  0
| 457|0x0000000678000000, 0x0000000678400000, 0x0000000678400000|100%| E|CS|TAMS 0x0000000678000000| PB 0x0000000678000000| Complete |  0
| 458|0x0000000678400000, 0x0000000678800000, 0x0000000678800000|100%| E|CS|TAMS 0x0000000678400000| PB 0x0000000678400000| Complete |  0
| 459|0x0000000678800000, 0x0000000678c00000, 0x0000000678c00000|100%| E|CS|TAMS 0x0000000678800000| PB 0x0000000678800000| Complete |  0
| 460|0x0000000678c00000, 0x0000000679000000, 0x0000000679000000|100%| E|CS|TAMS 0x0000000678c00000| PB 0x0000000678c00000| Complete |  0
| 461|0x0000000679000000, 0x0000000679400000, 0x0000000679400000|100%| E|CS|TAMS 0x0000000679000000| PB 0x0000000679000000| Complete |  0
| 462|0x0000000679400000, 0x0000000679800000, 0x0000000679800000|100%| E|CS|TAMS 0x0000000679400000| PB 0x0000000679400000| Complete |  0
| 463|0x0000000679800000, 0x0000000679c00000, 0x0000000679c00000|100%| E|CS|TAMS 0x0000000679800000| PB 0x0000000679800000| Complete |  0
| 464|0x0000000679c00000, 0x000000067a000000, 0x000000067a000000|100%| E|CS|TAMS 0x0000000679c00000| PB 0x0000000679c00000| Complete |  0
| 465|0x000000067a000000, 0x000000067a400000, 0x000000067a400000|100%| E|CS|TAMS 0x000000067a000000| PB 0x000000067a000000| Complete |  0
| 466|0x000000067a400000, 0x000000067a800000, 0x000000067a800000|100%| E|CS|TAMS 0x000000067a400000| PB 0x000000067a400000| Complete |  0
| 467|0x000000067a800000, 0x000000067ac00000, 0x000000067ac00000|100%| E|CS|TAMS 0x000000067a800000| PB 0x000000067a800000| Complete |  0
| 468|0x000000067ac00000, 0x000000067b000000, 0x000000067b000000|100%| E|CS|TAMS 0x000000067ac00000| PB 0x000000067ac00000| Complete |  0
| 469|0x000000067b000000, 0x000000067b400000, 0x000000067b400000|100%| E|CS|TAMS 0x000000067b000000| PB 0x000000067b000000| Complete |  0
| 470|0x000000067b400000, 0x000000067b800000, 0x000000067b800000|100%| E|CS|TAMS 0x000000067b400000| PB 0x000000067b400000| Complete |  0
| 471|0x000000067b800000, 0x000000067bc00000, 0x000000067bc00000|100%| E|CS|TAMS 0x000000067b800000| PB 0x000000067b800000| Complete |  0
| 472|0x000000067bc00000, 0x000000067c000000, 0x000000067c000000|100%| E|CS|TAMS 0x000000067bc00000| PB 0x000000067bc00000| Complete |  0
| 473|0x000000067c000000, 0x000000067c400000, 0x000000067c400000|100%| E|CS|TAMS 0x000000067c000000| PB 0x000000067c000000| Complete |  0
| 474|0x000000067c400000, 0x000000067c800000, 0x000000067c800000|100%| E|CS|TAMS 0x000000067c400000| PB 0x000000067c400000| Complete |  0
| 475|0x000000067c800000, 0x000000067cc00000, 0x000000067cc00000|100%| E|CS|TAMS 0x000000067c800000| PB 0x000000067c800000| Complete |  0
| 476|0x000000067cc00000, 0x000000067d000000, 0x000000067d000000|100%| E|CS|TAMS 0x000000067cc00000| PB 0x000000067cc00000| Complete |  0
| 477|0x000000067d000000, 0x000000067d400000, 0x000000067d400000|100%| E|CS|TAMS 0x000000067d000000| PB 0x000000067d000000| Complete |  0
| 478|0x000000067d400000, 0x000000067d800000, 0x000000067d800000|100%| E|CS|TAMS 0x000000067d400000| PB 0x000000067d400000| Complete |  0
| 479|0x000000067d800000, 0x000000067dc00000, 0x000000067dc00000|100%| E|CS|TAMS 0x000000067d800000| PB 0x000000067d800000| Complete |  0
| 480|0x000000067dc00000, 0x000000067e000000, 0x000000067e000000|100%| E|CS|TAMS 0x000000067dc00000| PB 0x000000067dc00000| Complete |  0
| 481|0x000000067e000000, 0x000000067e400000, 0x000000067e400000|100%| E|CS|TAMS 0x000000067e000000| PB 0x000000067e000000| Complete |  0
| 482|0x000000067e400000, 0x000000067e800000, 0x000000067e800000|100%| E|CS|TAMS 0x000000067e400000| PB 0x000000067e400000| Complete |  0
| 483|0x000000067e800000, 0x000000067ec00000, 0x000000067ec00000|100%| E|CS|TAMS 0x000000067e800000| PB 0x000000067e800000| Complete |  0
| 484|0x000000067ec00000, 0x000000067f000000, 0x000000067f000000|100%| E|CS|TAMS 0x000000067ec00000| PB 0x000000067ec00000| Complete |  0
| 485|0x000000067f000000, 0x000000067f400000, 0x000000067f400000|100%| E|CS|TAMS 0x000000067f000000| PB 0x000000067f000000| Complete |  0
| 486|0x000000067f400000, 0x000000067f800000, 0x000000067f800000|100%| E|CS|TAMS 0x000000067f400000| PB 0x000000067f400000| Complete |  0
| 487|0x000000067f800000, 0x000000067fc00000, 0x000000067fc00000|100%| E|CS|TAMS 0x000000067f800000| PB 0x000000067f800000| Complete |  0
| 488|0x000000067fc00000, 0x0000000680000000, 0x0000000680000000|100%| E|CS|TAMS 0x000000067fc00000| PB 0x000000067fc00000| Complete |  0
| 489|0x0000000680000000, 0x0000000680400000, 0x0000000680400000|100%| E|CS|TAMS 0x0000000680000000| PB 0x0000000680000000| Complete |  0
| 490|0x0000000680400000, 0x0000000680800000, 0x0000000680800000|100%| E|CS|TAMS 0x0000000680400000| PB 0x0000000680400000| Complete |  0
| 491|0x0000000680800000, 0x0000000680c00000, 0x0000000680c00000|100%| E|CS|TAMS 0x0000000680800000| PB 0x0000000680800000| Complete |  0
| 492|0x0000000680c00000, 0x0000000681000000, 0x0000000681000000|100%| E|CS|TAMS 0x0000000680c00000| PB 0x0000000680c00000| Complete |  0
| 493|0x0000000681000000, 0x0000000681400000, 0x0000000681400000|100%| E|CS|TAMS 0x0000000681000000| PB 0x0000000681000000| Complete |  0
| 494|0x0000000681400000, 0x0000000681800000, 0x0000000681800000|100%| E|CS|TAMS 0x0000000681400000| PB 0x0000000681400000| Complete |  0
| 495|0x0000000681800000, 0x0000000681c00000, 0x0000000681c00000|100%| E|CS|TAMS 0x0000000681800000| PB 0x0000000681800000| Complete |  0
| 496|0x0000000681c00000, 0x0000000682000000, 0x0000000682000000|100%| E|CS|TAMS 0x0000000681c00000| PB 0x0000000681c00000| Complete |  0
| 497|0x0000000682000000, 0x0000000682400000, 0x0000000682400000|100%| E|CS|TAMS 0x0000000682000000| PB 0x0000000682000000| Complete |  0
| 498|0x0000000682400000, 0x0000000682800000, 0x0000000682800000|100%| E|CS|TAMS 0x0000000682400000| PB 0x0000000682400000| Complete |  0
| 499|0x0000000682800000, 0x0000000682c00000, 0x0000000682c00000|100%| E|CS|TAMS 0x0000000682800000| PB 0x0000000682800000| Complete |  0
| 500|0x0000000682c00000, 0x0000000683000000, 0x0000000683000000|100%| E|CS|TAMS 0x0000000682c00000| PB 0x0000000682c00000| Complete |  0
| 501|0x0000000683000000, 0x0000000683400000, 0x0000000683400000|100%| E|CS|TAMS 0x0000000683000000| PB 0x0000000683000000| Complete |  0
| 502|0x0000000683400000, 0x0000000683800000, 0x0000000683800000|100%| E|CS|TAMS 0x0000000683400000| PB 0x0000000683400000| Complete |  0
| 503|0x0000000683800000, 0x0000000683c00000, 0x0000000683c00000|100%| E|CS|TAMS 0x0000000683800000| PB 0x0000000683800000| Complete |  0
| 504|0x0000000683c00000, 0x0000000684000000, 0x0000000684000000|100%| E|CS|TAMS 0x0000000683c00000| PB 0x0000000683c00000| Complete |  0
| 505|0x0000000684000000, 0x0000000684400000, 0x0000000684400000|100%| E|CS|TAMS 0x0000000684000000| PB 0x0000000684000000| Complete |  0
| 506|0x0000000684400000, 0x0000000684800000, 0x0000000684800000|100%| E|CS|TAMS 0x0000000684400000| PB 0x0000000684400000| Complete |  0
| 507|0x0000000684800000, 0x0000000684c00000, 0x0000000684c00000|100%| E|CS|TAMS 0x0000000684800000| PB 0x0000000684800000| Complete |  0
| 508|0x0000000684c00000, 0x0000000685000000, 0x0000000685000000|100%| E|CS|TAMS 0x0000000684c00000| PB 0x0000000684c00000| Complete |  0
| 509|0x0000000685000000, 0x0000000685400000, 0x0000000685400000|100%| E|CS|TAMS 0x0000000685000000| PB 0x0000000685000000| Complete |  0
| 510|0x0000000685400000, 0x0000000685800000, 0x0000000685800000|100%| E|CS|TAMS 0x0000000685400000| PB 0x0000000685400000| Complete |  0
| 511|0x0000000685800000, 0x0000000685c00000, 0x0000000685c00000|100%| E|CS|TAMS 0x0000000685800000| PB 0x0000000685800000| Complete |  0
| 512|0x0000000685c00000, 0x0000000686000000, 0x0000000686000000|100%| E|CS|TAMS 0x0000000685c00000| PB 0x0000000685c00000| Complete |  0
| 513|0x0000000686000000, 0x0000000686400000, 0x0000000686400000|100%| E|CS|TAMS 0x0000000686000000| PB 0x0000000686000000| Complete |  0
| 514|0x0000000686400000, 0x0000000686800000, 0x0000000686800000|100%| E|CS|TAMS 0x0000000686400000| PB 0x0000000686400000| Complete |  0
| 515|0x0000000686800000, 0x0000000686c00000, 0x0000000686c00000|100%| E|CS|TAMS 0x0000000686800000| PB 0x0000000686800000| Complete |  0
| 516|0x0000000686c00000, 0x0000000687000000, 0x0000000687000000|100%| E|CS|TAMS 0x0000000686c00000| PB 0x0000000686c00000| Complete |  0
| 517|0x0000000687000000, 0x0000000687400000, 0x0000000687400000|100%| E|CS|TAMS 0x0000000687000000| PB 0x0000000687000000| Complete |  0
| 518|0x0000000687400000, 0x0000000687800000, 0x0000000687800000|100%| E|CS|TAMS 0x0000000687400000| PB 0x0000000687400000| Complete |  0
| 519|0x0000000687800000, 0x0000000687c00000, 0x0000000687c00000|100%| E|CS|TAMS 0x0000000687800000| PB 0x0000000687800000| Complete |  0
| 520|0x0000000687c00000, 0x0000000688000000, 0x0000000688000000|100%| E|CS|TAMS 0x0000000687c00000| PB 0x0000000687c00000| Complete |  0
| 521|0x0000000688000000, 0x0000000688400000, 0x0000000688400000|100%| E|CS|TAMS 0x0000000688000000| PB 0x0000000688000000| Complete |  0
| 522|0x0000000688400000, 0x0000000688800000, 0x0000000688800000|100%| E|CS|TAMS 0x0000000688400000| PB 0x0000000688400000| Complete |  0
| 523|0x0000000688800000, 0x0000000688c00000, 0x0000000688c00000|100%| E|CS|TAMS 0x0000000688800000| PB 0x0000000688800000| Complete |  0
| 524|0x0000000688c00000, 0x0000000689000000, 0x0000000689000000|100%| E|CS|TAMS 0x0000000688c00000| PB 0x0000000688c00000| Complete |  0
| 525|0x0000000689000000, 0x0000000689400000, 0x0000000689400000|100%| E|CS|TAMS 0x0000000689000000| PB 0x0000000689000000| Complete |  0
| 526|0x0000000689400000, 0x0000000689800000, 0x0000000689800000|100%| E|CS|TAMS 0x0000000689400000| PB 0x0000000689400000| Complete |  0
| 527|0x0000000689800000, 0x0000000689c00000, 0x0000000689c00000|100%| E|CS|TAMS 0x0000000689800000| PB 0x0000000689800000| Complete |  0
| 528|0x0000000689c00000, 0x000000068a000000, 0x000000068a000000|100%| E|CS|TAMS 0x0000000689c00000| PB 0x0000000689c00000| Complete |  0
| 529|0x000000068a000000, 0x000000068a400000, 0x000000068a400000|100%| E|CS|TAMS 0x000000068a000000| PB 0x000000068a000000| Complete |  0
| 530|0x000000068a400000, 0x000000068a800000, 0x000000068a800000|100%| E|CS|TAMS 0x000000068a400000| PB 0x000000068a400000| Complete |  0
| 531|0x000000068a800000, 0x000000068ac00000, 0x000000068ac00000|100%| E|CS|TAMS 0x000000068a800000| PB 0x000000068a800000| Complete |  0
|2024|0x00000007ffc00000, 0x00000007ffd1d3c0, 0x0000000800000000| 27%| O|  |TAMS 0x00000007ffc00000| PB 0x00000007ffc00000| Untracked |  0

Card table byte_map: [0x00000199187c0000,0x00000199197a0000] _byte_map_base: 0x0000019915792000

Marking Bits: (CMBitMap*) 0x000001997e7c7650
 Bits: [0x00000199197a0000, 0x0000019921630000)

Polling page: 0x000001997c190000

Metaspace:

Usage:
  Non-class:      9.73 MB used.
      Class:    976.14 KB used.
       Both:     10.68 MB used.

Virtual space:
  Non-class space:       64.00 MB reserved,       9.88 MB ( 15%) committed,  1 nodes.
      Class space:        1.00 GB reserved,       1.12 MB ( <1%) committed,  1 nodes.
             Both:        1.06 GB reserved,      11.00 MB (  1%) committed. 

Chunk freelists:
   Non-Class:  6.07 MB
       Class:  14.70 MB
        Both:  20.77 MB

MaxMetaspaceSize: unlimited
CompressedClassSpaceSize: 1.00 GB
Initial GC threshold: 21.00 MB
Current GC threshold: 21.00 MB
CDS: on
 - commit_granule_bytes: 65536.
 - commit_granule_words: 8192.
 - virtual_space_node_default_size: 8388608.
 - enlarge_chunks_in_place: 1.
UseCompressedClassPointers 1, UseCompactObjectHeaders 0
Narrow klass pointer bits 32, Max shift 3
Narrow klass base: 0x0000019924000000, Narrow klass shift: 0
Encoding Range: [0x0000019924000000 - 0x0000019a24000000), (4294967296 bytes)
Klass Range:    [0x0000019924000000 - 0x0000019965000000), (1090519040 bytes)
Klass ID Range:  [8 - 1090519033) (1090519025)


Internal statistics:

num_allocs_failed_limit: 0.
num_arena_births: 418.
num_arena_deaths: 0.
num_vsnodes_births: 2.
num_vsnodes_deaths: 0.
num_space_committed: 176.
num_space_uncommitted: 0.
num_chunks_returned_to_freelist: 0.
num_chunks_taken_from_freelist: 636.
num_chunk_merges: 0.
num_chunk_splits: 361.
num_chunks_enlarged: 126.
num_inconsistent_stats: 0.

CodeHeap 'non-profiled nmethods': size=119232Kb used=1768Kb max_used=1768Kb free=117463Kb
 bounds [0x0000019910370000, 0x00000199105e0000, 0x00000199177e0000]
CodeHeap 'profiled nmethods': size=119104Kb used=6502Kb max_used=6502Kb free=112601Kb
 bounds [0x00000199087e0000, 0x0000019908e40000, 0x000001990fc30000]
CodeHeap 'non-nmethods': size=7424Kb used=1367Kb max_used=3124Kb free=6056Kb
 bounds [0x000001990fc30000, 0x000001990ffc0000, 0x0000019910370000]
CodeCache: size=245760Kb, used=9637Kb, max_used=11394Kb, free=236120Kb
 total_blobs=4362, nmethods=3828, adapters=439, full_count=0
Compilation: enabled, stopped_count=0, restarted_count=0

Compilation events (20 events):
Event: 153.792 Thread 0x000001997f69d5f0 3858       3       org.graalvm.visualvm.lib.jfluid.wireprotocol.GetClassIdCommand::<init> (7 bytes)
Event: 153.793 Thread 0x000001997f69d5f0 nmethod 3858 0x0000019908e33c88 code [0x0000019908e33dc0, 0x0000019908e33fd0]
Event: 153.805 Thread 0x000001997f69d5f0 3859       1       java.util.stream.Collectors$CollectorImpl::supplier (5 bytes)
Event: 153.805 Thread 0x000001997f69d5f0 nmethod 3859 0x0000019910529488 code [0x0000019910529580, 0x0000019910529648]
Event: 153.805 Thread 0x000001997f69d5f0 3860       1       java.util.stream.Collectors$CollectorImpl::accumulator (5 bytes)
Event: 153.805 Thread 0x000001997f69d5f0 nmethod 3860 0x0000019910529788 code [0x0000019910529880, 0x0000019910529948]
Event: 153.805 Thread 0x000001997f69d5f0 3861       1       java.util.stream.Collectors$CollectorImpl::combiner (5 bytes)
Event: 153.805 Thread 0x000001997f69d5f0 nmethod 3861 0x0000019910529a88 code [0x0000019910529b80, 0x0000019910529c48]
Event: 153.805 Thread 0x000001997f69d5f0 3862       1       java.util.stream.ReduceOps$Box::get (5 bytes)
Event: 153.806 Thread 0x000001997f69d5f0 nmethod 3862 0x0000019910529d88 code [0x0000019910529e80, 0x0000019910529f48]
Event: 153.806 Thread 0x000001997f69d5f0 3863       3       java.util.stream.Sink$ChainedReference::<init> (16 bytes)
Event: 153.806 Thread 0x000001997f69d5f0 nmethod 3863 0x0000019908e34008 code [0x0000019908e34160, 0x0000019908e345b8]
Event: 153.806 Thread 0x000001997f69d5f0 3866       3       java.lang.String::join (281 bytes)
Event: 153.810 Thread 0x000001997f69d5f0 nmethod 3866 0x0000019908e34608 code [0x0000019908e34900, 0x0000019908e36bb0]
Event: 153.810 Thread 0x000001997f69d5f0 3864       3       java.util.StringJoiner::toString (53 bytes)
Event: 153.811 Thread 0x000001997f69d5f0 nmethod 3864 0x0000019908e36c08 code [0x0000019908e36d40, 0x0000019908e36f50]
Event: 153.811 Thread 0x000001997f69d5f0 3865       3       java.lang.System$1::join (11 bytes)
Event: 153.815 Thread 0x000001997f69d5f0 nmethod 3865 0x0000019908e36f88 code [0x0000019908e37280, 0x0000019908e395c0]
Event: 153.815 Thread 0x000001997f69d5f0 3867       3       java.lang.StringConcatHelper::newArray (17 bytes)
Event: 153.815 Thread 0x000001997f69d5f0 nmethod 3867 0x0000019908e39608 code [0x0000019908e39760, 0x0000019908e39b60]

GC Heap History (20 events):
Event: 27.809 GC heap before
{Heap before GC invocations=67 (full 0):
 garbage-first heap   total reserved 8294400K, committed 2183168K, used 1308906K [0x0000000605c00000, 0x0000000800000000)
  region size 4096K, 319 young (1306624K), 1 survivors (4096K)
 Metaspace       used 9324K, committed 9664K, reserved 1114112K
  class space    used 869K, committed 1024K, reserved 1048576K
}
Event: 27.813 GC heap after
{Heap after GC invocations=68 (full 0):
 garbage-first heap   total reserved 8294400K, committed 2183168K, used 6388K [0x0000000605c00000, 0x0000000800000000)
  region size 4096K, 1 young (4096K), 1 survivors (4096K)
 Metaspace       used 9324K, committed 9664K, reserved 1114112K
  class space    used 869K, committed 1024K, reserved 1048576K
}
Event: 28.289 GC heap before
{Heap before GC invocations=68 (full 0):
 garbage-first heap   total reserved 8294400K, committed 2183168K, used 1308916K [0x0000000605c00000, 0x0000000800000000)
  region size 4096K, 319 young (1306624K), 1 survivors (4096K)
 Metaspace       used 9324K, committed 9664K, reserved 1114112K
  class space    used 869K, committed 1024K, reserved 1048576K
}
Event: 28.295 GC heap after
{Heap after GC invocations=69 (full 0):
 garbage-first heap   total reserved 8294400K, committed 2183168K, used 6389K [0x0000000605c00000, 0x0000000800000000)
  region size 4096K, 1 young (4096K), 1 survivors (4096K)
 Metaspace       used 9324K, committed 9664K, reserved 1114112K
  class space    used 869K, committed 1024K, reserved 1048576K
}
Event: 28.782 GC heap before
{Heap before GC invocations=69 (full 0):
 garbage-first heap   total reserved 8294400K, committed 2183168K, used 1308917K [0x0000000605c00000, 0x0000000800000000)
  region size 4096K, 319 young (1306624K), 1 survivors (4096K)
 Metaspace       used 9330K, committed 9664K, reserved 1114112K
  class space    used 869K, committed 1024K, reserved 1048576K
}
Event: 28.788 GC heap after
{Heap after GC invocations=70 (full 0):
 garbage-first heap   total reserved 8294400K, committed 2183168K, used 6385K [0x0000000605c00000, 0x0000000800000000)
  region size 4096K, 1 young (4096K), 1 survivors (4096K)
 Metaspace       used 9330K, committed 9664K, reserved 1114112K
  class space    used 869K, committed 1024K, reserved 1048576K
}
Event: 30.564 GC heap before
{Heap before GC invocations=70 (full 0):
 garbage-first heap   total reserved 8294400K, committed 2183168K, used 1308913K [0x0000000605c00000, 0x0000000800000000)
  region size 4096K, 319 young (1306624K), 1 survivors (4096K)
 Metaspace       used 10275K, committed 10624K, reserved 1114112K
  class space    used 942K, committed 1088K, reserved 1048576K
}
Event: 30.581 GC heap after
{Heap after GC invocations=71 (full 0):
 garbage-first heap   total reserved 8294400K, committed 2183168K, used 27177K [0x0000000605c00000, 0x0000000800000000)
  region size 4096K, 4 young (16384K), 4 survivors (16384K)
 Metaspace       used 10275K, committed 10624K, reserved 1114112K
  class space    used 942K, committed 1088K, reserved 1048576K
}
Event: 31.823 GC heap before
{Heap before GC invocations=71 (full 0):
 garbage-first heap   total reserved 8294400K, committed 2183168K, used 1317417K [0x0000000605c00000, 0x0000000800000000)
  region size 4096K, 319 young (1306624K), 4 survivors (16384K)
 Metaspace       used 10307K, committed 10624K, reserved 1114112K
  class space    used 943K, committed 1088K, reserved 1048576K
}
Event: 31.843 GC heap after
{Heap after GC invocations=72 (full 0):
 garbage-first heap   total reserved 8294400K, committed 2183168K, used 23941K [0x0000000605c00000, 0x0000000800000000)
  region size 4096K, 3 young (12288K), 3 survivors (12288K)
 Metaspace       used 10307K, committed 10624K, reserved 1114112K
  class space    used 943K, committed 1088K, reserved 1048576K
}
Event: 32.322 GC heap before
{Heap before GC invocations=72 (full 0):
 garbage-first heap   total reserved 8294400K, committed 2183168K, used 1318277K [0x0000000605c00000, 0x0000000800000000)
  region size 4096K, 319 young (1306624K), 3 survivors (12288K)
 Metaspace       used 10307K, committed 10624K, reserved 1114112K
  class space    used 943K, committed 1088K, reserved 1048576K
}
Event: 32.331 GC heap after
{Heap after GC invocations=73 (full 0):
 garbage-first heap   total reserved 8294400K, committed 2183168K, used 12980K [0x0000000605c00000, 0x0000000800000000)
  region size 4096K, 1 young (4096K), 1 survivors (4096K)
 Metaspace       used 10307K, committed 10624K, reserved 1114112K
  class space    used 943K, committed 1088K, reserved 1048576K
}
Event: 72.074 GC heap before
{Heap before GC invocations=73 (full 0):
 garbage-first heap   total reserved 8294400K, committed 2183168K, used 1315508K [0x0000000605c00000, 0x0000000800000000)
  region size 4096K, 319 young (1306624K), 1 survivors (4096K)
 Metaspace       used 10820K, committed 11200K, reserved 1114112K
  class space    used 963K, committed 1152K, reserved 1048576K
}
Event: 72.085 GC heap after
{Heap after GC invocations=74 (full 0):
 garbage-first heap   total reserved 8294400K, committed 2183168K, used 25110K [0x0000000605c00000, 0x0000000800000000)
  region size 4096K, 4 young (16384K), 4 survivors (16384K)
 Metaspace       used 10820K, committed 11200K, reserved 1114112K
  class space    used 963K, committed 1152K, reserved 1048576K
}
Event: 72.789 GC heap before
{Heap before GC invocations=74 (full 0):
 garbage-first heap   total reserved 8294400K, committed 2183168K, used 1315350K [0x0000000605c00000, 0x0000000800000000)
  region size 4096K, 319 young (1306624K), 4 survivors (16384K)
 Metaspace       used 10820K, committed 11200K, reserved 1114112K
  class space    used 963K, committed 1152K, reserved 1048576K
}
Event: 72.798 GC heap after
{Heap after GC invocations=75 (full 0):
 garbage-first heap   total reserved 8294400K, committed 2183168K, used 26555K [0x0000000605c00000, 0x0000000800000000)
  region size 4096K, 2 young (8192K), 2 survivors (8192K)
 Metaspace       used 10820K, committed 11200K, reserved 1114112K
  class space    used 963K, committed 1152K, reserved 1048576K
}
Event: 73.273 GC heap before
{Heap before GC invocations=75 (full 0):
 garbage-first heap   total reserved 8294400K, committed 2183168K, used 1324987K [0x0000000605c00000, 0x0000000800000000)
  region size 4096K, 319 young (1306624K), 2 survivors (8192K)
 Metaspace       used 10820K, committed 11200K, reserved 1114112K
  class space    used 963K, committed 1152K, reserved 1048576K
}
Event: 73.284 GC heap after
{Heap after GC invocations=76 (full 0):
 garbage-first heap   total reserved 8294400K, committed 2183168K, used 26629K [0x0000000605c00000, 0x0000000800000000)
  region size 4096K, 2 young (8192K), 2 survivors (8192K)
 Metaspace       used 10820K, committed 11200K, reserved 1114112K
  class space    used 963K, committed 1152K, reserved 1048576K
}
Event: 73.759 GC heap before
{Heap before GC invocations=76 (full 0):
 garbage-first heap   total reserved 8294400K, committed 2183168K, used 1325061K [0x0000000605c00000, 0x0000000800000000)
  region size 4096K, 319 young (1306624K), 2 survivors (8192K)
 Metaspace       used 10820K, committed 11200K, reserved 1114112K
  class space    used 963K, committed 1152K, reserved 1048576K
}
Event: 73.769 GC heap after
{Heap after GC invocations=77 (full 0):
 garbage-first heap   total reserved 8294400K, committed 2183168K, used 26569K [0x0000000605c00000, 0x0000000800000000)
  region size 4096K, 1 young (4096K), 1 survivors (4096K)
 Metaspace       used 10820K, committed 11200K, reserved 1114112K
  class space    used 963K, committed 1152K, reserved 1048576K
}

Dll operation events (14 events):
Event: 0.030 Loaded shared library C:\Program Files\Java\jdk-24\bin\java.dll
Event: 0.112 Loaded shared library C:\Program Files\Java\jdk-24\bin\jsvml.dll
Event: 0.266 Loaded shared library C:\Program Files\Java\jdk-24\bin\zip.dll
Event: 0.273 Loaded shared library C:\Program Files\Java\jdk-24\bin\instrument.dll
Event: 0.285 Loaded shared library C:\Program Files\Java\jdk-24\bin\net.dll
Event: 0.290 Loaded shared library C:\Program Files\Java\jdk-24\bin\nio.dll
Event: 0.305 Loaded shared library C:\Program Files\Java\jdk-24\bin\zip.dll
Event: 0.423 Loaded shared library C:\Program Files\Java\jdk-24\bin\extnet.dll
Event: 0.466 Loaded shared library C:\Program Files\Java\jdk-24\bin\jimage.dll
Event: 0.637 Loaded shared library C:\Program Files\Java\jdk-24\bin\management.dll
Event: 0.641 Loaded shared library C:\Program Files\Java\jdk-24\bin\management_ext.dll
Event: 11.299 Loaded shared library C:\Program Files\Java\jdk-24\bin\verify.dll
Event: 29.072 Loaded shared library C:\Program Files\Java\jdk-24\bin\instrument.dll
Event: 29.094 Loaded shared library D:\visualvm_22\visualvm_22\visualvm\lib\deployed\jdk16\windows-amd64\profilerinterface.dll

Deoptimization events (20 events):
Event: 137.822 Thread 0x0000019965a72060 Uncommon trap: trap_request=0xffffff4d fr.pc=0x00000199104cfed8 relative=0x0000000000001358
Event: 137.822 Thread 0x0000019965a72060 Uncommon trap: reason=unstable_if action=reinterpret pc=0x00000199104cfed8 method=org.graalvm.visualvm.lib.jfluid.server.ProfilerRuntimeMemory.isInternalClass(Ljava/lang/Class;)Z @ 22 c2
Event: 137.822 Thread 0x0000019965a72060 DEOPT PACKING pc=0x00000199104cfed8 sp=0x000000278a2fe980
Event: 137.822 Thread 0x0000019965a72060 DEOPT UNPACKING pc=0x000001990fd47282 sp=0x000000278a2fe920 mode 2
Event: 137.826 Thread 0x0000019965a72060 Uncommon trap: trap_request=0xffffffcc fr.pc=0x00000199103dac34 relative=0x0000000000000194
Event: 137.826 Thread 0x0000019965a72060 Uncommon trap: reason=intrinsic_or_type_checked_inlining action=make_not_entrant pc=0x00000199103dac34 method=java.lang.invoke.DirectMethodHandle.allocateInstance(Ljava/lang/Object;)Ljava/lang/Object; @ 12 c2
Event: 137.826 Thread 0x0000019965a72060 DEOPT PACKING pc=0x00000199103dac34 sp=0x000000278a2ff2c0
Event: 137.826 Thread 0x0000019965a72060 DEOPT UNPACKING pc=0x000001990fd47282 sp=0x000000278a2ff1e0 mode 2
Event: 137.842 Thread 0x000001996ae21e60 Uncommon trap: trap_request=0xffffff4d fr.pc=0x000001991046beac relative=0x00000000000000ac
Event: 137.842 Thread 0x000001996ae21e60 Uncommon trap: reason=unstable_if action=reinterpret pc=0x000001991046beac method=sun.nio.ch.NioSocketImpl.configureNonBlockingIfNeeded(Ljava/io/FileDescriptor;Z)V @ 8 c2
Event: 137.843 Thread 0x000001996ae21e60 DEOPT PACKING pc=0x000001991046beac sp=0x000000278b2feee0
Event: 137.843 Thread 0x000001996ae21e60 DEOPT UNPACKING pc=0x000001990fd47282 sp=0x000000278b2fee68 mode 2
Event: 153.806 Thread 0x000001997c1f9fb0 Uncommon trap: trap_request=0xffffff4d fr.pc=0x0000019910466ec4 relative=0x00000000000000c4
Event: 153.806 Thread 0x000001997c1f9fb0 Uncommon trap: reason=unstable_if action=reinterpret pc=0x0000019910466ec4 method=java.util.concurrent.locks.ReentrantLock$NonfairSync.initialTryLock()Z @ 10 c2
Event: 153.806 Thread 0x000001997c1f9fb0 DEOPT PACKING pc=0x0000019910466ec4 sp=0x00000027888ff3a0
Event: 153.806 Thread 0x000001997c1f9fb0 DEOPT UNPACKING pc=0x000001990fd47282 sp=0x00000027888ff328 mode 2
Event: 153.810 Thread 0x000001997c1f9fb0 Uncommon trap: trap_request=0xffffff4d fr.pc=0x0000019910466b94 relative=0x0000000000000094
Event: 153.810 Thread 0x000001997c1f9fb0 Uncommon trap: reason=unstable_if action=reinterpret pc=0x0000019910466b94 method=java.util.concurrent.locks.ReentrantLock$Sync.tryRelease(I)Z @ 26 c2
Event: 153.810 Thread 0x000001997c1f9fb0 DEOPT PACKING pc=0x0000019910466b94 sp=0x00000027888ff3a0
Event: 153.810 Thread 0x000001997c1f9fb0 DEOPT UNPACKING pc=0x000001990fd47282 sp=0x00000027888ff320 mode 2

Classes loaded (20 events):
Event: 73.943 Loading class org/graalvm/visualvm/lib/jfluid/server/ProfilerRuntimeObjLiveness$WeakRefSet
Event: 73.944 Loading class org/graalvm/visualvm/lib/jfluid/server/ProfilerRuntimeObjLiveness$WeakRefSet done
Event: 73.944 Loading class org/graalvm/visualvm/lib/jfluid/server/ProfilerRuntimeObjLiveness$ReferenceManagerThread
Event: 73.945 Loading class org/graalvm/visualvm/lib/jfluid/server/ProfilerRuntimeObjLiveness$ReferenceManagerThread done
Event: 73.947 Loading class org/graalvm/visualvm/lib/jfluid/wireprotocol/GetClassIdCommand
Event: 73.947 Loading class org/graalvm/visualvm/lib/jfluid/wireprotocol/GetClassIdCommand done
Event: 73.949 Loading class org/graalvm/visualvm/lib/jfluid/wireprotocol/GetClassIdResponse
Event: 73.950 Loading class org/graalvm/visualvm/lib/jfluid/wireprotocol/GetClassIdResponse done
Event: 73.950 Loading class org/graalvm/visualvm/lib/jfluid/server/ProfilerRuntimeObjLiveness$ProfilerRuntimeObjLivenessWeakRef
Event: 73.950 Loading class org/graalvm/visualvm/lib/jfluid/server/ProfilerRuntimeObjLiveness$ProfilerRuntimeObjLivenessWeakRef done
Event: 74.775 Loading class org/graalvm/visualvm/lib/jfluid/wireprotocol/GetMethodNamesForJMethodIdsCommand
Event: 74.775 Loading class org/graalvm/visualvm/lib/jfluid/wireprotocol/GetMethodNamesForJMethodIdsCommand done
Event: 74.776 Loading class org/graalvm/visualvm/lib/jfluid/wireprotocol/MethodNamesResponse
Event: 74.776 Loading class org/graalvm/visualvm/lib/jfluid/wireprotocol/MethodNamesResponse done
Event: 74.778 Loading class org/graalvm/visualvm/lib/jfluid/wireprotocol/ObjectAllocationResultsResponse
Event: 74.779 Loading class org/graalvm/visualvm/lib/jfluid/wireprotocol/ObjectAllocationResultsResponse done
Event: 153.780 Loading class org/openjdk/jmh/results/BenchmarkResultMetaData
Event: 153.780 Loading class org/openjdk/jmh/results/BenchmarkResultMetaData done
Event: 153.789 Loading class org/openjdk/jmh/runner/link/ResultMetadataFrame
Event: 153.789 Loading class org/openjdk/jmh/runner/link/ResultMetadataFrame done

Classes unloaded (0 events):
No events

Classes redefined (20 events):
Event: 52.196 Thread 0x000001997f6724c0 redefined class name=org.graalvm.visualvm.lib.jfluid.server.ProfilerInterface$InitiateProfilingThread, count=33
Event: 52.229 Thread 0x000001997f6724c0 redefined class name=org.openjdk.jmh.util.SingletonStatistics, count=1
Event: 52.229 Thread 0x000001997f6724c0 redefined class name=org.graalvm.visualvm.lib.jfluid.server.ProfilerInterface$InitiateProfilingThread, count=34
Event: 52.257 Thread 0x000001997f6724c0 redefined class name=org.openjdk.jmh.util.AbstractStatistics, count=1
Event: 52.257 Thread 0x000001997f6724c0 redefined class name=org.graalvm.visualvm.lib.jfluid.server.ProfilerInterface$InitiateProfilingThread, count=35
Event: 69.717 Thread 0x000001997f6724c0 redefined class name=org.openjdk.jmh.infra.IterationParams, count=6
Event: 69.717 Thread 0x000001997f6724c0 redefined class name=org.example.jmh_generated.SpeedTest_jmhType_B2, count=6
Event: 69.717 Thread 0x000001997f6724c0 redefined class name=org.openjdk.jmh.results.Result, count=3
Event: 69.717 Thread 0x000001997f6724c0 redefined class name=org.example.SpeedTest, count=3
Event: 69.717 Thread 0x000001997f6724c0 redefined class name=org.openjdk.jmh.runner.InfraControlL2, count=4
Event: 69.717 Thread 0x000001997f6724c0 redefined class name=org.openjdk.jmh.results.RawResults, count=3
Event: 69.717 Thread 0x000001997f6724c0 redefined class name=org.openjdk.jmh.results.BenchmarkTaskResult, count=3
Event: 69.717 Thread 0x000001997f6724c0 redefined class name=org.openjdk.jmh.infra.Blackhole, count=8
Event: 69.717 Thread 0x000001997f6724c0 redefined class name=org.openjdk.jmh.runner.options.TimeValue, count=3
Event: 69.717 Thread 0x000001997f6724c0 redefined class name=org.openjdk.jmh.util.Deduplicator, count=3
Event: 69.717 Thread 0x000001997f6724c0 redefined class name=org.openjdk.jmh.infra.BenchmarkParams, count=6
Event: 69.717 Thread 0x000001997f6724c0 redefined class name=org.openjdk.jmh.runner.InfraControl, count=10
Event: 69.717 Thread 0x000001997f6724c0 redefined class name=org.example.jmh_generated.SpeedTest_insertC_jmhTest, count=3
Event: 69.717 Thread 0x000001997f6724c0 redefined class name=org.example.BinaryTree, count=3
Event: 73.927 Thread 0x000001997f6724c0 redefined class name=java.lang.Object, count=1

Internal exceptions (20 events):
Event: 16.437 Thread 0x000001996ae21e60 Exception <a 'java/lang/NoSuchMethodError'{0x0000000633a4ad28}: static [Ljavax/management/MBeanNotificationInfo;.<clinit>()V> (0x0000000633a4ad28) 
thrown [s\open\src\hotspot\share\prims\jni.cpp, line 1108]
Event: 16.437 Thread 0x000001996ae21e60 Exception <a 'java/lang/NoSuchMethodError'{0x0000000633a4b858}: static [Ljavax/management/MBeanOperationInfo;.<clinit>()V> (0x0000000633a4b858) 
thrown [s\open\src\hotspot\share\prims\jni.cpp, line 1108]
Event: 16.440 Thread 0x000001996ae21e60 Exception <a 'java/lang/NoSuchMethodError'{0x0000000633a4dd90}: 'java.lang.Object java.lang.invoke.DirectMethodHandle$Holder.invokeInterface(java.lang.Object, java.lang.Object, java.lang.Object, java.lang.Object, java.lang.Object)'> (0x0000000633a4dd90) 
thrown [s\open\src\hotspot\share\interpreter\linkResolver.cpp, line 805]
Event: 16.502 Thread 0x000001996ae21e60 Exception <a 'java/lang/NoSuchMethodError'{0x0000000665e2fc40}: 'int java.lang.invoke.DirectMethodHandle$Holder.invokeInterface(java.lang.Object, java.lang.Object, java.lang.Object, java.lang.Object)'> (0x0000000665e2fc40) 
thrown [s\open\src\hotspot\share\interpreter\linkResolver.cpp, line 805]
Event: 16.503 Thread 0x000001996ae21e60 Exception <a 'java/lang/NoSuchMethodError'{0x0000000665e38230}: 'int java.lang.invoke.DirectMethodHandle$Holder.invokeSpecial(java.lang.Object, java.lang.Object, java.lang.Object, java.lang.Object, java.lang.Object)'> (0x0000000665e38230) 
thrown [s\open\src\hotspot\share\interpreter\linkResolver.cpp, line 805]
Event: 16.504 Thread 0x000001996ae21e60 Exception <a 'java/lang/NoSuchMethodError'{0x0000000665e40400}: 'int java.lang.invoke.DelegatingMethodHandle$Holder.reinvoke_L(java.lang.Object, java.lang.Object, java.lang.Object, java.lang.Object)'> (0x0000000665e40400) 
thrown [s\open\src\hotspot\share\interpreter\linkResolver.cpp, line 805]
Event: 16.512 Thread 0x000001996ae21e60 Exception <a 'java/lang/NoSuchMethodError'{0x0000000665e6d488}: 'long java.lang.invoke.DirectMethodHandle$Holder.invokeInterface(java.lang.Object, java.lang.Object)'> (0x0000000665e6d488) 
thrown [s\open\src\hotspot\share\interpreter\linkResolver.cpp, line 805]
Event: 16.513 Thread 0x000001996ae21e60 Exception <a 'java/lang/NoSuchMethodError'{0x0000000665e75988}: 'java.lang.Object java.lang.invoke.DirectMethodHandle$Holder.invokeStatic(java.lang.Object, long)'> (0x0000000665e75988) 
thrown [s\open\src\hotspot\share\interpreter\linkResolver.cpp, line 805]
Event: 16.514 Thread 0x000001996ae21e60 Exception <a 'java/lang/NoSuchMethodError'{0x0000000665e7d9e8}: 'long java.lang.invoke.DelegatingMethodHandle$Holder.reinvoke_L(java.lang.Object, java.lang.Object)'> (0x0000000665e7d9e8) 
thrown [s\open\src\hotspot\share\interpreter\linkResolver.cpp, line 805]
Event: 16.540 Thread 0x000001996ae21e60 Exception <a 'java/lang/NoSuchMethodError'{0x0000000665ec1aa0}: 'void java.lang.invoke.DirectMethodHandle$Holder.invokeStaticInit(java.lang.Object, java.lang.Object, java.lang.Object)'> (0x0000000665ec1aa0) 
thrown [s\open\src\hotspot\share\interpreter\linkResolver.cpp, line 805]
Event: 16.542 Thread 0x000001996ae21e60 Exception <a 'java/lang/NoSuchMethodError'{0x0000000665ed1148}: 'int java.lang.invoke.DirectMethodHandle$Holder.invokeStaticInit(java.lang.Object, java.lang.Object)'> (0x0000000665ed1148) 
thrown [s\open\src\hotspot\share\interpreter\linkResolver.cpp, line 805]
Event: 17.570 Thread 0x000001996ae21e60 Exception <a 'java/lang/NoSuchMethodError'{0x000000065521bab0}: static [J.<clinit>()V> (0x000000065521bab0) 
thrown [s\open\src\hotspot\share\prims\jni.cpp, line 1108]
Event: 17.574 Thread 0x000001996ae21e60 Exception <a 'java/lang/NoSuchMethodError'{0x00000006552208c8}: 'java.lang.Object java.lang.invoke.DirectMethodHandle$Holder.invokeInterface(java.lang.Object, java.lang.Object, java.lang.Object, int)'> (0x00000006552208c8) 
thrown [s\open\src\hotspot\share\interpreter\linkResolver.cpp, line 805]
Event: 17.583 Thread 0x000001996ae21e60 Exception <a 'java/lang/NoSuchMethodError'{0x000000065524de88}: 'int java.lang.invoke.DirectMethodHandle$Holder.invokeVirtual(java.lang.Object, java.lang.Object)'> (0x000000065524de88) 
thrown [s\open\src\hotspot\share\interpreter\linkResolver.cpp, line 805]
Event: 17.606 Thread 0x000001996ae21e60 Exception <a 'java/lang/NoSuchMethodError'{0x000000065526f860}: static [Ljavax/management/openmbean/CompositeData;.<clinit>()V> (0x000000065526f860) 
thrown [s\open\src\hotspot\share\prims\jni.cpp, line 1108]
Event: 29.469 Thread 0x000001996a121570 Exception <a 'java/lang/IncompatibleClassChangeError'{0x000000067480b970}: Found class java.lang.Object, but interface was expected> (0x000000067480b970) 
thrown [s\open\src\hotspot\share\interpreter\linkResolver.cpp, line 872]
Event: 29.495 Thread 0x000001996a122410 Exception <a 'java/lang/VerifyError'{0x000000067420b2e8}: Stack map does not match the one at exception handler 21
Exception Details:
  Location:
    org/graalvm/visualvm/lib/jfluid/ConstructorTest.<init>()V @21: astore_1
  Reason:
    Current frame's flags are not assignable to stack map frame's.
  Current Frame:
    bci: @0
    flags: { flagThisUninit }
    locals: { uninitializedThis }
    stack: { 'java/lang/Throwable' }
  Stackmap Frame:
    bci: @21
    flags: { }
    locals: { top }
    stack: { 'ja
Event: 29.722 Thread 0x000001996a122410 Exception <a 'java/lang/NoSuchMethodError'{0x000000067422b078}: 'java.lang.Object java.lang.invoke.DelegatingMethodHandle$Holder.reinvoke_L(java.lang.Object, int, long, java.lang.Object, java.lang.Object, int, java.lang.Object)'> (0x000000067422b078) 
thrown [s\open\src\hotspot\share\interpreter\linkResolver.cpp, line 805]
Event: 69.696 Thread 0x0000019965ae8c00 Implicit null exception at 0x000001991047c5af to 0x000001991047cb04
Event: 153.811 Thread 0x0000019965ae8c00 Exception <a 'java/lang/InterruptedException'{0x000000064f71d5c0}> (0x000000064f71d5c0) 
thrown [s\open\src\hotspot\share\runtime\objectMonitor.cpp, line 1678]

VM Operations (20 events):
Event: 144.859 Executing VM operation: ThreadDump
Event: 144.860 Executing VM operation: ThreadDump done
Event: 145.868 Executing VM operation: ThreadDump
Event: 145.869 Executing VM operation: ThreadDump done
Event: 146.873 Executing VM operation: ThreadDump
Event: 146.873 Executing VM operation: ThreadDump done
Event: 147.873 Executing VM operation: ThreadDump
Event: 147.874 Executing VM operation: ThreadDump done
Event: 147.879 Executing VM operation: FindDeadlocks
Event: 147.879 Executing VM operation: FindDeadlocks done
Event: 148.873 Executing VM operation: ThreadDump
Event: 148.874 Executing VM operation: ThreadDump done
Event: 149.878 Executing VM operation: ThreadDump
Event: 149.879 Executing VM operation: ThreadDump done
Event: 150.886 Executing VM operation: ThreadDump
Event: 150.886 Executing VM operation: ThreadDump done
Event: 151.890 Executing VM operation: ThreadDump
Event: 151.890 Executing VM operation: ThreadDump done
Event: 152.909 Executing VM operation: ThreadDump
Event: 152.909 Executing VM operation: ThreadDump done

Memory protections (0 events):
No events

Nmethod flushes (0 events):
No events

Events (20 events):
Event: 74.700 Thread 0x000001997f69d5f0 Thread added: 0x000001996ae3a620
Event: 74.708 Thread 0x000001997f69d5f0 Thread added: 0x000001996ae38050
Event: 74.708 Thread 0x000001997f69d5f0 Thread added: 0x000001996ae37130
Event: 75.161 Thread 0x000001996ae38050 Thread exited: 0x000001996ae38050
Event: 75.362 Thread 0x000001996ae387e0 Thread exited: 0x000001996ae387e0
Event: 75.362 Thread 0x000001996ae343d0 Thread exited: 0x000001996ae343d0
Event: 75.664 Thread 0x000001997f69d5f0 Thread added: 0x000001996ae343d0
Event: 75.664 Thread 0x000001997f69d5f0 Thread added: 0x000001996ae38050
Event: 75.897 Thread 0x000001996ae38050 Thread exited: 0x000001996ae38050
Event: 76.299 Thread 0x000001996ae37130 Thread exited: 0x000001996ae37130
Event: 76.299 Thread 0x000001996ae343d0 Thread exited: 0x000001996ae343d0
Event: 77.633 Thread 0x000001996ae3a620 Thread exited: 0x000001996ae3a620
Event: 82.377 Thread 0x000001997f6984f0 Thread added: 0x000001996ae343d0
Event: 82.581 Thread 0x000001996ae343d0 Thread exited: 0x000001996ae343d0
Event: 143.894 Thread 0x000001997f69d5f0 Thread added: 0x000001996ae38050
Event: 144.852 Thread 0x000001996ae38050 Thread exited: 0x000001996ae38050
Event: 153.812 Thread 0x0000019965ae8c00 Thread exited: 0x0000019965ae8c00
Event: 153.813 Thread 0x000001997c1f9fb0 Thread added: 0x000001996542a2e0
Event: 153.813 Thread 0x000001997c1f9fb0 Thread exited: 0x000001997c1f9fb0
Event: 153.813 Thread 0x000001996542b8d0 Thread added: 0x000001996542b8d0


Dynamic libraries:
0x00007ff7eb670000 - 0x00007ff7eb680000 	C:\Program Files\Java\jdk-24\bin\java.exe
0x00007fffe7b60000 - 0x00007fffe7dc8000 	C:\WINDOWS\SYSTEM32\ntdll.dll
0x00007fffe6d70000 - 0x00007fffe6e39000 	C:\WINDOWS\System32\KERNEL32.DLL
0x00007fffe51d0000 - 0x00007fffe55c8000 	C:\WINDOWS\System32\KERNELBASE.dll
0x00007fffe57b0000 - 0x00007fffe58fb000 	C:\WINDOWS\System32\ucrtbase.dll
0x00007fffdc640000 - 0x00007fffdc656000 	C:\Program Files\Java\jdk-24\bin\jli.dll
0x00007fffdb000000 - 0x00007fffdb01b000 	C:\Program Files\Java\jdk-24\bin\VCRUNTIME140.dll
0x00007fffe6240000 - 0x00007fffe6407000 	C:\WINDOWS\System32\USER32.dll
0x00007fffca240000 - 0x00007fffca4d4000 	C:\WINDOWS\WinSxS\amd64_microsoft.windows.common-controls_6595b64144ccf1df_6.0.26100.7019_none_3e06ffa0e335b8a8\COMCTL32.dll
0x00007fffe4d60000 - 0x00007fffe4d87000 	C:\WINDOWS\System32\win32u.dll
0x00007fffe7a00000 - 0x00007fffe7aa9000 	C:\WINDOWS\System32\msvcrt.dll
0x00007fffe6210000 - 0x00007fffe623b000 	C:\WINDOWS\System32\GDI32.dll
0x00007fffe5680000 - 0x00007fffe57ac000 	C:\WINDOWS\System32\gdi32full.dll
0x00007fffe4cb0000 - 0x00007fffe4d53000 	C:\WINDOWS\System32\msvcp_win.dll
0x00007fffe79b0000 - 0x00007fffe79e1000 	C:\WINDOWS\System32\IMM32.DLL
0x00007fffdf570000 - 0x00007fffdf57c000 	C:\Program Files\Java\jdk-24\bin\vcruntime140_1.dll
0x00007fffb7650000 - 0x00007fffb76de000 	C:\Program Files\Java\jdk-24\bin\msvcp140.dll
0x00007fff8a640000 - 0x00007fff8b3e2000 	C:\Program Files\Java\jdk-24\bin\server\jvm.dll
0x00007fffe5b00000 - 0x00007fffe5bb4000 	C:\WINDOWS\System32\ADVAPI32.dll
0x00007fffe65d0000 - 0x00007fffe6676000 	C:\WINDOWS\System32\sechost.dll
0x00007fffe5c10000 - 0x00007fffe5d28000 	C:\WINDOWS\System32\RPCRT4.dll
0x00007fffe5e40000 - 0x00007fffe5eb4000 	C:\WINDOWS\System32\WS2_32.dll
0x00007fffe37f0000 - 0x00007fffe384e000 	C:\WINDOWS\SYSTEM32\POWRPROF.dll
0x00007fffd8400000 - 0x00007fffd8435000 	C:\WINDOWS\SYSTEM32\WINMM.dll
0x00007fffd8350000 - 0x00007fffd835b000 	C:\WINDOWS\SYSTEM32\VERSION.dll
0x00007fffe38e0000 - 0x00007fffe38f4000 	C:\WINDOWS\SYSTEM32\UMPDC.dll
0x00007fffe3af0000 - 0x00007fffe3b0b000 	C:\WINDOWS\SYSTEM32\kernel.appcore.dll
0x00007fffcefc0000 - 0x00007fffcefca000 	C:\Program Files\Java\jdk-24\bin\jimage.dll
0x00007fffe2400000 - 0x00007fffe2642000 	C:\WINDOWS\SYSTEM32\DBGHELP.DLL
0x00007fffe7620000 - 0x00007fffe79ab000 	C:\WINDOWS\System32\combase.dll
0x00007fffe6680000 - 0x00007fffe6757000 	C:\WINDOWS\System32\OLEAUT32.dll
0x00007fffcc320000 - 0x00007fffcc35c000 	C:\WINDOWS\SYSTEM32\dbgcore.DLL
0x00007fffe55d0000 - 0x00007fffe5675000 	C:\WINDOWS\System32\bcryptPrimitives.dll
0x00007fffb7500000 - 0x00007fffb750f000 	C:\Program Files\Java\jdk-24\bin\instrument.dll
0x00007fffccf70000 - 0x00007fffccf8e000 	C:\Program Files\Java\jdk-24\bin\java.dll
0x00007fffe6430000 - 0x00007fffe65c7000 	C:\WINDOWS\System32\ole32.dll
0x00007fffe6e40000 - 0x00007fffe7591000 	C:\WINDOWS\System32\SHELL32.dll
0x00007fffe4fd0000 - 0x00007fffe513b000 	C:\WINDOWS\System32\wintypes.dll
0x00007fffe2890000 - 0x00007fffe30ed000 	C:\WINDOWS\SYSTEM32\windows.storage.dll
0x00007fffe5900000 - 0x00007fffe59f2000 	C:\WINDOWS\System32\SHCORE.dll
0x00007fffe75b0000 - 0x00007fffe7617000 	C:\WINDOWS\System32\shlwapi.dll
0x00007fffe4bd0000 - 0x00007fffe4bf9000 	C:\WINDOWS\SYSTEM32\profapi.dll
0x00007fffb7570000 - 0x00007fffb7647000 	C:\Program Files\Java\jdk-24\bin\jsvml.dll
0x00007fffc82b0000 - 0x00007fffc82c7000 	C:\Program Files\Java\jdk-24\bin\zip.dll
0x00007fffcefb0000 - 0x00007fffcefc0000 	C:\Program Files\Java\jdk-24\bin\net.dll
0x00007fffe40a0000 - 0x00007fffe410b000 	C:\WINDOWS\system32\mswsock.dll
0x00007fffccde0000 - 0x00007fffccdf6000 	C:\Program Files\Java\jdk-24\bin\nio.dll
0x00007fffc82a0000 - 0x00007fffc82a9000 	C:\Program Files\Java\jdk-24\bin\extnet.dll
0x00007fffc8290000 - 0x00007fffc829a000 	C:\Program Files\Java\jdk-24\bin\management.dll
0x00007fffbef60000 - 0x00007fffbef6b000 	C:\Program Files\Java\jdk-24\bin\management_ext.dll
0x00007fffe7ab0000 - 0x00007fffe7ab8000 	C:\WINDOWS\System32\PSAPI.DLL
0x00007fffdc710000 - 0x00007fffdc728000 	C:\WINDOWS\system32\napinsp.dll
0x00007fffe35b0000 - 0x00007fffe36dc000 	C:\WINDOWS\SYSTEM32\DNSAPI.dll
0x00007fffe3570000 - 0x00007fffe35a4000 	C:\WINDOWS\SYSTEM32\IPHLPAPI.DLL
0x00007fffe6760000 - 0x00007fffe676a000 	C:\WINDOWS\System32\NSI.dll
0x00007fffdc560000 - 0x00007fffdc572000 	C:\WINDOWS\System32\winrnr.dll
0x00007fffdc660000 - 0x00007fffdc682000 	C:\WINDOWS\system32\nlansp_c.dll
0x00007fffdbf40000 - 0x00007fffdbf56000 	C:\WINDOWS\system32\wshbth.dll
0x00007fffdc1e0000 - 0x00007fffdc1eb000 	C:\Windows\System32\rasadhlp.dll
0x00007fffde210000 - 0x00007fffde296000 	C:\WINDOWS\System32\fwpuclnt.dll
0x00007fffbe0f0000 - 0x00007fffbe100000 	C:\Program Files\Java\jdk-24\bin\verify.dll
0x00007fffe4490000 - 0x00007fffe44ab000 	C:\WINDOWS\SYSTEM32\CRYPTSP.dll
0x00007fffe3ab0000 - 0x00007fffe3aea000 	C:\WINDOWS\system32\rsaenh.dll
0x00007fffe4150000 - 0x00007fffe417b000 	C:\WINDOWS\SYSTEM32\USERENV.dll
0x00007fffe4ba0000 - 0x00007fffe4bca000 	C:\WINDOWS\SYSTEM32\bcrypt.dll
0x00007fffe42f0000 - 0x00007fffe42fc000 	C:\WINDOWS\SYSTEM32\CRYPTBASE.dll
0x00007fffb37c0000 - 0x00007fffb37cf000 	D:\visualvm_22\visualvm_22\visualvm\lib\deployed\jdk16\windows-amd64\profilerinterface.dll

dbghelp: loaded successfully - version: 4.0.5 - missing functions: none
symbol engine: initialized successfully - sym options: 0x614 - pdb path: .;C:\Program Files\Java\jdk-24\bin;C:\WINDOWS\SYSTEM32;C:\WINDOWS\WinSxS\amd64_microsoft.windows.common-controls_6595b64144ccf1df_6.0.26100.7019_none_3e06ffa0e335b8a8;C:\Program Files\Java\jdk-24\bin\server;D:\visualvm_22\visualvm_22\visualvm\lib\deployed\jdk16\windows-amd64

VM Arguments:
jvm_args: -javaagent:D:\IntelliJ IDEA Community Edition 2024.3.5\lib\idea_rt.jar=58567 -Dfile.encoding=UTF-8 -Dsun.stdout.encoding=UTF-8 -Dsun.stderr.encoding=UTF-8 -XX:+UnlockDiagnosticVMOptions -XX:+UnlockExperimentalVMOptions -DcompilerBlackholesEnabled=true -XX:CompileCommandFile=C:\Users\olga\AppData\Local\Temp\jmh5656156353658456412compilecommand 
java_command: org.openjdk.jmh.runner.ForkedMain 127.0.0.1 58728
java_class_path (initial): C:\Users\olga\IdeaProjects\BinarySearchTree\target\classes;C:\Users\olga\.m2\repository\org\openjdk\jmh\jmh-core\1.36\jmh-core-1.36.jar;C:\Users\olga\.m2\repository\net\sf\jopt-simple\jopt-simple\5.0.4\jopt-simple-5.0.4.jar;C:\Users\olga\.m2\repository\org\apache\commons\commons-math3\3.2\commons-math3-3.2.jar;C:\Users\olga\.m2\repository\org\openjdk\jmh\jmh-generator-annprocess\1.36\jmh-generator-annprocess-1.36.jar;C:\Users\olga\.m2\repository\org\apache\maven\plugins\maven-compiler-plugin\3.14.1\maven-compiler-plugin-3.14.1.jar;C:\Users\olga\.m2\repository\org\ow2\asm\asm\9.8\asm-9.8.jar;C:\Users\olga\.m2\repository\org\apache\maven\shared\maven-shared-utils\3.4.2\maven-shared-utils-3.4.2.jar;C:\Users\olga\.m2\repository\org\slf4j\slf4j-api\1.7.36\slf4j-api-1.7.36.jar;C:\Users\olga\.m2\repository\commons-io\commons-io\2.11.0\commons-io-2.11.0.jar;C:\Users\olga\.m2\repository\org\apache\maven\shared\maven-shared-incremental\1.1\maven-shared-incremental-1.1.jar;C:\Users\olga\.m2\repository\org\codehaus\plexus\plexus-java\1.5.0\plexus-java-1.5.0.jar;C:\Users\olga\.m2\repository\com\thoughtworks\qdox\qdox\2.2.0\qdox-2.2.0.jar;C:\Users\olga\.m2\repository\org\codehaus\plexus\plexus-compiler-api\2.15.0\plexus-compiler-api-2.15.0.jar;C:\Users\olga\.m2\repository\org\codehaus\plexus\plexus-compiler-manager\2.15.0\plexus-compiler-manager-2.15.0.jar;C:\Users\olga\.m2\repository\javax\inject\javax.inject\1\javax.inject-1.jar;C:\Users\olga\.m2\repository\org\codehaus\plexus\plexus-xml\3.0.0\plexus-xml-3.0.0.jar;C:\Users\olga\.m2\repository\org\codehaus\plexus\plexus-compiler-javac\2.15.0\plexus-compiler-javac-2.15.0.jar;C:\Users\olga\.m2\repository\org\codehaus\plexus\plexus-utils\4.0.2\plexus-utils-4.0.2.jar
Launcher Type: SUN_STANDARD

[Global flags]
     bool AOTInvokeDynamicLinking                  = false                                  {diagnostic} {ergonomic}
     intx CICompilerCount                          = 12                                        {product} {ergonomic}
    ccstr CompileCommandFile                       = C:\Users\olga\AppData\Local\Temp\jmh5656156353658456412compilecommand            {product} {command line}
     uint ConcGCThreads                            = 4                                         {product} {ergonomic}
     bool FlightRecorder                           = true                                      {product} {management}
     uint G1ConcRefinementThreads                  = 15                                        {product} {ergonomic}
     uint G1EagerReclaimRemSetThreshold            = 32                                   {experimental} {ergonomic}
   size_t G1HeapRegionSize                         = 4194304                                   {product} {ergonomic}
     uint G1RemSetArrayOfCardsEntries              = 32                                   {experimental} {ergonomic}
     uint G1RemSetHowlMaxNumBuckets                = 8                                    {experimental} {ergonomic}
     uint G1RemSetHowlNumBuckets                   = 8                                    {experimental} {ergonomic}
   size_t InitialHeapSize                          = 532676608                                 {product} {ergonomic}
   size_t MarkStackSize                            = 4194304                                   {product} {ergonomic}
   size_t MarkStackSizeMax                         = 536870912                                 {product} {ergonomic}
   size_t MaxHeapSize                              = 8493465600                                {product} {ergonomic}
   size_t MaxNewSize                               = 5096079360                                {product} {ergonomic}
   size_t MinHeapDeltaBytes                        = 4194304                                   {product} {ergonomic}
   size_t MinHeapSize                              = 8388608                                   {product} {ergonomic}
    uintx NonNMethodCodeHeapSize                   = 7602176                                {pd product} {ergonomic}
    uintx NonProfiledCodeHeapSize                  = 122093568                              {pd product} {ergonomic}
    uintx ProfiledCodeHeapSize                     = 121962496                              {pd product} {ergonomic}
    uintx ReservedCodeCacheSize                    = 251658240                              {pd product} {ergonomic}
     bool SegmentedCodeCache                       = true                                      {product} {ergonomic}
   size_t SoftMaxHeapSize                          = 8493465600                             {manageable} {ergonomic}
     bool UnlockDiagnosticVMOptions                = true                                   {diagnostic} {command line}
     bool UnlockExperimentalVMOptions              = true                                 {experimental} {command line}
     bool UseCompressedOops                        = true                           {product lp64_product} {ergonomic}
     bool UseG1GC                                  = true                                      {product} {ergonomic}
     bool UseLargePagesIndividualAllocation        = false                                  {pd product} {ergonomic}

Logging:
Log output configuration:
 #0: stdout all=warning uptime,level,tags foldmultilines=false
 #1: stderr all=off uptime,level,tags foldmultilines=false

Environment Variables:
JAVA_HOME=C:\Program Files\Java\jdk-17
PATH=C:\Program Files\Java\jdk-17\bin;C:\WINDOWS\system32;C:\WINDOWS;C:\WINDOWS\System32\Wbem;C:\WINDOWS\System32\WindowsPowerShell\v1.0\;C:\WINDOWS\System32\OpenSSH\;C:\Program Files\Git\cmd;C:\Program Files\Docker\Docker\resources\bin;C:\Program Files\nodejs\;D:\terraform;C:\Program Files\Oracle\VirtualBox;C:\python;D:\terraform;D:\terraform\terraform_1.12.1_windows_amd64\plugins\terraform-provider-yandex_v0.116.0.exe;C:\Users\olga\AppData\Roaming\terraform;C:\Users\olga\AppData\Local\Programs\Python\Python313;C:\Users\olga\AppData\Local\Programs\Python\Python313\Scripts;C:\Program Files\Kubernetes\Minikube;C:\Users\olga\AppData\Local\Microsoft\WindowsApps;C:\Program Files\Java\jdk-17\bin;C:\Users\olga\AppData\Roaming\npm;C:\Users\olga\AppData\Local\Programs\Microsoft VS Code\bin;C:\Users\olga\yandex-cloud\bin;D:\terraform;D:\terraform\terraform_1.12.1_windows_amd64\plugins\terraform-provider-yandex_v0.116.0.exe;C:\Users\olga\AppData\Roaming\terraform;C:\Users\olga\AppData\Local\Programs\Python\Python313;C:\Users\olga\AppData\Local\Programs\Python\Python313\Scripts;C:\Users\olga\AppData\Local\Microsoft\WinGet\Links;
USERNAME=olga
OS=Windows_NT
PROCESSOR_IDENTIFIER=Intel64 Family 6 Model 183 Stepping 1, GenuineIntel
TMP=C:\Users\olga\AppData\Local\Temp
TEMP=C:\Users\olga\AppData\Local\Temp




Periodic native trim disabled

---------------  S Y S T E M  ---------------

OS:
 Windows 11 , 64 bit Build 26100 (10.0.26100.7019)
OS uptime: 0 days 14:09 hours
Hyper-V role detected

CPU: total 20 (initial active 20) (10 cores per cpu, 2 threads per core) family 6 model 183 stepping 1 microcode 0x12b, cx8, cmov, fxsr, ht, mmx, 3dnowpref, sse, sse2, sse3, ssse3, sse4.1, sse4.2, popcnt, lzcnt, tsc, tscinvbit, avx, avx2, aes, erms, clmul, bmi1, bmi2, adx, sha, fma, vzeroupper, clflush, clflushopt, clwb, hv, serialize, rdtscp, rdpid, fsrm, gfni, f16c, cet_ibt, cet_ss
Processor Information for processor 0
  Max Mhz: 2600, Current Mhz: 2600, Mhz Limit: 2600
Processor Information for processor 1
  Max Mhz: 2600, Current Mhz: 1496, Mhz Limit: 2600
Processor Information for processor 2
  Max Mhz: 2600, Current Mhz: 2600, Mhz Limit: 2600
Processor Information for processor 3
  Max Mhz: 2600, Current Mhz: 1496, Mhz Limit: 2600
Processor Information for processor 4
  Max Mhz: 2600, Current Mhz: 1496, Mhz Limit: 2600
Processor Information for processor 5
  Max Mhz: 2600, Current Mhz: 2600, Mhz Limit: 2600
Processor Information for processor 6
  Max Mhz: 2600, Current Mhz: 2600, Mhz Limit: 2600
Processor Information for processor 7
  Max Mhz: 2600, Current Mhz: 1496, Mhz Limit: 2600
Processor Information for processor 8
  Max Mhz: 2600, Current Mhz: 1496, Mhz Limit: 2600
Processor Information for processor 9
  Max Mhz: 2600, Current Mhz: 2600, Mhz Limit: 2600
Processor Information for processor 10
  Max Mhz: 2600, Current Mhz: 1496, Mhz Limit: 2600
Processor Information for processor 11
  Max Mhz: 2600, Current Mhz: 2600, Mhz Limit: 2600
Processor Information for processor 12
  Max Mhz: 2600, Current Mhz: 1505, Mhz Limit: 2600
Processor Information for processor 13
  Max Mhz: 2600, Current Mhz: 1505, Mhz Limit: 2600
Processor Information for processor 14
  Max Mhz: 2600, Current Mhz: 1505, Mhz Limit: 2600
Processor Information for processor 15
  Max Mhz: 2600, Current Mhz: 1505, Mhz Limit: 2600
Processor Information for processor 16
  Max Mhz: 2600, Current Mhz: 1505, Mhz Limit: 2600
Processor Information for processor 17
  Max Mhz: 2600, Current Mhz: 1505, Mhz Limit: 2600
Processor Information for processor 18
  Max Mhz: 2600, Current Mhz: 1505, Mhz Limit: 2600
Processor Information for processor 19
  Max Mhz: 2600, Current Mhz: 1505, Mhz Limit: 2600

Memory: 4k page, system-wide physical 32387M (17020M free)
TotalPageFile size 34435M (AvailPageFile size 17976M)
current process WorkingSet (physical memory assigned to process): 2087M, peak: 2091M
current process commit charge ("private bytes"): 2319M, peak: 2352M

vm_info: Java HotSpot(TM) 64-Bit Server VM (24+36-3646) for windows-amd64 JRE (24+36-3646), built on 2025-02-06T00:20:43Z with MS VC++ 17.6 (VS2022)

END.
