#
# A fatal error has been detected by the Java Runtime Environment:
#
#  EXCEPTION_ACCESS_VIOLATION (0xc0000005) at pc=0x00007ffbc685a47c, pid=11556, tid=24780
#
# JRE version: Java(TM) SE Runtime Environment (24.0+36) (build 24+36-3646)
# Java VM: Java HotSpot(TM) 64-Bit Server VM (24+36-3646, mixed mode, sharing, tiered, compressed oops, compressed class ptrs, g1 gc, windows-amd64)
# Problematic frame:
# V  [jvm.dll+0x42a47c]
#
# No core dump will be written. Minidumps are not enabled by default on client versions of Windows
#
# If you would like to submit a bug report, please visit:
#   https://bugreport.java.com/bugreport/crash.jsp
#

---------------  S U M M A R Y ------------

Command Line: -javaagent:D:\IntelliJ IDEA Community Edition 2024.3.5\lib\idea_rt.jar=53168 -Dfile.encoding=UTF-8 -Dsun.stdout.encoding=UTF-8 -Dsun.stderr.encoding=UTF-8 -XX:+UnlockDiagnosticVMOptions -XX:+UnlockExperimentalVMOptions -DcompilerBlackholesEnabled=true -XX:CompileCommandFile=C:\Users\olga\AppData\Local\Temp\jmh5149827962162034381compilecommand org.openjdk.jmh.runner.ForkedMain 127.0.0.1 53170

Host: 13th Gen Intel(R) Core(TM) i7-13650HX, 20 cores, 31G,  Windows 11 , 64 bit Build 26100 (10.0.26100.7019)
Time: Fri Nov  7 09:35:12 2025 RTZ 2 (s 11 , 64 bit Build 26100 (10.0.26100.7019) elapsed time: 152.470923 seconds (0d 0h 2m 32s)

---------------  T H R E A D  ---------------

Current thread (0x000002d9e69bd310):  JavaThread "<no-name - thread is attaching>"        [_thread_in_vm, id=24780, stack(0x000000e2a9500000,0x000000e2a9600000) (1024K)]

Stack: [0x000000e2a9500000,0x000000e2a9600000],  sp=0x000000e2a95ff000,  free space=1020k
Native frames: (J=compiled Java code, j=interpreted, Vv=VM code, C=native code)
V  [jvm.dll+0x42a47c]  (no source info available)
V  [jvm.dll+0x4c941b]  (no source info available)
C  0x000002d99050b979  (no source info available)

The last pc belongs to native nmethod (printed below).
Java frames: (J=compiled Java code, j=interpreted, Vv=VM code)
J 3515  java.lang.Object.wait0(J)V java.base@24 (0 bytes) @ 0x000002d99050b9ee [0x000002d99050b900+0x00000000000000ee]
J 3574 c1 java.lang.Object.wait(J)V java.base@24 (59 bytes) @ 0x000002d988d9b6e4 [0x000002d988d9b400+0x00000000000002e4]
J 3411 c1 org.graalvm.visualvm.lib.jfluid.server.ProfilerServer.getLastResponse()Lorg/graalvm/visualvm/lib/jfluid/wireprotocol/Response; (68 bytes) @ 0x000002d988d367f4 [0x000002d988d36480+0x0000000000000374]
j  org.graalvm.visualvm.lib.jfluid.server.ProfilerInterface.firstTimeVMObjectAlloc(Ljava/lang/String;I)I+33
J 3613 c2 org.graalvm.visualvm.lib.jfluid.server.ProfilerRuntimeMemory.getClassId(Ljava/lang/Class;)I (139 bytes) @ 0x000002d990533534 [0x000002d990532ba0+0x0000000000000994]
J 3627 c2 org.graalvm.visualvm.lib.jfluid.server.ProfilerRuntimeObjLiveness.traceObjAlloc(Ljava/lang/Object;C)V (255 bytes) @ 0x000002d990549980 [0x000002d9905496c0+0x00000000000002c0]
J 3630 c2 java.lang.Object.<init>()V java.base@24 (9 bytes) @ 0x000002d99054a4d8 [0x000002d99054a4a0+0x0000000000000038]
j  java.lang.Thread.<init>(Ljava/lang/ThreadGroup;Ljava/lang/String;ILjava/lang/Runnable;J)V+1 java.base@24
j  java.lang.Thread.<init>(Ljava/lang/ThreadGroup;Ljava/lang/String;)V+9 java.base@24
v  ~StubRoutines::call_stub 0x000002d98fc30fcd

siginfo: EXCEPTION_ACCESS_VIOLATION (0xc0000005), writing address 0x0000000000000018


Registers:
RAX=0x0000000000000000, RBX=0x0000000000000191, RCX=0x0000000000000018, RDX=0x0000000000000044
RSP=0x000000e2a95ff000, RBP=0x000000e2a95ff0e0, RSI=0x000002d9e69bd310, RDI=0x0000000000000191
R8 =0x0000000000000000, R9 =0x00000000c2ff8905, R10=0x000002d99050b9ee, R11=0x000002d988d36480
R12=0x0000000000000000, R13=0x0000000000000000, R14=0x000000e2a95ff201, R15=0x0000000000000000
RIP=0x00007ffbc685a47c, EFLAGS=0x0000000000010246

XMM[0]=0x0000000000000000 0x0000000000000000
XMM[1]=0x0000000000000000 0x0000000000000000
XMM[2]=0x0000000000000000 0x0000000000000000
XMM[3]=0x0000000000000000 0x0000000000000000
XMM[4]=0x0000000000000000 0x0000000000000000
XMM[5]=0x0000000000000000 0x0000000000000000
XMM[6]=0x0000000000000000 0x0000000000000000
XMM[7]=0x0000000000000000 0x0000000000000000
XMM[8]=0x0000000000000000 0x0000000000000000
XMM[9]=0x0000000000000000 0x0000000000000000
XMM[10]=0x0000000000000000 0x0000000000000000
XMM[11]=0x0000000000000000 0x0000000000000000
XMM[12]=0x0000000000000000 0x0000000000000000
XMM[13]=0x0000000000000000 0x0000000000000000
XMM[14]=0x0000000000000000 0x0000000000000000
XMM[15]=0x0000000000000000 0x0000000000000000
  MXCSR=0x00001fa0


Register to memory mapping:

RAX=0x0 is null
RBX=0x0000000000000191 is an unknown value
RCX=0x0000000000000018 is an unknown value
RDX=0x0000000000000044 is an unknown value
RSP=0x000000e2a95ff000 is pointing into the stack for thread: 0x000002d9e69bd310
RBP=0x000000e2a95ff0e0 is pointing into the stack for thread: 0x000002d9e69bd310
RSI=0x000002d9e69bd310 is a thread
RDI=0x0000000000000191 is an unknown value
R8 =0x0 is null
R9 =3271526661 is a compressed pointer to object: java.util.concurrent.locks.ReentrantLock$NonfairSync 
{0x0000000617fc4828} - klass: 'java/util/concurrent/locks/ReentrantLock$NonfairSync' - flags: 

 - ---- fields (total size 4 words):
 - private transient 'exclusiveOwnerThread' 'Ljava/lang/Thread;' @12  null (0x00000000)
 - private volatile 'state' 'I' @16  0 (0x00000000)
 - private volatile transient 'head' 'Ljava/util/concurrent/locks/AbstractQueuedSynchronizer$Node;' @20  null (0x00000000)
 - private volatile transient 'tail' 'Ljava/util/concurrent/locks/AbstractQueuedSynchronizer$Node;' @24  null (0x00000000)
R10=0x000002d99050b9ee is at entry_point+238 in (nmethod*)0x000002d99050b808
Compiled method (n/a) 152548 3515     n 0       java.lang.Object::wait0 (native)
 total in heap  [0x000002d99050b808,0x000002d99050ba60] = 600
 relocation     [0x000002d99050b8e0,0x000002d99050b8f0] = 16
 main code      [0x000002d99050b900,0x000002d99050ba5a] = 346
 stub code      [0x000002d99050ba5a,0x000002d99050ba60] = 6
R11=0x000002d988d36480 is at entry_point+0 in (nmethod*)0x000002d988d36308
Compiled method (c1) 152548 3411  s!   3       org.graalvm.visualvm.lib.jfluid.server.ProfilerServer::getLastResponse (68 bytes)
 total in heap  [0x000002d988d36308,0x000002d988d36ca8] = 2464
 relocation     [0x000002d988d363e0,0x000002d988d36468] = 136
 main code      [0x000002d988d36480,0x000002d988d36c28] = 1960
 stub code      [0x000002d988d36c28,0x000002d988d36c80] = 88
 oops           [0x000002d988d36c80,0x000002d988d36c88] = 8
 metadata       [0x000002d988d36c88,0x000002d988d36ca8] = 32
 immutable data [0x000002d99f96b6d0,0x000002d99f96b858] = 392
 dependencies   [0x000002d99f96b6d0,0x000002d99f96b6e0] = 16
 nul chk table  [0x000002d99f96b6e0,0x000002d99f96b6f0] = 16
 handler table  [0x000002d99f96b6f0,0x000002d99f96b748] = 88
 scopes pcs     [0x000002d99f96b748,0x000002d99f96b7f8] = 176
 scopes data    [0x000002d99f96b7f8,0x000002d99f96b858] = 96
R12=0x0 is null
R13=0x0 is null
R14=0x000000e2a95ff201 is pointing into the stack for thread: 0x000002d9e69bd310
R15=0x0 is null

Top of Stack: (sp=0x000000e2a95ff000)
0x000000e2a95ff000:   000002d988d3a4ec c2ff872b00000000   ............+...
0x000000e2a95ff010:   0000000617fc3808 000002d99048ee74   .8......t.H.....
0x000000e2a95ff020:   000002d9f74e90c8 00007ffbc68f941b   ..N.............
0x000000e2a95ff030:   0000000000000000 0000000000000000   ................
0x000000e2a95ff040:   0000000000000000 00000006242e8158   ........X..$....
0x000000e2a95ff050:   000002d9e69bd310 000000e2a95ff238   ........8._.....
0x000000e2a95ff060:   000000e2a95ff1c0 0000000000000000   .._.............
0x000000e2a95ff070:   000002d9e18daa88 000002d99050b979   ........y.P.....
0x000000e2a95ff080:   000002d9e18da0f5 0000000000000180   ................
0x000000e2a95ff090:   000000e2a95ff0e0 0000000617d44db0   .._......M......
0x000000e2a95ff0a0:   0000000617d44db0 000002d9c2ff8730   .M......0.......
0x000000e2a95ff0b0:   0000000617fc3958 000000e2a95ff0e0   X9........_.....
0x000000e2a95ff0c0:   000002d9e69bd310 000000e2a95ff238   ........8._.....
0x000000e2a95ff0d0:   000000e2a95ff1c0 0000000000000000   .._.............
0x000000e2a95ff0e0:   000000e2a95ff208 000002d988d9b6e4   .._.............
0x000000e2a95ff0f0:   00000000c2ff8905 0000000617d44db0   .........M......
0x000000e2a95ff100:   0000000617cdaf28 0000000000000670   (.......p.......
0x000000e2a95ff110:   000000e2a95ff140 000002d9e18d9d70   @._.....p.......
0x000000e2a95ff120:   000002d9e194bdc0 000000e2a95ff198   .........._.....
0x000000e2a95ff130:   fffffffffffffff7 000002d9e55fddc2   .........._.....
0x000000e2a95ff140:   000000e2a95ff208 000002d988d367f4   .._......g......
0x000000e2a95ff150:   000000e2a95ff198 0000000617d44db0   .._......M......
0x000000e2a95ff160:   000002d9a10fff38 0000000000000000   8...............
0x000000e2a95ff170:   0000000617814f68 0000000617cdaf28   hO......(.......
0x000000e2a95ff180:   0000000000000000 0000000617cdaf28   ........(.......
0x000000e2a95ff190:   0000000617cdb238 000002d98fc38800   8...............
0x000000e2a95ff1a0:   0000000617d44db0 000002d98fc38800   .M..............
0x000000e2a95ff1b0:   000000e2a95ff208 000002d98fc3899a   .._.............
0x000000e2a95ff1c0:   fffffffffffffff7 000002d9e197ddf1   ................
0x000000e2a95ff1d0:   0000000000000006 000002d9e1982470   ........p$......
0x000000e2a95ff1e0:   000002d9e18dc700 0000000617d4d440   ........@.......
0x000000e2a95ff1f0:   000002d9e197dec0 fffffffffffffff7   ................

Instructions: (pc=0x00007ffbc685a47c)
  0x00007ffbc685a37c:   cc cc cc cc 4c 8b c2 48 63 15 ae e4 86 00 48 ff
  0x00007ffbc685a38c:   25 1f 45 80 00 cc cc cc cc cc cc cc cc cc cc cc
  0x00007ffbc685a39c:   cc cc cc cc 4c 8b c2 48 63 15 4a e5 86 00 48 ff
  0x00007ffbc685a3ac:   25 ff 44 80 00 cc cc cc cc cc cc cc cc cc cc cc
  0x00007ffbc685a3bc:   cc cc cc cc 4c 8b c2 48 63 15 62 e5 86 00 48 ff
  0x00007ffbc685a3cc:   25 df 44 80 00 cc cc cc cc cc cc cc cc cc cc cc
  0x00007ffbc685a3dc:   cc cc cc cc 4c 8b c2 48 63 15 66 e5 86 00 48 ff
  0x00007ffbc685a3ec:   25 bf 44 80 00 cc cc cc cc cc cc cc cc cc cc cc
  0x00007ffbc685a3fc:   cc cc cc cc 4c 8b c2 48 63 15 fe e4 86 00 48 ff
  0x00007ffbc685a40c:   25 9f 44 80 00 cc cc cc cc cc cc cc cc cc cc cc
  0x00007ffbc685a41c:   cc cc cc cc 48 63 05 fd e4 86 00 89 14 08 c3 cc
  0x00007ffbc685a42c:   cc cc cc cc 48 63 05 0d e5 86 00 89 14 08 c3 cc
  0x00007ffbc685a43c:   cc cc cc cc 48 63 05 b9 e4 86 00 89 14 08 c3 cc
  0x00007ffbc685a44c:   cc cc cc cc 44 8b c2 8b 15 5f e4 86 00 e9 42 03
  0x00007ffbc685a45c:   2f 00 cc cc 40 53 48 83 ec 20 8b da 48 63 15 cd
  0x00007ffbc685a46c:   e3 86 00 ff 15 73 36 80 00 48 63 0d 18 e4 86 00
=>0x00007ffbc685a47c:   89 1c 01 48 83 c4 20 5b c3 cc cc cc cc cc cc cc
  0x00007ffbc685a48c:   cc cc cc cc 48 63 05 31 e4 86 00 48 89 14 08 c3
  0x00007ffbc685a49c:   cc cc cc cc 48 63 05 a5 e4 86 00 c6 04 08 01 c3
  0x00007ffbc685a4ac:   cc cc cc cc 4c 8b c2 48 63 15 b2 e5 86 00 48 ff
  0x00007ffbc685a4bc:   25 ef 43 80 00 cc cc cc cc cc cc cc cc cc cc cc
  0x00007ffbc685a4cc:   cc cc cc cc 4c 8b c2 48 63 15 1a e5 86 00 48 ff
  0x00007ffbc685a4dc:   25 cf 43 80 00 cc cc cc cc cc cc cc cc cc cc cc
  0x00007ffbc685a4ec:   cc cc cc cc 4c 8b c2 48 63 15 46 e4 86 00 48 ff
  0x00007ffbc685a4fc:   25 af 43 80 00 cc cc cc cc cc cc cc cc cc cc cc
  0x00007ffbc685a50c:   cc cc cc cc 48 83 ec 48 48 8b 0d 65 f1 8b 00 48
  0x00007ffbc685a51c:   8d 05 66 88 62 00 48 89 44 24 20 48 8d 54 24 20
  0x00007ffbc685a52c:   8b 05 2e af 89 00 89 44 24 2c 0f b6 05 5a d2 86
  0x00007ffbc685a53c:   00 88 44 24 31 8b 05 1d b5 85 00 89 44 24 34 c7
  0x00007ffbc685a54c:   44 24 28 08 00 00 00 c6 44 24 30 00 e8 d3 3b fd
  0x00007ffbc685a55c:   ff 48 83 c4 48 c3 cc cc cc cc cc cc cc cc cc cc
  0x00007ffbc685a56c:   cc cc cc cc 4c 8b c2 8b 15 87 e4 86 00 e9 d2 f8


Stack slot to memory mapping:

stack at sp + 0 slots: 0x000002d988d3a4ec is at entry_point+186 in (nmethod*)0x000002d988d3a308
Compiled method (c1) 152556 3423       3       org.graalvm.visualvm.lib.jfluid.wireprotocol.Command::<init> (10 bytes)
 total in heap  [0x000002d988d3a308,0x000002d988d3a5f0] = 744
 relocation     [0x000002d988d3a3e0,0x000002d988d3a420] = 64
 main code      [0x000002d988d3a420,0x000002d988d3a598] = 376
 stub code      [0x000002d988d3a598,0x000002d988d3a5d8] = 64
 metadata       [0x000002d988d3a5d8,0x000002d988d3a5f0] = 24
 immutable data [0x000002d9e5756880,0x000002d9e5756918] = 152
 dependencies   [0x000002d9e5756880,0x000002d9e5756888] = 8
 scopes pcs     [0x000002d9e5756888,0x000002d9e57568d8] = 80
 scopes data    [0x000002d9e57568d8,0x000002d9e5756918] = 64
stack at sp + 1 slots: 0xc2ff872b00000000 is an unknown value
stack at sp + 2 slots: 0x0000000617fc3808 is an oop: java.net.Socket$SocketOutputStream 
{0x0000000617fc3808} - klass: 'java/net/Socket$SocketOutputStream' - flags: 

 - ---- fields (total size 3 words):
 - private final 'parent' 'Ljava/net/Socket;' @12  a 'java/net/Socket'{0x0000000617fc37d0} (0xc2ff86fa)
 - private final 'out' 'Ljava/io/OutputStream;' @16  a 'sun/nio/ch/NioSocketImpl$2'{0x0000000617fc3820} (0xc2ff8704)
stack at sp + 3 slots: 0x000002d99048ee74 is at entry_point+82 in (nmethod*)0x000002d99048ed08
Compiled method (c2) 152561 3185       4       java.net.Socket$SocketOutputStream::write (59 bytes)
 total in heap  [0x000002d99048ed08,0x000002d99048ef98] = 656
 relocation     [0x000002d99048ede0,0x000002d99048ee20] = 64
 main code      [0x000002d99048ee20,0x000002d99048ef48] = 296
 stub code      [0x000002d99048ef48,0x000002d99048ef70] = 40
 metadata       [0x000002d99048ef70,0x000002d99048ef98] = 40
 immutable data [0x000002d9e6d1eb10,0x000002d9e6d1ec58] = 328
 dependencies   [0x000002d9e6d1eb10,0x000002d9e6d1eb20] = 16
 nul chk table  [0x000002d9e6d1eb20,0x000002d9e6d1eb30] = 16
 handler table  [0x000002d9e6d1eb30,0x000002d9e6d1eb70] = 64
 scopes pcs     [0x000002d9e6d1eb70,0x000002d9e6d1ebf0] = 128
 scopes data    [0x000002d9e6d1ebf0,0x000002d9e6d1ec58] = 104
stack at sp + 4 slots: 0x000002d9f74e90c8 points into unknown readable memory: 0x0000000617d44db0 | b0 4d d4 17 06 00 00 00
stack at sp + 5 slots: 0x00007ffbc68f941b jvm.dll
stack at sp + 6 slots: 0x0 is null
stack at sp + 7 slots: 0x0 is null

Lock stack of current Java thread (top to bottom):
LockStack[0]: java.lang.Class 
{0x0000000617cdb238} - klass: 'java/lang/Class' - flags: 

 - ---- fields (total size 38 words):
 - private volatile transient 'classRedefinedCount' 'I' @12  1 (0x00000001)
 - injected 'klass' 'J' @16  3133733266392 (0x000002d9a10ee3d8)
 - injected 'array_klass' 'J' @24  0 (0x0000000000000000)
 - injected 'oop_size' 'I' @32  38 (0x00000026)
 - injected 'static_oop_field_count' 'I' @36  39 (0x00000027)
 - private volatile transient 'cachedConstructor' 'Ljava/lang/reflect/Constructor;' @40  null (0x00000000)
 - private transient 'name' 'Ljava/lang/String;' @44  "org.graalvm.visualvm.lib.jfluid.server.ProfilerServer"{0x0000000617f8b340} (0xc2ff1668)
 - private transient 'module' 'Ljava/lang/Module;' @48  a 'java/lang/Module'{0x0000000617d42e80} (0xc2fa85d0)
 - private final 'classLoader' 'Ljava/lang/ClassLoader;' @52  null (0x00000000)
 - private transient 'classData' 'Ljava/lang/Object;' @56  null (0x00000000)
 - private transient 'signers' '[Ljava/lang/Object;' @60  null (0x00000000)
 - private transient 'packageName' 'Ljava/lang/String;' @64  null (0x00000000)
 - private final 'componentType' 'Ljava/lang/Class;' @68  null (0x00000000)
 - private volatile transient 'reflectionData' 'Ljava/lang/ref/SoftReference;' @72  null (0x00000000)
 - private volatile transient 'genericInfo' 'Lsun/reflect/generics/repository/ClassRepository;' @76  null (0x00000000)
 - private volatile transient 'enumConstants' '[Ljava/lang/Object;' @80  null (0x00000000)
 - private volatile transient 'enumConstantDirectory' 'Ljava/util/Map;' @84  null (0x00000000)
 - private volatile transient 'annotationData' 'Ljava/lang/Class$AnnotationData;' @88  null (0x00000000)
 - private volatile transient 'annotationType' 'Lsun/reflect/annotation/AnnotationType;' @92  null (0x00000000)
 - transient 'classValueMap' 'Ljava/lang/ClassValue$ClassValueMap;' @96  null (0x00000000)
 - injected 'protection_domain' 'Ljava/lang/Object;' @100  null (0x00000000)
 - injected 'source_file' 'Ljava/lang/Object;' @104  null (0x00000000)
 - injected '<init_lock>' 'Ljava/lang/Object;' @108  null (0x00000000)
 - signature: Lorg/graalvm/visualvm/lib/jfluid/server/ProfilerServer;
 - ---- static fields (39):
 - private static 'messages' 'Ljava/util/ResourceBundle;' @112  a 'java/util/PropertyResourceBundle'{0x0000000617d92738} (0xc2fb24e7)
 - private static 'ENTER_TO_SHUTDOWN_MSG' 'Ljava/lang/String;' @116  "Press ENTER to shut down the target JVM..."{0x0000000617d92d70} (0xc2fb25ae)
 - private static 'MAIN_CLASS_NOT_PUBLIC_MSG' 'Ljava/lang/String;' @120  "Main class {0} is not public.\x0AProfiler can not start it"{0x0000000617d93f70} (0xc2fb27ee)
 - private static 'INCORRECT_MAIN_MODIFIERS_MSG' 'Ljava/lang/String;' @124  "Method {0}.main(String args[]) has incorrect modifiers"{0x0000000617d93b78} (0xc2fb276f)
 - private static 'UNEXPECTED_EXCEPTION_MSG' 'Ljava/lang/String;' @128  "Target application threw an unexpected exception: {0}"{0x0000000617d93ea0} (0xc2fb27d4)
 - private static 'ELAPSED_TIME_MSG' 'Ljava/lang/String;' @132  "Main application thread elapsed time: {0} ms."{0x0000000617d93c40} (0xc2fb2788)
 - private static 'CONNECTION_MSG' 'Ljava/lang/String;' @136  "Profiler Agent: Established connection with the tool"{0x0000000617d93aa8} (0xc2fb2755)
 - private static 'WAITING_ON_PORT_MSG' 'Ljava/lang/String;' @140  "Profiler Agent: Waiting for connection on port {0} (Protocol version: {1})"{0x0000000617d94cf8} (0xc2fb299f)
 - private static 'WAITING_ON_PORT_TIMEOUT_MSG' 'Ljava/lang/String;' @144  "Profiler Agent: Waiting for connection on port {0}, timeout {1} seconds (Protocol version: {2})"{0x0000000617d92ad0} (0xc2fb255a)
 - private static 'CONNECTION_EXCEPTION_MSG' 'Ljava/lang/String;' @148  "Profiler Agent Error: Exception when trying to establish connection with client:\x0A{0}"{0x0000000617d92c80} (0xc2fb2590)
 - private static 'CONNECTION_EXCEPTION_BIND_MSG' 'Ljava/lang/String;' @152  "Profiler Agent Error: Make sure the previously profiled process has been fully terminated"{0x0000000617d932a0} (0xc2fb2654)
 - private static 'CONNECTION_TIMEOUT_MSG' 'Ljava/lang/String;' @156  "Profiler Agent Error: Timed out trying to establish connection with client"{0x0000000617d929e8} (0xc2fb253d)
 - private static 'AGENT_ERROR_MSG' 'Ljava/lang/String;' @160  "Profiler Agent Error: {0}"{0x0000000617d93390} (0xc2fb2672)
 - private static 'CONNECTION_INTERRUPTED_MSG' 'Ljava/lang/String;' @164  "Profiler Agent Error: Connection with client interrupted"{0x0000000617d94490} (0xc2fb2892)
 - private static 'COMMAND_EXCEPTION_MSG' 'Ljava/lang/String;' @168  "Profiler Agent Error: Exception when handling command from client:\x0A{0}"{0x0000000617d94b38} (0xc2fb2967)
 - private static 'RESPONSE_EXCEPTION_MSG' 'Ljava/lang/String;' @172  "Profiler Agent Error: Exception when trying to send response or command to client:\x0A{0}"{0x0000000617d942e0} (0xc2fb285c)
 - private static 'CONNECTION_CLOSED_MSG' 'Ljava/lang/String;' @176  "Profiler Agent: Connection with agent closed"{0x0000000617d92f10} (0xc2fb25e2)
 - private static 'CONNECTION_CLOSED_EX_MSG' 'Ljava/lang/String;' @180  "Profiler Agent: Connection with agent closed (ProfilingSessionStatus was null)"{0x0000000617d948b0} (0xc2fb2916)
 - private static 'INCORRECT_AGENT_ID_MSG' 'Ljava/lang/String;' @184  "Profiler Agent Warning: Wrong agentId specified: {0}"{0x0000000617d936a0} (0xc2fb26d4)
 - private static 'THREAD_EXCEPTION_MSG' 'Ljava/lang/String;' @188  "Profiler Agent Error: Exception in executeInSeparateThread()"{0x0000000617d92e38} (0xc2fb25c7)
 - private static 'THREAD_WAIT_EXCEPTION_MSG' 'Ljava/lang/String;' @192  "Profiler Agent Error: Exception in wait in SeparateCmdExecutionThread"{0x0000000617d94560} (0xc2fb28ac)
 - private static 'LOCAL_SESSION_MSG' 'Ljava/lang/String;' @196  "Profiler Agent: Local accelerated session"{0x0000000617d94990} (0xc2fb2932)
 - private static 'REMOTE_SESSION_MSG' 'Ljava/lang/String;' @200  "Profiler Agent: Standard session"{0x0000000617d94638} (0xc2fb28c7)
 - public static final 'ATTACH_DYNAMIC' 'I' @268  0 (0x00000000)
 - public static final 'ATTACH_DIRECT' 'I' @272  1 (0x00000001)
 - private static volatile 'profilerInterfaceInitialized' 'Z' @292  true (0x01)
 - private static volatile 'connectionOpen' 'Z' @293  true (0x01)
 - private static volatile 'connectionFailed' 'Z' @294  false (0x00)
 - private static volatile 'detachCommandReceived' 'Z' @295  false (0x00)
 - private static 'profilerServer' 'Lorg/graalvm/visualvm/lib/jfluid/server/ProfilerServer;' @204  a 'org/graalvm/visualvm/lib/jfluid/server/ProfilerServer'{0x0000000617cdaf28} (0xc2f9b5e5)
 - private static 'status' 'Lorg/graalvm/visualvm/lib/jfluid/global/ProfilingSessionStatus;' @208  a 'org/graalvm/visualvm/lib/jfluid/global/ProfilingSessionStatus'{0x0000000617f8b920} (0xc2ff1724)
 - private static volatile 'startTargetApp' 'Z' @296  false (0x00)
 - private static volatile 'targetAppMainThreadComplete' 'Z' @297  false (0x00)
 - private static volatile 'startupException' 'Ljava/lang/Exception;' @212  null (0x00000000)
 - private static final 'targetAppRunningLock' 'Ljava/lang/Object;' @216  a 'java/lang/Object'{0x0000000617fc85a8} (0xc2ff90b5)
 - private static 'mainThread' 'Ljava/lang/Thread;' @220  null (0x00000000)
 - private static 'separateCmdExecutionThread' 'Lorg/graalvm/visualvm/lib/jfluid/server/ProfilerServer$SeparateCmdExecutionThread;' @224  a 'org/graalvm/visualvm/lib/jfluid/server/ProfilerServer$SeparateCmdExecutionThread'{0x0000000617cdb488} (0xc2f9b691)
 - private static 'shutdownWaitThread' 'Lorg/graalvm/visualvm/lib/jfluid/server/ProfilerServer$ShutdownWaitThread;' @228  a 'org/graalvm/visualvm/lib/jfluid/server/ProfilerServer$ShutdownWaitThread'{0x0000000617e15278} (0xc2fc2a4f)
 - static final 'execInSeparateThreadLock' 'Ljava/lang/Object;' @232  a 'java/lang/Object'{0x0000000617cdb500} (0xc2f9b6a0)
 - static 'execInSeparateThreadOpCode' 'I' @276  40 (0x00000028)
 - private static volatile 'preemptExit' 'Z' @298  true (0x01)
 - private static 'shutdownOK' 'Z' @299  false (0x00)
 - private static final 'shutdownLock' 'Ljava/lang/Object;' @236  a 'java/lang/Object'{0x0000000617d44e20} (0xc2fa89c4)
 - private static final 'resultsNotifiedLock' 'Ljava/lang/Object;' @240  a 'java/lang/Object'{0x0000000617d44e10} (0xc2fa89c2)
 - private static 'resultsNotified' 'Z' @300  true (0x01)
 - private static 'resourcesInitialized' 'Z' @301  true (0x01)
 - private static '_fullJFluidPath' 'Ljava/lang/String;' @244  "D:\visualvm_22\visualvm_22\visualvm\lib"{0x0000000617d44dc0} (0xc2fa89b8)
 - private static '_portNo' 'I' @280  5140 (0x00001414)
 - private static '_activateCode' 'I' @284  0 (0x00000000)
 - private static '_timeOut' 'I' @288  0 (0x00000000)
 - private static 'lastResponse' 'Lorg/graalvm/visualvm/lib/jfluid/wireprotocol/Response;' @248  null (0x00000000)
 - private static final 'responseLock' 'Ljava/lang/Object;' @252  a 'java/lang/Object'{0x0000000617d44db0} (0xc2fa89b6)
 - static synthetic 'array$Ljava$lang$String' 'Ljava/lang/Class;' @256  null (0x00000000)
 - static synthetic 'class$java$lang$Class' 'Ljava/lang/Class;' @260  null (0x00000000)
 - static synthetic 'class$java$lang$ClassLoader' 'Ljava/lang/Class;' @264  null (0x00000000)


Compiled method (n/a) 152582 3515     n 0       java.lang.Object::wait0 (native)
 total in heap  [0x000002d99050b808,0x000002d99050ba60] = 600
 relocation     [0x000002d99050b8e0,0x000002d99050b8f0] = 16
 main code      [0x000002d99050b900,0x000002d99050ba5a] = 346
 stub code      [0x000002d99050ba5a,0x000002d99050ba60] = 6

[Constant Pool (empty)]

[MachCode]
[Entry Point]
  # {method} {0x000002d9e18d7e40} 'wait0' '(J)V' in 'java/lang/Object'
  # this:     rdx:rdx   = 'java/lang/Object'
  # parm0:    r8:r8     = long
  #           [sp+0x70]  (sp of caller)
  0x000002d99050b900: 6690 448b | 5208 443b 

  0x000002d99050b908: ;   {runtime_call Shared Runtime ic_miss_blob}
  0x000002d99050b908: 5008 0f85 | 502e 77ff 
[Verified Entry Point]
  0x000002d99050b910: 8984 2400 | 80ff ff55 | 488b ec48 | 83ec 6090 | 4181 7f20 | 0100 0000 

  0x000002d99050b928: ;   {runtime_call StubRoutines (final stubs)}
  0x000002d99050b928: 7405 e8d1 | 9f75 ff48 | 8954 2420 | 4883 fa00 | 488d 5424 | 2048 0f44 | 5424 204c | 8d15 a400 
  0x000002d99050b948: 0000 4d89 | 97b0 0300 | 00c5 f877 | 4989 a7a8 | 0300 0049 | 8d8f c803 | 0000 41c7 | 8754 0400 
  0x000002d99050b968: 0004 0000 

  0x000002d99050b96c: ;   {runtime_call}
  0x000002d99050b96c: 0048 b8d0 | 928f c6fb | 7f00 00ff | d0c5 f877 | 41c7 8754 | 0400 0005 | 0000 00f0 | 8344 24c0 
  0x000002d99050b98c: 0049 3b6f | 280f 870e | 0000 0041 | 83bf 5004 | 0000 000f | 8423 0000 | 00c5 f877 | 498b cf4c 
  0x000002d99050b9ac: 8be4 4883 | ec20 4883 

  0x000002d99050b9b4: ;   {runtime_call}
  0x000002d99050b9b4: e4f0 48b8 | c0ba 85c6 | fb7f 0000 | ffd0 498b | e44d 33e4 | 41c7 8754 | 0400 0008 | 0000 004d 
  0x000002d99050b9d4: 8b97 7005 | 0000 4983 | fa00 740e | 49c7 8770 | 0500 0000 | 0000 0041 | ffe2 4183 | bfd0 0400 
  0x000002d99050b9f4: 0002 0f84 | 3c00 0000 | 49c7 87a8 | 0300 0000 | 0000 0049 | c787 b003 | 0000 0000 | 0000 c5f8 
  0x000002d99050ba14: 7749 8b8f | 3804 0000 | c781 0001 | 0000 0000 | 0000 c949 | 837f 0800 | 0f85 0100 

  0x000002d99050ba30: ;   {runtime_call StubRoutines (initial stubs)}
  0x000002d99050ba30: 0000 c3e9 | 8854 72ff | c5f8 774c | 8be4 4883 | ec20 4883 

  0x000002d99050ba44: ;   {runtime_call}
  0x000002d99050ba44: e4f0 48b8 | 6058 bdc6 | fb7f 0000 | ffd0 498b | e44d 33e4 | eba2 f4f4 | f4f4 f4f4 
[/MachCode]


Compiled method (c1) 152589 3574   !   3       java.lang.Object::wait (59 bytes)
 total in heap  [0x000002d988d9b288,0x000002d988d9b988] = 1792
 relocation     [0x000002d988d9b360,0x000002d988d9b3e8] = 136
 main code      [0x000002d988d9b400,0x000002d988d9b918] = 1304
 stub code      [0x000002d988d9b918,0x000002d988d9b978] = 96
 metadata       [0x000002d988d9b978,0x000002d988d9b988] = 16
 immutable data [0x000002d9e5ab8340,0x000002d9e5ab8488] = 328
 dependencies   [0x000002d9e5ab8340,0x000002d9e5ab8348] = 8
 nul chk table  [0x000002d9e5ab8348,0x000002d9e5ab8358] = 16
 handler table  [0x000002d9e5ab8358,0x000002d9e5ab8370] = 24
 scopes pcs     [0x000002d9e5ab8370,0x000002d9e5ab8420] = 176
 scopes data    [0x000002d9e5ab8420,0x000002d9e5ab8488] = 104

[Constant Pool (empty)]

[MachCode]
[Instructions begin]
  0x000002d988d9b400: 6666 660f | 1f84 0000 | 0000 0066 | 6666 9066 | 6690 448b | 5208 443b 

  0x000002d988d9b418: ;   {runtime_call Shared Runtime ic_miss_blob}
  0x000002d988d9b418: 5008 0f85 | 4033 ee06 
[Verified Entry Point]
  0x000002d988d9b420: 8984 2400 | 80ff ff55 | 4883 ec50 | 4181 7f20 | 0100 0000 

  0x000002d988d9b434: ;   {runtime_call StubRoutines (final stubs)}
  0x000002d988d9b434: 7405 e8c5 

  0x000002d988d9b438: ;   {metadata(method data for {method} {0x000002d9e18d7da8} 'wait' '(J)V' in 'java/lang/Object')}
  0x000002d988d9b438: a4ec 0648 | be88 aa8d | e1d9 0200 | 008b becc | 0000 0083 | c702 89be | cc00 0000 | 81e7 fe07 
  0x000002d988d9b458: 0000 85ff | 0f84 0404 | 0000 498b | f0bf 0000 | 0000 483b 

  0x000002d988d9b46c: ;   {metadata(method data for {method} {0x000002d9e18d7da8} 'wait' '(J)V' in 'java/lang/Object')}
  0x000002d988d9b46c: f748 be88 | aa8d e1d9 | 0200 00bf | 2001 0000 | 7c05 bf10 | 0100 0048 | 8b1c 3e48 | 8d5b 0148 
  0x000002d988d9b48c: 891c 3e0f | 8c67 0200 

  0x000002d988d9b494: ;   {metadata(method data for {method} {0x000002d9e18d7da8} 'wait' '(J)V' in 'java/lang/Object')}
  0x000002d988d9b494: 0048 be88 | aa8d e1d9 | 0200 0048 | 8386 4001 | 0000 0149 | 8bb7 9003 | 0000 488b | 3648 85f6 
  0x000002d988d9b4b4: ;   {metadata(method data for {method} {0x000002d9e18d7da8} 'wait' '(J)V' in 'java/lang/Object')}
  0x000002d988d9b4b4: 48b8 88aa | 8de1 d902 | 0000 750c | 8088 4901 | 0000 01e9 | ae00 0000 | 8b4e 0849 | ba00 0000 
  0x000002d988d9b4d4: a0d9 0200 | 0049 03ca | 483b 8858 | 0100 0075 | 0d48 8380 | 6001 0000 | 01e9 6000 | 0000 483b 
  0x000002d988d9b4f4: 8868 0100 | 0075 0d48 | 8380 7001 | 0000 01e9 | 4a00 0000 | 4883 b858 | 0100 0000 | 7517 4889 
  0x000002d988d9b514: 8858 0100 | 0048 c780 | 6001 0000 | 0100 0000 | e929 0000 | 0048 83b8 | 6801 0000 | 0075 1748 
  0x000002d988d9b534: 8988 6801 | 0000 48c7 | 8070 0100 | 0001 0000 | 00e9 0800 | 0000 4883 | 8050 0100 

  0x000002d988d9b550: ;   {metadata('java/lang/VirtualThread')}
  0x000002d988d9b550: 0001 48b9 | f07e 18a0 | d902 0000 | 8b5e 0849 | ba00 0000 | a0d9 0200 | 0049 03da | 483b cb0f 
  0x000002d988d9b570: 8505 0000 | 00e9 0500 | 0000 4833 | ffeb 05bf | 0100 0000 

  0x000002d988d9b584: ;   {metadata(method data for {method} {0x000002d9e18d7da8} 'wait' '(J)V' in 'java/lang/Object')}
  0x000002d988d9b584: 85ff 48bf | 88aa 8de1 | d902 0000 | bb80 0100 | 0074 05bb | 9001 0000 | 488b 041f | 488d 4001 
  0x000002d988d9b5a4: 4889 041f | 0f84 1701 | 0000 4885 

  0x000002d988d9b5b0: ;   {metadata(method data for {method} {0x000002d9e18d7da8} 'wait' '(J)V' in 'java/lang/Object')}
  0x000002d988d9b5b0: f648 bb88 | aa8d e1d9 | 0200 0075 | 0c80 8b99 | 0100 0001 | e9ae 0000 | 008b 4608 | 49ba 0000 
  0x000002d988d9b5d0: 00a0 d902 | 0000 4903 | c248 3b83 | a801 0000 | 750d 4883 | 83b0 0100 | 0001 e960 | 0000 0048 
  0x000002d988d9b5f0: 3b83 b801 | 0000 750d | 4883 83c0 | 0100 0001 | e94a 0000 | 0048 83bb | a801 0000 | 0075 1748 
  0x000002d988d9b610: 8983 a801 | 0000 48c7 | 83b0 0100 | 0001 0000 | 00e9 2900 | 0000 4883 | bbb8 0100 | 0000 7517 
  0x000002d988d9b630: 4889 83b8 | 0100 0048 | c783 c001 | 0000 0100 | 0000 e908 | 0000 0048 | 8383 a001 

  0x000002d988d9b64c: ;   {metadata('java/lang/VirtualThread')}
  0x000002d988d9b64c: 0000 0148 | b8f0 7e18 | a0d9 0200 | 008b 7e08 | 49ba 0000 | 00a0 d902 | 0000 4903 | fa48 3bc7 
  0x000002d988d9b66c: 0f85 1502 | 0000 e900 | 0000 0048 | 8974 2428 

  0x000002d988d9b67c: ;   {metadata(method data for {method} {0x000002d9e18d7da8} 'wait' '(J)V' in 'java/lang/Object')}
  0x000002d988d9b67c: 488b fa48 | bb88 aa8d | e1d9 0200 | 0048 8383 | d001 0000 | 0166 0f1f 

  0x000002d988d9b694: ;   {optimized virtual_call}
  0x000002d988d9b694: 4400 00e8 

  0x000002d988d9b698: ; ImmutableOopMap {[40]=Oop }
                      ;*invokevirtual wait0 {reexecute=0 rethrow=0 return_oop=0}
                      ; - java.lang.Object::wait@37 (line 382)
  0x000002d988d9b698: c433 ee06 

  0x000002d988d9b69c: ;   {post_call_nop}
  0x000002d988d9b69c: 0f1f 8400 | 1404 0000 

  0x000002d988d9b6a4: ;   {metadata(method data for {method} {0x000002d9e18d7da8} 'wait' '(J)V' in 'java/lang/Object')}
  0x000002d988d9b6a4: 49b8 88aa | 8de1 d902 | 0000 41ff | 8000 0200 | 0048 83c4 

  0x000002d988d9b6b8: ;   {poll_return}
  0x000002d988d9b6b8: 505d 493b | 6728 0f87 | cc01 0000 | c348 8bf2 

  0x000002d988d9b6c8: ;   {metadata(method data for {method} {0x000002d9e18d7da8} 'wait' '(J)V' in 'java/lang/Object')}
  0x000002d988d9b6c8: 48bf 88aa | 8de1 d902 | 0000 4883 | 8748 0200 | 0001 0f1f 

  0x000002d988d9b6dc: ;   {optimized virtual_call}
  0x000002d988d9b6dc: 4400 00e8 

  0x000002d988d9b6e0: ; ImmutableOopMap {}
                      ;*invokevirtual wait0 {reexecute=0 rethrow=0 return_oop=0}
                      ; - java.lang.Object::wait@55 (line 389)
  0x000002d988d9b6e0: 2c02 7707 

  0x000002d988d9b6e4: ;   {post_call_nop}
  0x000002d988d9b6e4: 0f1f 8400 | 5c04 0001 | 4883 c450 

  0x000002d988d9b6f0: ;   {poll_return}
  0x000002d988d9b6f0: 5d49 3b67 | 280f 87ab | 0100 00c3 | 0f1f 4000 

  0x000002d988d9b700: ;   {no_reloc}
  0x000002d988d9b700: e9c6 0100 | 0000 0000 | 0000 498b | 87c8 0100 | 0048 8d78 | 2849 3bbf | d801 0000 | 0f87 b301 
  0x000002d988d9b720: 0000 4989 | bfc8 0100 | 0048 c700 | 0100 0000 | 488b ca49 | ba00 0000 | a0d9 0200 | 0049 2bca 
  0x000002d988d9b740: 8948 0848 | 33c9 8948 | 0c48 33c9 | 4889 4810 | 4889 4818 | 4889 4820 

  0x000002d988d9b758: ;   {metadata(method data for {method} {0x000002d9e18d7da8} 'wait' '(J)V' in 'java/lang/Object')}
  0x000002d988d9b758: 4c8b c048 | ba88 aa8d | e1d9 0200 | 0048 8382 | 3001 0000 

  0x000002d988d9b76c: ;   {oop("timeout value is negative"{0x00000007ffc178e0})}
  0x000002d988d9b76c: 0149 b8e0 | 78c1 ff07 | 0000 0048 | 8bd0 4889 

  0x000002d988d9b77c: ;   {optimized virtual_call}
  0x000002d988d9b77c: 4424 30e8 

  0x000002d988d9b780: ; ImmutableOopMap {[48]=Oop }
                      ;*invokespecial <init> {reexecute=0 rethrow=0 return_oop=0}
                      ; - java.lang.Object::wait@12 (line 377)
  0x000002d988d9b780: dc32 ee06 

  0x000002d988d9b784: ;   {post_call_nop}
  0x000002d988d9b784: 0f1f 8400 | fc04 0002 | 488b 4424 | 30e9 7801 | 0000 498b | 8708 0500 | 004d 33d2 | 4d89 9708 
  0x000002d988d9b7a4: 0500 004d | 33d2 4d89 | 9710 0500 | 0048 3b06 

  0x000002d988d9b7b4: ;   {metadata(method data for {method} {0x000002d9e18d7da8} 'wait' '(J)V' in 'java/lang/Object')}
  0x000002d988d9b7b4: 488b d648 | bf88 aa8d | e1d9 0200 | 008b 5208 | 49ba 0000 | 00a0 d902 | 0000 4903 | d248 3b97 
  0x000002d988d9b7d4: 2002 0000 | 750d 4883 | 8728 0200 | 0001 e960 | 0000 0048 | 3b97 3002 | 0000 750d | 4883 8738 
  0x000002d988d9b7f4: 0200 0001 | e94a 0000 | 0048 83bf | 2002 0000 | 0075 1748 | 8997 2002 | 0000 48c7 | 8728 0200 
  0x000002d988d9b814: 0001 0000 | 00e9 2900 | 0000 4883 | bf30 0200 | 0000 7517 | 4889 9730 | 0200 0048 | c787 3802 
  0x000002d988d9b834: 0000 0100 | 0000 e908 | 0000 0048 | 8387 1802 | 0000 0148 | 8bd6 4889 

  0x000002d988d9b84c: ;   {optimized virtual_call}
  0x000002d988d9b84c: 4424 38e8 

  0x000002d988d9b850: ; ImmutableOopMap {[56]=Oop }
                      ;*invokevirtual getAndClearInterrupt {reexecute=0 rethrow=0 return_oop=0}
                      ; - java.lang.Object::wait@46 (line 385)
  0x000002d988d9b850: 0c32 ee06 

  0x000002d988d9b854: ;   {post_call_nop}
  0x000002d988d9b854: 0f1f 8400 | cc05 0003 | 488b 4424 | 38e9 a800 

  0x000002d988d9b864: ;   {metadata({method} {0x000002d9e18d7da8} 'wait' '(J)V' in 'java/lang/Object')}
  0x000002d988d9b864: 0000 49ba | a07d 8de1 | d902 0000 | 4c89 5424 | 0848 c704 | 24ff ffff 

  0x000002d988d9b87c: ;   {runtime_call C1 Runtime counter_overflow_blob}
  0x000002d988d9b87c: ffe8 de81 

  0x000002d988d9b880: ; ImmutableOopMap {rdx=Oop }
                      ;*synchronization entry
                      ; - java.lang.Object::wait@-1 (line 376)
  0x000002d988d9b880: fa06 e9db | fbff ff48 

  0x000002d988d9b888: ;   {runtime_call C1 Runtime throw_class_cast_exception_blob}
  0x000002d988d9b888: 8934 24e8 

  0x000002d988d9b88c: ; ImmutableOopMap {rdx=Oop }
                      ;*checkcast {reexecute=0 rethrow=0 return_oop=0}
                      ; - java.lang.Object::wait@31 (line 380)
  0x000002d988d9b88c: 504c fa06 

  0x000002d988d9b890: ;   {internal_word}
  0x000002d988d9b890: 49ba bab6 | d988 d902 | 0000 4d89 | 9760 0400 

  0x000002d988d9b8a0: ;   {runtime_call SafepointBlob}
  0x000002d988d9b8a0: 00e9 3aa4 

  0x000002d988d9b8a4: ;   {internal_word}
  0x000002d988d9b8a4: ee06 49ba | f1b6 d988 | d902 0000 | 4d89 9760 

  0x000002d988d9b8b4: ;   {runtime_call SafepointBlob}
  0x000002d988d9b8b4: 0400 00e9 | 24a4 ee06 

  0x000002d988d9b8bc: ;   {metadata(nullptr)}
  0x000002d988d9b8bc: 48ba 0000 | 0000 0000 | 0000 b800 

  0x000002d988d9b8c8: ;   {runtime_call C1 Runtime load_klass_patching_blob}
  0x000002d988d9b8c8: 0f05 0ae8 

  0x000002d988d9b8cc: ; ImmutableOopMap {}
                      ;*new {reexecute=1 rethrow=0 return_oop=0}
                      ; - (reexecute) java.lang.Object::wait@6 (line 377)
  0x000002d988d9b8cc: 1071 fa06 | e92b feff | ff48 8bd2 

  0x000002d988d9b8d8: ;   {runtime_call C1 Runtime fast_new_instance_blob}
  0x000002d988d9b8d8: e883 2dfa 

  0x000002d988d9b8dc: ; ImmutableOopMap {}
                      ;*new {reexecute=0 rethrow=0 return_oop=0}
                      ; - java.lang.Object::wait@6 (line 377)
  0x000002d988d9b8dc: 06e9 76fe 

  0x000002d988d9b8e0: ;   {runtime_call C1 Runtime throw_null_pointer_exception_blob}
  0x000002d988d9b8e0: ffff e879 

  0x000002d988d9b8e4: ; ImmutableOopMap {rsi=Oop rax=Oop }
                      ;*invokevirtual getAndClearInterrupt {reexecute=0 rethrow=0 return_oop=0}
                      ; - java.lang.Object::wait@46 (line 385)
  0x000002d988d9b8e4: 24fa 0648 | 8b74 2428 | e9a5 feff | ff49 8b87 | 0805 0000 | 49c7 8708 | 0500 0000 | 0000 0049 
  0x000002d988d9b904: c787 1005 | 0000 0000 | 0000 4883 

  0x000002d988d9b910: ;   {runtime_call C1 Runtime unwind_exception_blob}
  0x000002d988d9b910: c450 5de9 | 4815 fa06 
[Stub Code]
  0x000002d988d9b918: ;   {no_reloc}
  0x000002d988d9b918: 48bb 0000 | 0000 0000 

  0x000002d988d9b920: ;   {runtime_call nmethod}
  0x000002d988d9b920: 0000 e9fb 

  0x000002d988d9b924: ;   {static_stub}
  0x000002d988d9b924: ffff ff48 | bb00 0000 | 0000 0000 

  0x000002d988d9b930: ;   {runtime_call nmethod}
  0x000002d988d9b930: 00e9 fbff 

  0x000002d988d9b934: ;   {static_stub}
  0x000002d988d9b934: ffff 48bb | 0000 0000 | 0000 0000 

  0x000002d988d9b940: ;   {runtime_call nmethod}
  0x000002d988d9b940: e9fb ffff 

  0x000002d988d9b944: ;   {runtime_call C1 Runtime handle_exception_from_callee_blob}
  0x000002d988d9b944: ffe8 9645 

  0x000002d988d9b948: ;   {external_word}
  0x000002d988d9b948: fa06 48b9 | f8eb e3c6 | fb7f 0000 | 4883 e4f0 

  0x000002d988d9b958: ;   {runtime_call}
  0x000002d988d9b958: 48b8 b0a9 | aac6 fb7f | 0000 ffd0 

  0x000002d988d9b964: ;   {section_word}
  0x000002d988d9b964: f449 ba65 | b9d9 88d9 | 0200 0041 

  0x000002d988d9b970: ;   {runtime_call DeoptimizationBlob}
  0x000002d988d9b970: 52e9 0a99 | ee06 f4f4 
[/MachCode]


Compiled method (c1) 152607 3411  s!   3       org.graalvm.visualvm.lib.jfluid.server.ProfilerServer::getLastResponse (68 bytes)
 total in heap  [0x000002d988d36308,0x000002d988d36ca8] = 2464
 relocation     [0x000002d988d363e0,0x000002d988d36468] = 136
 main code      [0x000002d988d36480,0x000002d988d36c28] = 1960
 stub code      [0x000002d988d36c28,0x000002d988d36c80] = 88
 oops           [0x000002d988d36c80,0x000002d988d36c88] = 8
 metadata       [0x000002d988d36c88,0x000002d988d36ca8] = 32
 immutable data [0x000002d99f96b6d0,0x000002d99f96b858] = 392
 dependencies   [0x000002d99f96b6d0,0x000002d99f96b6e0] = 16
 nul chk table  [0x000002d99f96b6e0,0x000002d99f96b6f0] = 16
 handler table  [0x000002d99f96b6f0,0x000002d99f96b748] = 88
 scopes pcs     [0x000002d99f96b748,0x000002d99f96b7f8] = 176
 scopes data    [0x000002d99f96b7f8,0x000002d99f96b858] = 96

[Constant Pool (empty)]

[MachCode]
[Verified Entry Point]
  # {method} {0x000002d9e194bdc8} 'getLastResponse' '()Lorg/graalvm/visualvm/lib/jfluid/wireprotocol/Response;' in 'org/graalvm/visualvm/lib/jfluid/server/ProfilerServer'
  #           [sp+0x70]  (sp of caller)
  0x000002d988d36480: 8984 2400 | 80ff ff55 | 4883 ec60 | 4181 7f20 | 0100 0000 

  0x000002d988d36494: ;   {runtime_call StubRoutines (final stubs)}
  0x000002d988d36494: 7405 e865 

  0x000002d988d36498: ;   {oop(a 'java/lang/Class'{0x0000000617cdb238} = 'org/graalvm/visualvm/lib/jfluid/server/ProfilerServer')}
  0x000002d988d36498: f4f2 0649 | b838 b2cd | 1706 0000 | 0048 8d54 | 2438 4c89 | 4208 498b | 0041 8bb7 | 5806 0000 
  0x000002d988d364b8: 81fe a806 | 0000 0f8d | d005 0000 | 4d3b 4437 | f80f 8425 | 0000 00a8 | 020f 85bd | 0500 0048 
  0x000002d988d364d8: 8bf0 4883 | e6fe 4883 | c801 f049 | 0fb1 300f | 85a7 0500 | 0041 8bb7 | 5806 0000 | 4d89 0437 
  0x000002d988d364f8: 83c6 0841 | 89b7 5806 

  0x000002d988d36500: ;   {metadata(method data for {method} {0x000002d9e194bdc8} 'getLastResponse' '()Lorg/graalvm/visualvm/lib/jfluid/wireprotocol/Response;' in 'org/graalvm/visualvm/lib/jfluid/server/ProfilerServer')}
  0x000002d988d36500: 0000 48b8 | 805e 8be1 | d902 0000 | 448b 80cc | 0000 0041 | 83c0 0244 | 8980 cc00 | 0000 4181 
  0x000002d988d36520: e0fe 0700 | 0045 85c0 | 0f84 7905 

  0x000002d988d3652c: ;   {oop(a 'java/lang/Object'{0x0000000617d44db0})}
  0x000002d988d3652c: 0000 49b8 | b04d d417 | 0600 0000 | 488d 5424 | 484c 8942 | 0849 8b00 | 418b b758 | 0600 0081 
  0x000002d988d3654c: fea8 0600 | 000f 8d71 | 0500 004d | 3b44 37f8 | 0f84 2500 | 0000 a802 | 0f85 5e05 | 0000 488b 
  0x000002d988d3656c: f048 83e6 | fe48 83c8 | 01f0 490f | b130 0f85 | 4805 0000 | 418b b758 | 0600 004d | 8904 3783 
  0x000002d988d3658c: c608 4189 | b758 0600 

  0x000002d988d36594: ;   {oop(a 'java/lang/Class'{0x0000000617cdb238} = 'org/graalvm/visualvm/lib/jfluid/server/ProfilerServer')}
  0x000002d988d36594: 0049 b838 | b2cd 1706 | 0000 0045 | 8b80 f800 | 0000 49c1 | e003 4d85 

  0x000002d988d365ac: ;   {metadata(method data for {method} {0x000002d9e194bdc8} 'getLastResponse' '()Lorg/graalvm/visualvm/lib/jfluid/wireprotocol/Response;' in 'org/graalvm/visualvm/lib/jfluid/server/ProfilerServer')}
  0x000002d988d365ac: c049 b880 | 5e8b e1d9 | 0200 00ba | 1001 0000 | 7505 ba20 | 0100 0049 | 8b34 1048 | 8d76 0149 
  0x000002d988d365cc: 8934 100f | 852f 0300 | 00e9 b200 | 0000 660f | 1f44 0000 

  0x000002d988d365e0: ;   {metadata(method data for {method} {0x000002d9e194bdc8} 'getLastResponse' '()Lorg/graalvm/visualvm/lib/jfluid/wireprotocol/Response;' in 'org/graalvm/visualvm/lib/jfluid/server/ProfilerServer')}
  0x000002d988d365e0: 48b8 805e | 8be1 d902 | 0000 ff80 | 6001 0000 | 41b8 0000 | 0000 e921 | 0000 0049 | 8b87 0805 
  0x000002d988d36600: 0000 4d33 | d24d 8997 | 0805 0000 | 4d33 d24d | 8997 1005 | 0000 41b8 | 0100 0000 | 4585 c0ba 
  0x000002d988d36620: 0200 0000 | 7505 ba00 

  0x000002d988d36628: ;   {metadata(method data for {method} {0x000002d9e194bdc8} 'getLastResponse' '()Lorg/graalvm/visualvm/lib/jfluid/wireprotocol/Response;' in 'org/graalvm/visualvm/lib/jfluid/server/ProfilerServer')}
  0x000002d988d36628: 0000 0048 | be80 5e8b | e1d9 0200 | 008b bed0 | 0000 0003 | fa89 bed0 | 0000 0085 | d275 05bf 
  0x000002d988d36648: 0200 0000 | 81e7 fe3f | 0000 85ff | 0f84 8104 | 0000 4d8b 

  0x000002d988d3665c: ; ImmutableOopMap {[64]=Oop [80]=Oop }
                      ;*ifne {reexecute=1 rethrow=0 return_oop=0}
                      ; - (reexecute) org.graalvm.visualvm.lib.jfluid.server.ProfilerServer::getLastResponse@29 (line 444)
                      ;   {poll}
  0x000002d988d3665c: 5730 4185 | 0245 85c0 

  0x000002d988d36664: ;   {metadata(method data for {method} {0x000002d9e194bdc8} 'getLastResponse' '()Lorg/graalvm/visualvm/lib/jfluid/wireprotocol/Response;' in 'org/graalvm/visualvm/lib/jfluid/server/ProfilerServer')}
  0x000002d988d36664: 49b8 805e | 8be1 d902 | 0000 ba88 | 0100 0074 | 05ba 7801 | 0000 498b | 3410 488d | 7601 4989 
  0x000002d988d36684: 3410 0f84 | 7501 0000 

  0x000002d988d3668c: ;   {oop(a 'java/lang/Object'{0x0000000617d44db0})}
  0x000002d988d3668c: 48ba b04d | d417 0600 | 0000 4c8b 

  0x000002d988d36698: ;   {metadata(method data for {method} {0x000002d9e194bdc8} 'getLastResponse' '()Lorg/graalvm/visualvm/lib/jfluid/wireprotocol/Response;' in 'org/graalvm/visualvm/lib/jfluid/server/ProfilerServer')}
  0x000002d988d36698: c248 be80 | 5e8b e1d9 | 0200 0045 | 8b40 0849 | ba00 0000 | a0d9 0200 | 004d 03c2 | 4c3b 8638 
  0x000002d988d366b8: 0100 0075 | 0d48 8386 | 4001 0000 | 01e9 6000 | 0000 4c3b | 8648 0100 | 0075 0d48 | 8386 5001 
  0x000002d988d366d8: 0000 01e9 | 4a00 0000 | 4883 be38 | 0100 0000 | 7517 4c89 | 8638 0100 | 0048 c786 | 4001 0000 
  0x000002d988d366f8: 0100 0000 | e929 0000 | 0048 83be | 4801 0000 | 0075 174c | 8986 4801 | 0000 48c7 | 8650 0100 
  0x000002d988d36718: 0001 0000 | 00e9 0800 | 0000 4883 | 8630 0100 

  0x000002d988d36728: ;   {metadata(method data for {method} {0x000002d9e18d7c88} 'wait' '()V' in 'java/lang/Object')}
  0x000002d988d36728: 0001 49b8 | 08a9 8de1 | d902 0000 | 418b b0cc | 0000 0083 | c602 4189 | b0cc 0000 | 0081 e6fe 
  0x000002d988d36748: ff1f 0085 | f60f 84a9 | 0300 004c 

  0x000002d988d36754: ;   {metadata(method data for {method} {0x000002d9e18d7c88} 'wait' '()V' in 'java/lang/Object')}
  0x000002d988d36754: 8bc2 48be | 08a9 8de1 | d902 0000 | 458b 4008 | 49ba 0000 | 00a0 d902 | 0000 4d03 | c24c 3b86 
  0x000002d988d36774: 1801 0000 | 750d 4883 | 8620 0100 | 0001 e960 | 0000 004c | 3b86 2801 | 0000 750d | 4883 8630 
  0x000002d988d36794: 0100 0001 | e94a 0000 | 0048 83be | 1801 0000 | 0075 174c | 8986 1801 | 0000 48c7 | 8620 0100 
  0x000002d988d367b4: 0001 0000 | 00e9 2900 | 0000 4883 | be28 0100 | 0000 7517 | 4c89 8628 | 0100 0048 | c786 3001 
  0x000002d988d367d4: 0000 0100 | 0000 e908 | 0000 0048 | 8386 1001 | 0000 0141 | b800 0000 

  0x000002d988d367ec: ;   {optimized virtual_call}
  0x000002d988d367ec: 0066 90e8 

  0x000002d988d367f0: ; ImmutableOopMap {[64]=Oop [80]=Oop }
                      ;*invokevirtual wait {reexecute=0 rethrow=0 return_oop=0}
                      ; - java.lang.Object::wait@2 (line 351)
                      ; - org.graalvm.visualvm.lib.jfluid.server.ProfilerServer::getLastResponse@17 (line 438)
  0x000002d988d367f0: 2c4c 0600 

  0x000002d988d367f4: ;   {post_call_nop}
  0x000002d988d367f4: 0f1f 8400 | ec04 0001 | e9df fdff 

  0x000002d988d36800: ;   {oop(a 'java/lang/Class'{0x0000000617cdb238} = 'org/graalvm/visualvm/lib/jfluid/server/ProfilerServer')}
  0x000002d988d36800: ff49 b838 | b2cd 1706 | 0000 0045 | 8b80 f800 | 0000 49c1 | e003 4d85 

  0x000002d988d36818: ;   {metadata(method data for {method} {0x000002d9e194bdc8} 'getLastResponse' '()Lorg/graalvm/visualvm/lib/jfluid/wireprotocol/Response;' in 'org/graalvm/visualvm/lib/jfluid/server/ProfilerServer')}
  0x000002d988d36818: c049 b880 | 5e8b e1d9 | 0200 00ba | 9801 0000 | 7505 baa8 | 0100 0049 | 8b34 1048 | 8d76 0149 
  0x000002d988d36838: 8934 100f | 85c3 0000 

  0x000002d988d36840: ;   {oop(a 'java/lang/Class'{0x00000007ffc7c4d8} = 'java/lang/System')}
  0x000002d988d36840: 0049 b8d8 | c4c7 ff07 | 0000 0041 | 8b50 7448 | c1e2 0348 | 3b02 4c8b 

  0x000002d988d36858: ;   {metadata(method data for {method} {0x000002d9e194bdc8} 'getLastResponse' '()Lorg/graalvm/visualvm/lib/jfluid/wireprotocol/Response;' in 'org/graalvm/visualvm/lib/jfluid/server/ProfilerServer')}
  0x000002d988d36858: c248 be80 | 5e8b e1d9 | 0200 0045 | 8b40 0849 | ba00 0000 | a0d9 0200 | 004d 03c2 | 4c3b 86c0 
  0x000002d988d36878: 0100 0075 | 0d48 8386 | c801 0000 | 01e9 6000 | 0000 4c3b | 86d0 0100 | 0075 0d48 | 8386 d801 
  0x000002d988d36898: 0000 01e9 | 4a00 0000 | 4883 bec0 | 0100 0000 | 7517 4c89 | 86c0 0100 | 0048 c786 | c801 0000 
  0x000002d988d368b8: 0100 0000 | e929 0000 | 0048 83be | d001 0000 | 0075 174c | 8986 d001 | 0000 48c7 | 86d8 0100 
  0x000002d988d368d8: 0001 0000 | 00e9 0800 | 0000 4883 | 86b8 0100 

  0x000002d988d368e8: ;   {oop("Profiler Agent Error: lastResponse == null - internal error?"{0x0000000617ec4b48})}
  0x000002d988d368e8: 0001 49b8 | 484b ec17 | 0600 0000 

  0x000002d988d368f4: ;   {optimized virtual_call}
  0x000002d988d368f4: 6666 90e8 

  0x000002d988d368f8: ; ImmutableOopMap {[64]=Oop [80]=Oop }
                      ;*invokevirtual println {reexecute=0 rethrow=0 return_oop=0}
                      ; - org.graalvm.visualvm.lib.jfluid.server.ProfilerServer::getLastResponse@43 (line 447)
  0x000002d988d368f8: 6481 f406 

  0x000002d988d368fc: ;   {post_call_nop}
  0x000002d988d368fc: 0f1f 8400 | f405 0002 

  0x000002d988d36904: ;   {oop(a 'java/lang/Class'{0x0000000617cdb238} = 'org/graalvm/visualvm/lib/jfluid/server/ProfilerServer')}
  0x000002d988d36904: 48b8 38b2 | cd17 0600 | 0000 8bb0 | f800 0000 | 48c1 e603 | 410f be7f | 4885 ff0f | 85fd 0100 
  0x000002d988d36924: 00c7 80f8 | 0000 0000 

  0x000002d988d3692c: ;   {oop(a 'java/lang/Object'{0x0000000617d44db0})}
  0x000002d988d3692c: 0000 0048 | b8b0 4dd4 | 1706 0000 | 0048 8d44 | 2448 488b | 5808 418b | bf58 0600 | 0049 3b5c 
  0x000002d988d3694c: 3ff8 0f85 | f001 0000 | 4183 af58 | 0600 0008 | 493b 5c3f | f00f 842a | 0000 0048 | 8b03 a802 
  0x000002d988d3696c: 0f85 1200 | 0000 488b | f848 83cf | 01f0 480f | b13b 0f84 | 0d00 0000 | 4183 8758 | 0600 0008 
  0x000002d988d3698c: e9b3 0100 

  0x000002d988d36990: ;   {metadata(method data for {method} {0x000002d9e194bdc8} 'getLastResponse' '()Lorg/graalvm/visualvm/lib/jfluid/wireprotocol/Response;' in 'org/graalvm/visualvm/lib/jfluid/server/ProfilerServer')}
  0x000002d988d36990: 0048 b880 | 5e8b e1d9 | 0200 00ff | 80e8 0100 | 0048 8d44 | 2438 488b | 5808 418b | bf58 0600 
  0x000002d988d369b0: 0049 3b5c | 3ff8 0f85 | 9b01 0000 | 4183 af58 | 0600 0008 | 493b 5c3f | f00f 842a | 0000 0048 
  0x000002d988d369d0: 8b03 a802 | 0f85 1200 | 0000 488b | f848 83cf | 01f0 480f | b13b 0f84 | 0d00 0000 | 4183 8758 
  0x000002d988d369f0: 0600 0008 | e95e 0100 | 0048 8bc6 | 4883 c460 

  0x000002d988d36a00: ;   {poll_return}
  0x000002d988d36a00: 5d49 3b67 | 280f 875f | 0100 00c3 | 498b 8708 | 0500 004d | 33d2 4d89 | 9708 0500 | 004d 33d2 
  0x000002d988d36a20: 4d89 9710 | 0500 0048 

  0x000002d988d36a28: ;   {oop(a 'java/lang/Object'{0x0000000617d44db0})}
  0x000002d988d36a28: 8bf0 48b8 | b04d d417 | 0600 0000 | 488d 4424 | 4848 8b58 | 0841 8bbf | 5806 0000 | 493b 5c3f 
  0x000002d988d36a48: f80f 8531 | 0100 0041 | 83af 5806 | 0000 0849 | 3b5c 3ff0 | 0f84 2a00 | 0000 488b | 03a8 020f 
  0x000002d988d36a68: 8512 0000 | 0048 8bf8 | 4883 cf01 | f048 0fb1 | 3b0f 840d | 0000 0041 | 8387 5806 | 0000 08e9 
  0x000002d988d36a88: f400 0000 | 488b c6e9 | 1c01 0000 | 4c89 4424 | 0848 8914 

  0x000002d988d36a9c: ;   {runtime_call C1 Runtime monitorenter_nofpu_blob}
  0x000002d988d36a9c: 24e8 beae 

  0x000002d988d36aa0: ; ImmutableOopMap {r8=Oop [64]=Oop }
                      ;*synchronization entry
                      ; - org.graalvm.visualvm.lib.jfluid.server.ProfilerServer::getLastResponse@-1 (line 429)
  0x000002d988d36aa0: 0007 e95b 

  0x000002d988d36aa4: ;   {metadata({method} {0x000002d9e194bdc8} 'getLastResponse' '()Lorg/graalvm/visualvm/lib/jfluid/wireprotocol/Response;' in 'org/graalvm/visualvm/lib/jfluid/server/ProfilerServer')}
  0x000002d988d36aa4: faff ff49 | bac0 bd94 | e1d9 0200 | 004c 8954 | 2408 48c7 | 0424 ffff 

  0x000002d988d36abc: ;   {runtime_call C1 Runtime counter_overflow_blob}
  0x000002d988d36abc: ffff e89d 

  0x000002d988d36ac0: ; ImmutableOopMap {[64]=Oop }
                      ;*synchronization entry
                      ; - org.graalvm.visualvm.lib.jfluid.server.ProfilerServer::getLastResponse@-1 (line 429)
  0x000002d988d36ac0: cf00 07e9 | 66fa ffff | 4c89 4424 | 0848 8914 

  0x000002d988d36ad0: ;   {runtime_call C1 Runtime monitorenter_nofpu_blob}
  0x000002d988d36ad0: 24e8 8aae 

  0x000002d988d36ad4: ; ImmutableOopMap {r8=Oop [64]=Oop [80]=Oop }
                      ;*monitorenter {reexecute=0 rethrow=0 return_oop=0}
                      ; - org.graalvm.visualvm.lib.jfluid.server.ProfilerServer::getLastResponse@5 (line 429)
  0x000002d988d36ad4: 0007 e9ba 

  0x000002d988d36ad8: ;   {metadata({method} {0x000002d9e194bdc8} 'getLastResponse' '()Lorg/graalvm/visualvm/lib/jfluid/wireprotocol/Response;' in 'org/graalvm/visualvm/lib/jfluid/server/ProfilerServer')}
  0x000002d988d36ad8: faff ff49 | bac0 bd94 | e1d9 0200 | 004c 8954 | 2408 48c7 | 0424 1d00 

  0x000002d988d36af0: ;   {runtime_call C1 Runtime counter_overflow_blob}
  0x000002d988d36af0: 0000 e869 

  0x000002d988d36af4: ; ImmutableOopMap {[64]=Oop [80]=Oop }
                      ;*ifne {reexecute=1 rethrow=0 return_oop=0}
                      ; - (reexecute) org.graalvm.visualvm.lib.jfluid.server.ProfilerServer::getLastResponse@29 (line 444)
  0x000002d988d36af4: cf00 07e9 | 5efb ffff 

  0x000002d988d36afc: ;   {metadata({method} {0x000002d9e18d7c88} 'wait' '()V' in 'java/lang/Object')}
  0x000002d988d36afc: 49ba 807c | 8de1 d902 | 0000 4c89 | 5424 0848 | c704 24ff 

  0x000002d988d36b10: ;   {runtime_call C1 Runtime counter_overflow_blob}
  0x000002d988d36b10: ffff ffe8 

  0x000002d988d36b14: ; ImmutableOopMap {rdx=Oop [64]=Oop [80]=Oop }
                      ;*synchronization entry
                      ; - java.lang.Object::wait@-1 (line 351)
                      ; - org.graalvm.visualvm.lib.jfluid.server.ProfilerServer::getLastResponse@17 (line 438)
  0x000002d988d36b14: 48cf 0007 | e936 fcff 

  0x000002d988d36b1c: ;   {runtime_call C1 Runtime throw_null_pointer_exception_blob}
  0x000002d988d36b1c: ffe8 3e72 

  0x000002d988d36b20: ; ImmutableOopMap {rdx=Oop [64]=Oop [80]=Oop }
                      ;*invokevirtual println {reexecute=0 rethrow=0 return_oop=0}
                      ; - org.graalvm.visualvm.lib.jfluid.server.ProfilerServer::getLastResponse@43 (line 447)
  0x000002d988d36b20: 0007 8bb8 | f800 0000 | 48c1 e703 | 4883 ff00 | 0f84 effd | ffff 4889 

  0x000002d988d36b38: ;   {runtime_call g1_pre_barrier_slow}
  0x000002d988d36b38: 3c24 e821 | d500 07e9 | e1fd ffff | 488d 4424 | 4848 8904 

  0x000002d988d36b4c: ;   {runtime_call C1 Runtime monitorexit_nofpu_blob}
  0x000002d988d36b4c: 24e8 0eb4 | 0007 e93a | feff ff48 | 8d44 2438 | 4889 0424 

  0x000002d988d36b60: ;   {runtime_call C1 Runtime monitorexit_nofpu_blob}
  0x000002d988d36b60: e8fb b300 | 07e9 8ffe 

  0x000002d988d36b68: ;   {internal_word}
  0x000002d988d36b68: ffff 49ba | 016a d388 | d902 0000 | 4d89 9760 

  0x000002d988d36b78: ;   {runtime_call SafepointBlob}
  0x000002d988d36b78: 0400 00e9 | 60f1 f406 | 488d 4424 | 4848 8904 

  0x000002d988d36b88: ;   {runtime_call C1 Runtime monitorexit_nofpu_blob}
  0x000002d988d36b88: 24e8 d2b3 | 0007 e9f9 | feff ff49 | 8b87 0805 | 0000 49c7 | 8708 0500 | 0000 0000 | 0049 c787 
  0x000002d988d36ba8: 1005 0000 | 0000 0000 | 488b d848 | 8d44 2438 | 488b 7008 | 418b bf58 | 0600 0049 | 3b74 3ff8 
  0x000002d988d36bc8: 0f85 4a00 | 0000 4183 | af58 0600 | 0008 493b | 743f f00f | 842a 0000 | 0048 8b06 | a802 0f85 
  0x000002d988d36be8: 1200 0000 | 488b f848 | 83cf 01f0 | 480f b13e | 0f84 0d00 | 0000 4183 | 8758 0600 | 0008 e90d 
  0x000002d988d36c08: 0000 0048 | 8bc3 4883 

  0x000002d988d36c10: ;   {runtime_call C1 Runtime unwind_exception_blob}
  0x000002d988d36c10: c460 5de9 | 4862 0007 | 488d 4424 | 3848 8904 

  0x000002d988d36c20: ;   {runtime_call C1 Runtime monitorexit_nofpu_blob}
  0x000002d988d36c20: 24e8 3ab3 | 0007 ebe3 
[Stub Code]
  0x000002d988d36c28: ;   {no_reloc}
  0x000002d988d36c28: 0f1f 4400 

  0x000002d988d36c2c: ;   {static_stub}
  0x000002d988d36c2c: 0048 bb00 | 0000 0000 

  0x000002d988d36c34: ;   {runtime_call nmethod}
  0x000002d988d36c34: 0000 00e9 | fbff ffff 

  0x000002d988d36c3c: ;   {static_stub}
  0x000002d988d36c3c: 48bb a07d | 8de1 d902 

  0x000002d988d36c44: ;   {runtime_call I2C/C2I adapters}
  0x000002d988d36c44: 0000 e96b 

  0x000002d988d36c48: ;   {runtime_call C1 Runtime handle_exception_from_callee_blob}
  0x000002d988d36c48: fbf4 06e8 | 9092 0007 

  0x000002d988d36c50: ;   {external_word}
  0x000002d988d36c50: 48b9 f8eb | e3c6 fb7f | 0000 4883 

  0x000002d988d36c5c: ;   {runtime_call}
  0x000002d988d36c5c: e4f0 48b8 | b0a9 aac6 | fb7f 0000 

  0x000002d988d36c68: ;   {section_word}
  0x000002d988d36c68: ffd0 f449 | ba6b 6cd3 | 88d9 0200 

  0x000002d988d36c74: ;   {runtime_call DeoptimizationBlob}
  0x000002d988d36c74: 0041 52e9 | 04e6 f406 | f4f4 f4f4 
[/MachCode]


---------------  P R O C E S S  ---------------

Threads class SMR info:
_java_thread_list=0x000002d99f967f00, length=25, elements={
0x000002d9fc9c5620, 0x000002d9fc9c5f60, 0x000002d9fc9c6cb0, 0x000002d9fc9c9b50,
0x000002d9fc9cc520, 0x000002d9fc9cdc70, 0x000002d9fc9cec30, 0x000002d99f723740,
0x000002d99f7ce250, 0x000002d9e503e130, 0x000002d9e503e870, 0x000002d9e56c8600,
0x000002d99f96e350, 0x000002d9e6a97010, 0x000002d9e66c09c0, 0x000002d9e56a1f20,
0x000002d9e5a74f70, 0x000002d9e676e4b0, 0x000002d9e676ec00, 0x000002d9e676cec0,
0x000002d9e676d610, 0x000002d9e676faa0, 0x000002d9e67701f0, 0x000002d9e69be1b0,
0x000002d9e69bd310
}

Java Threads: ( => current thread )
  0x000002d9fc9c5620 JavaThread "Reference Handler"          daemon [_thread_blocked, id=16172, stack(0x000000e2a9d00000,0x000000e2a9e00000) (1024K)]
  0x000002d9fc9c5f60 JavaThread "Finalizer"                  daemon [_thread_blocked, id=16212, stack(0x000000e2a9e00000,0x000000e2a9f00000) (1024K)]
  0x000002d9fc9c6cb0 JavaThread "Signal Dispatcher"          daemon [_thread_blocked, id=21172, stack(0x000000e2a9f00000,0x000000e2aa000000) (1024K)]
  0x000002d9fc9c9b50 JavaThread "Attach Listener"            daemon [_thread_blocked, id=26412, stack(0x000000e2aa000000,0x000000e2aa100000) (1024K)]
  0x000002d9fc9cc520 JavaThread "Service Thread"             daemon [_thread_blocked, id=3468, stack(0x000000e2aa100000,0x000000e2aa200000) (1024K)]
  0x000002d9fc9cdc70 JavaThread "Monitor Deflation Thread"   daemon [_thread_blocked, id=13388, stack(0x000000e2aa200000,0x000000e2aa300000) (1024K)]
  0x000002d9fc9cec30 JavaThread "C2 CompilerThread0"         daemon [_thread_blocked, id=11752, stack(0x000000e2aa300000,0x000000e2aa400000) (1024K)]
  0x000002d99f723740 JavaThread "C1 CompilerThread0"         daemon [_thread_blocked, id=22696, stack(0x000000e2aa400000,0x000000e2aa500000) (1024K)]
  0x000002d99f7ce250 JavaThread "Common-Cleaner"             daemon [_thread_blocked, id=9968, stack(0x000000e2aa500000,0x000000e2aa600000) (1024K)]
  0x000002d9e503e130 JavaThread "Monitor Ctrl-Break"         daemon [_thread_in_native, id=26684, stack(0x000000e2aa700000,0x000000e2aa800000) (1024K)]
  0x000002d9e503e870 JavaThread "Notification Thread"        daemon [_thread_blocked, id=5920, stack(0x000000e2aa900000,0x000000e2aaa00000) (1024K)]
  0x000002d9e56c8600 JavaThread "JFR Recorder Thread"        daemon [_thread_in_native, id=13764, stack(0x000000e2aae00000,0x000000e2aaf00000) (1024K)]
  0x000002d99f96e350 JavaThread "JFR Periodic Tasks"         daemon [_thread_blocked, id=13336, stack(0x000000e2ab000000,0x000000e2ab100000) (1024K)]
  0x000002d9e6a97010 JavaThread "RMI TCP Accept-0"           daemon [_thread_in_native, id=2808, stack(0x000000e2ab300000,0x000000e2ab400000) (1024K)]
  0x000002d9e66c09c0 JavaThread "RMI TCP Connection(idle)"   daemon [_thread_blocked, id=26952, stack(0x000000e2ab400000,0x000000e2ab500000) (1024K)]
  0x000002d9e56a1f20 JavaThread "RMI Scheduler(0)"           daemon [_thread_blocked, id=24308, stack(0x000000e2ab500000,0x000000e2ab600000) (1024K)]
  0x000002d9e5a74f70 JavaThread "JMX server connection timeout 46" daemon [_thread_blocked, id=20556, stack(0x000000e2ab600000,0x000000e2ab700000) (1024K)]
  0x000002d9e676e4b0 JavaThread "VirtualThread-unblocker"    daemon [_thread_blocked, id=8000, stack(0x000000e2ab200000,0x000000e2ab300000) (1024K)]
  0x000002d9e676ec00 JavaThread "RMI TCP Connection(2)-192.168.0.102" daemon [_thread_in_native, id=27500, stack(0x000000e2aa600000,0x000000e2aa700000) (1024K)]
  0x000002d9e676cec0 JavaThread "*** Profiler Agent Communication Thread" daemon [_thread_blocked, id=27836, stack(0x000000e2aab00000,0x000000e2aac00000) (1024K)]
  0x000002d9e676d610 JavaThread "*** JFluid Monitor thread ***" daemon [_thread_blocked, id=19932, stack(0x000000e2aac00000,0x000000e2aad00000) (1024K)]
  0x000002d9e676faa0 JavaThread "*** Profiler Agent Special Execution Thread 6" daemon [_thread_blocked, id=25788, stack(0x000000e2aad00000,0x000000e2aae00000) (1024K)]
  0x000002d9e67701f0 JavaThread "*** Profiler Agent Special Execution Thread 3" daemon [_thread_blocked, id=1648, stack(0x000000e2ac000000,0x000000e2ac100000) (1024K)]
  0x000002d9e69be1b0 JavaThread "JMH-Shutdown-Timeout"       daemon [_thread_blocked, id=9832, stack(0x000000e2a9200000,0x000000e2a9300000) (1024K)]
=>0x000002d9e69bd310 JavaThread "<no-name - thread is attaching>"        [_thread_in_vm, id=24780, stack(0x000000e2a9500000,0x000000e2a9600000) (1024K)]
Total: 25

Other Threads:
  0x000002d9fc9b62e0 VMThread "VM Thread"                           [id=11244, stack(0x000000e2a9c00000,0x000000e2a9d00000) (1024K)]
  0x000002d9fc9a1080 WatcherThread "VM Periodic Task Thread"        [id=16820, stack(0x000000e2a9b00000,0x000000e2a9c00000) (1024K)]
  0x000002d9f9b27c00 WorkerThread "GC Thread#0"                     [id=3568, stack(0x000000e2a9600000,0x000000e2a9700000) (1024K)]
  0x000002d9e5703bb0 WorkerThread "GC Thread#1"                     [id=19744, stack(0x000000e2aa800000,0x000000e2aa900000) (1024K)]
  0x000002d9e5703f60 WorkerThread "GC Thread#2"                     [id=11668, stack(0x000000e2aaf00000,0x000000e2ab000000) (1024K)]
  0x000002d9e5704310 WorkerThread "GC Thread#3"                     [id=17552, stack(0x000000e2ab100000,0x000000e2ab200000) (1024K)]
  0x000002d9e57046c0 WorkerThread "GC Thread#4"                     [id=16080, stack(0x000000e2ab700000,0x000000e2ab800000) (1024K)]
  0x000002d9e5704a70 WorkerThread "GC Thread#5"                     [id=12624, stack(0x000000e2ab800000,0x000000e2ab900000) (1024K)]
  0x000002d9e5704e20 WorkerThread "GC Thread#6"                     [id=15228, stack(0x000000e2ab900000,0x000000e2aba00000) (1024K)]
  0x000002d9e575c2e0 WorkerThread "GC Thread#7"                     [id=520, stack(0x000000e2aba00000,0x000000e2abb00000) (1024K)]
  0x000002d9e575bb80 WorkerThread "GC Thread#8"                     [id=13840, stack(0x000000e2abb00000,0x000000e2abc00000) (1024K)]
  0x000002d9e575c690 WorkerThread "GC Thread#9"                     [id=17476, stack(0x000000e2abc00000,0x000000e2abd00000) (1024K)]
  0x000002d9e575d1a0 WorkerThread "GC Thread#10"                    [id=21628, stack(0x000000e2abd00000,0x000000e2abe00000) (1024K)]
  0x000002d9e575bf30 WorkerThread "GC Thread#11"                    [id=10464, stack(0x000000e2abe00000,0x000000e2abf00000) (1024K)]
  0x000002d9fc822010 ConcurrentGCThread "G1 Main Marker"            [id=19676, stack(0x000000e2a9700000,0x000000e2a9800000) (1024K)]
  0x000002d9fc823770 WorkerThread "G1 Conc#0"                       [id=4736, stack(0x000000e2a9800000,0x000000e2a9900000) (1024K)]
  0x000002d9fc8ee7f0 ConcurrentGCThread "G1 Refine#0"               [id=23472, stack(0x000000e2a9900000,0x000000e2a9a00000) (1024K)]
  0x000002d9fc8ef210 ConcurrentGCThread "G1 Service"                [id=25008, stack(0x000000e2a9a00000,0x000000e2a9b00000) (1024K)]
Total: 18

Threads with active compile tasks:
Total: 0

VM state: not at safepoint (normal execution)

VM Mutex/Monitor currently owned by a thread: None

Heap address: 0x0000000605c00000, size: 8100 MB, Compressed Oops mode: Zero based, Oop shift amount: 3

CDS archive(s) mapped at: [0x000002d9a0000000-0x000002d9a0d40000-0x000002d9a0d40000), size 13893632, SharedBaseAddress: 0x000002d9a0000000, ArchiveRelocationMode: 1.
Compressed class space mapped at: 0x000002d9a1000000-0x000002d9e1000000, reserved size: 1073741824
UseCompressedClassPointers 1, UseCompactObjectHeaders 0
Narrow klass pointer bits 32, Max shift 3
Narrow klass base: 0x000002d9a0000000, Narrow klass shift: 0
Encoding Range: [0x000002d9a0000000 - 0x000002daa0000000), (4294967296 bytes)
Klass Range:    [0x000002d9a0000000 - 0x000002d9e1000000), (1090519040 bytes)
Klass ID Range:  [8 - 1090519033) (1090519025)

GC Precious Log:
 CardTable entry size: 512
 Card Set container configuration: InlinePtr #cards 4 size 8 Array Of Cards #cards 32 size 80 Howl #buckets 8 coarsen threshold 7372 Howl Bitmap #cards 1024 size 144 coarsen threshold 921 Card regions per heap region 1 cards per card region 8192
 CPUs: 20 total, 20 available
 Memory: 32387M
 Large Page Support: Disabled
 NUMA Support: Disabled
 Compressed Oops: Enabled (Zero based)
 Heap Region Size: 4M
 Heap Min Capacity: 8M
 Heap Initial Capacity: 508M
 Heap Max Capacity: 8100M
 Pre-touch: Disabled
 Parallel Workers: 15
 Concurrent Workers: 4
 Concurrent Refinement Workers: 15
 Periodic GC: Disabled

Heap:
 garbage-first heap   total reserved 8294400K, committed 524288K, used 29964K [0x0000000605c00000, 0x0000000800000000)
  region size 4096K, 9 young (36864K), 3 survivors (12288K)
 Metaspace       used 10880K, committed 11264K, reserved 1114112K
  class space    used 971K, committed 1152K, reserved 1048576K

Heap Regions: E=young(eden), S=young(survivor), O=old, HS=humongous(starts), HC=humongous(continues), CS=collection set, F=free, TAMS=top-at-mark-start, PB=parsable bottom
|   0|0x0000000605c00000, 0x0000000605c00000, 0x0000000606000000|  0%| F|  |TAMS 0x0000000605c00000| PB 0x0000000605c00000| Untracked |  0
|   1|0x0000000606000000, 0x0000000606000000, 0x0000000606400000|  0%| F|  |TAMS 0x0000000606000000| PB 0x0000000606000000| Untracked |  0
|   2|0x0000000606400000, 0x0000000606400000, 0x0000000606800000|  0%| F|  |TAMS 0x0000000606400000| PB 0x0000000606400000| Untracked |  0
|   3|0x0000000606800000, 0x0000000606800000, 0x0000000606c00000|  0%| F|  |TAMS 0x0000000606800000| PB 0x0000000606800000| Untracked |  0
|   4|0x0000000606c00000, 0x0000000606c00000, 0x0000000607000000|  0%| F|  |TAMS 0x0000000606c00000| PB 0x0000000606c00000| Untracked |  0
|   5|0x0000000607000000, 0x0000000607000000, 0x0000000607400000|  0%| F|  |TAMS 0x0000000607000000| PB 0x0000000607000000| Untracked |  0
|   6|0x0000000607400000, 0x0000000607400000, 0x0000000607800000|  0%| F|  |TAMS 0x0000000607400000| PB 0x0000000607400000| Untracked |  0
|   7|0x0000000607800000, 0x0000000607800000, 0x0000000607c00000|  0%| F|  |TAMS 0x0000000607800000| PB 0x0000000607800000| Untracked |  0
|   8|0x0000000607c00000, 0x0000000607c00000, 0x0000000608000000|  0%| F|  |TAMS 0x0000000607c00000| PB 0x0000000607c00000| Untracked |  0
|   9|0x0000000608000000, 0x0000000608000000, 0x0000000608400000|  0%| F|  |TAMS 0x0000000608000000| PB 0x0000000608000000| Untracked |  0
|  10|0x0000000608400000, 0x0000000608400000, 0x0000000608800000|  0%| F|  |TAMS 0x0000000608400000| PB 0x0000000608400000| Untracked |  0
|  11|0x0000000608800000, 0x0000000608800000, 0x0000000608c00000|  0%| F|  |TAMS 0x0000000608800000| PB 0x0000000608800000| Untracked |  0
|  12|0x0000000608c00000, 0x0000000608c00000, 0x0000000609000000|  0%| F|  |TAMS 0x0000000608c00000| PB 0x0000000608c00000| Untracked |  0
|  13|0x0000000609000000, 0x0000000609000000, 0x0000000609400000|  0%| F|  |TAMS 0x0000000609000000| PB 0x0000000609000000| Untracked |  0
|  14|0x0000000609400000, 0x0000000609400000, 0x0000000609800000|  0%| F|  |TAMS 0x0000000609400000| PB 0x0000000609400000| Untracked |  0
|  15|0x0000000609800000, 0x0000000609800000, 0x0000000609c00000|  0%| F|  |TAMS 0x0000000609800000| PB 0x0000000609800000| Untracked |  0
|  16|0x0000000609c00000, 0x0000000609c00000, 0x000000060a000000|  0%| F|  |TAMS 0x0000000609c00000| PB 0x0000000609c00000| Untracked |  0
|  17|0x000000060a000000, 0x000000060a000000, 0x000000060a400000|  0%| F|  |TAMS 0x000000060a000000| PB 0x000000060a000000| Untracked |  0
|  18|0x000000060a400000, 0x000000060a400000, 0x000000060a800000|  0%| F|  |TAMS 0x000000060a400000| PB 0x000000060a400000| Untracked |  0
|  19|0x000000060a800000, 0x000000060a800000, 0x000000060ac00000|  0%| F|  |TAMS 0x000000060a800000| PB 0x000000060a800000| Untracked |  0
|  20|0x000000060ac00000, 0x000000060ac00000, 0x000000060b000000|  0%| F|  |TAMS 0x000000060ac00000| PB 0x000000060ac00000| Untracked |  0
|  21|0x000000060b000000, 0x000000060b000000, 0x000000060b400000|  0%| F|  |TAMS 0x000000060b000000| PB 0x000000060b000000| Untracked |  0
|  22|0x000000060b400000, 0x000000060b400000, 0x000000060b800000|  0%| F|  |TAMS 0x000000060b400000| PB 0x000000060b400000| Untracked |  0
|  23|0x000000060b800000, 0x000000060b800000, 0x000000060bc00000|  0%| F|  |TAMS 0x000000060b800000| PB 0x000000060b800000| Untracked |  0
|  24|0x000000060bc00000, 0x000000060bc00000, 0x000000060c000000|  0%| F|  |TAMS 0x000000060bc00000| PB 0x000000060bc00000| Untracked |  0
|  25|0x000000060c000000, 0x000000060c000000, 0x000000060c400000|  0%| F|  |TAMS 0x000000060c000000| PB 0x000000060c000000| Untracked |  0
|  26|0x000000060c400000, 0x000000060c400000, 0x000000060c800000|  0%| F|  |TAMS 0x000000060c400000| PB 0x000000060c400000| Untracked |  0
|  27|0x000000060c800000, 0x000000060c800000, 0x000000060cc00000|  0%| F|  |TAMS 0x000000060c800000| PB 0x000000060c800000| Untracked |  0
|  28|0x000000060cc00000, 0x000000060cc00000, 0x000000060d000000|  0%| F|  |TAMS 0x000000060cc00000| PB 0x000000060cc00000| Untracked |  0
|  29|0x000000060d000000, 0x000000060d000000, 0x000000060d400000|  0%| F|  |TAMS 0x000000060d000000| PB 0x000000060d000000| Untracked |  0
|  30|0x000000060d400000, 0x000000060d400000, 0x000000060d800000|  0%| F|  |TAMS 0x000000060d400000| PB 0x000000060d400000| Untracked |  0
|  31|0x000000060d800000, 0x000000060d800000, 0x000000060dc00000|  0%| F|  |TAMS 0x000000060d800000| PB 0x000000060d800000| Untracked |  0
|  32|0x000000060dc00000, 0x000000060dc00000, 0x000000060e000000|  0%| F|  |TAMS 0x000000060dc00000| PB 0x000000060dc00000| Untracked |  0
|  33|0x000000060e000000, 0x000000060e000000, 0x000000060e400000|  0%| F|  |TAMS 0x000000060e000000| PB 0x000000060e000000| Untracked |  0
|  34|0x000000060e400000, 0x000000060e400000, 0x000000060e800000|  0%| F|  |TAMS 0x000000060e400000| PB 0x000000060e400000| Untracked |  0
|  35|0x000000060e800000, 0x000000060e800000, 0x000000060ec00000|  0%| F|  |TAMS 0x000000060e800000| PB 0x000000060e800000| Untracked |  0
|  36|0x000000060ec00000, 0x000000060ec00000, 0x000000060f000000|  0%| F|  |TAMS 0x000000060ec00000| PB 0x000000060ec00000| Untracked |  0
|  37|0x000000060f000000, 0x000000060f000000, 0x000000060f400000|  0%| F|  |TAMS 0x000000060f000000| PB 0x000000060f000000| Untracked |  0
|  38|0x000000060f400000, 0x000000060f400000, 0x000000060f800000|  0%| F|  |TAMS 0x000000060f400000| PB 0x000000060f400000| Untracked |  0
|  39|0x000000060f800000, 0x000000060f800000, 0x000000060fc00000|  0%| F|  |TAMS 0x000000060f800000| PB 0x000000060f800000| Untracked |  0
|  40|0x000000060fc00000, 0x000000060fc00000, 0x0000000610000000|  0%| F|  |TAMS 0x000000060fc00000| PB 0x000000060fc00000| Untracked |  0
|  41|0x0000000610000000, 0x0000000610000000, 0x0000000610400000|  0%| F|  |TAMS 0x0000000610000000| PB 0x0000000610000000| Untracked |  0
|  42|0x0000000610400000, 0x0000000610400000, 0x0000000610800000|  0%| F|  |TAMS 0x0000000610400000| PB 0x0000000610400000| Untracked |  0
|  43|0x0000000610800000, 0x0000000610800000, 0x0000000610c00000|  0%| F|  |TAMS 0x0000000610800000| PB 0x0000000610800000| Untracked |  0
|  44|0x0000000610c00000, 0x0000000610c00000, 0x0000000611000000|  0%| F|  |TAMS 0x0000000610c00000| PB 0x0000000610c00000| Untracked |  0
|  45|0x0000000611000000, 0x0000000611000000, 0x0000000611400000|  0%| F|  |TAMS 0x0000000611000000| PB 0x0000000611000000| Untracked |  0
|  46|0x0000000611400000, 0x0000000611400000, 0x0000000611800000|  0%| F|  |TAMS 0x0000000611400000| PB 0x0000000611400000| Untracked |  0
|  47|0x0000000611800000, 0x0000000611800000, 0x0000000611c00000|  0%| F|  |TAMS 0x0000000611800000| PB 0x0000000611800000| Untracked |  0
|  48|0x0000000611c00000, 0x0000000611c00000, 0x0000000612000000|  0%| F|  |TAMS 0x0000000611c00000| PB 0x0000000611c00000| Untracked |  0
|  49|0x0000000612000000, 0x0000000612000000, 0x0000000612400000|  0%| F|  |TAMS 0x0000000612000000| PB 0x0000000612000000| Untracked |  0
|  50|0x0000000612400000, 0x0000000612400000, 0x0000000612800000|  0%| F|  |TAMS 0x0000000612400000| PB 0x0000000612400000| Untracked |  0
|  51|0x0000000612800000, 0x0000000612800000, 0x0000000612c00000|  0%| F|  |TAMS 0x0000000612800000| PB 0x0000000612800000| Untracked |  0
|  52|0x0000000612c00000, 0x0000000612c00000, 0x0000000613000000|  0%| F|  |TAMS 0x0000000612c00000| PB 0x0000000612c00000| Untracked |  0
|  53|0x0000000613000000, 0x0000000613000000, 0x0000000613400000|  0%| F|  |TAMS 0x0000000613000000| PB 0x0000000613000000| Untracked |  0
|  54|0x0000000613400000, 0x0000000613400000, 0x0000000613800000|  0%| F|  |TAMS 0x0000000613400000| PB 0x0000000613400000| Untracked |  0
|  55|0x0000000613800000, 0x0000000613800000, 0x0000000613c00000|  0%| F|  |TAMS 0x0000000613800000| PB 0x0000000613800000| Untracked |  0
|  56|0x0000000613c00000, 0x0000000613c00000, 0x0000000614000000|  0%| F|  |TAMS 0x0000000613c00000| PB 0x0000000613c00000| Untracked |  0
|  57|0x0000000614000000, 0x0000000614000000, 0x0000000614400000|  0%| F|  |TAMS 0x0000000614000000| PB 0x0000000614000000| Untracked |  0
|  58|0x0000000614400000, 0x0000000614400000, 0x0000000614800000|  0%| F|  |TAMS 0x0000000614400000| PB 0x0000000614400000| Untracked |  0
|  59|0x0000000614800000, 0x0000000614800000, 0x0000000614c00000|  0%| F|  |TAMS 0x0000000614800000| PB 0x0000000614800000| Untracked |  0
|  60|0x0000000614c00000, 0x0000000614c00000, 0x0000000615000000|  0%| F|  |TAMS 0x0000000614c00000| PB 0x0000000614c00000| Untracked |  0
|  61|0x0000000615000000, 0x0000000615000000, 0x0000000615400000|  0%| F|  |TAMS 0x0000000615000000| PB 0x0000000615000000| Untracked |  0
|  62|0x0000000615400000, 0x0000000615400000, 0x0000000615800000|  0%| F|  |TAMS 0x0000000615400000| PB 0x0000000615400000| Untracked |  0
|  63|0x0000000615800000, 0x0000000615800000, 0x0000000615c00000|  0%| F|  |TAMS 0x0000000615800000| PB 0x0000000615800000| Untracked |  0
|  64|0x0000000615c00000, 0x0000000615c00000, 0x0000000616000000|  0%| F|  |TAMS 0x0000000615c00000| PB 0x0000000615c00000| Untracked |  0
|  65|0x0000000616000000, 0x0000000616000000, 0x0000000616400000|  0%| F|  |TAMS 0x0000000616000000| PB 0x0000000616000000| Untracked |  0
|  66|0x0000000616400000, 0x0000000616400000, 0x0000000616800000|  0%| F|  |TAMS 0x0000000616400000| PB 0x0000000616400000| Untracked |  0
|  67|0x0000000616800000, 0x0000000616800000, 0x0000000616c00000|  0%| F|  |TAMS 0x0000000616800000| PB 0x0000000616800000| Untracked |  0
|  68|0x0000000616c00000, 0x0000000616c00000, 0x0000000617000000|  0%| F|  |TAMS 0x0000000616c00000| PB 0x0000000616c00000| Untracked |  0
|  69|0x0000000617000000, 0x0000000617000000, 0x0000000617400000|  0%| F|  |TAMS 0x0000000617000000| PB 0x0000000617000000| Untracked |  0
|  70|0x0000000617400000, 0x0000000617425f90, 0x0000000617800000|  3%| S|CS|TAMS 0x0000000617400000| PB 0x0000000617400000| Complete |  0
|  71|0x0000000617800000, 0x0000000617c00000, 0x0000000617c00000|100%| S|CS|TAMS 0x0000000617800000| PB 0x0000000617800000| Complete |  0
|  72|0x0000000617c00000, 0x0000000618000000, 0x0000000618000000|100%| S|CS|TAMS 0x0000000617c00000| PB 0x0000000617c00000| Complete |  0
|  73|0x0000000618000000, 0x0000000618000000, 0x0000000618400000|  0%| F|  |TAMS 0x0000000618000000| PB 0x0000000618000000| Untracked |  0
|  74|0x0000000618400000, 0x0000000618400000, 0x0000000618800000|  0%| F|  |TAMS 0x0000000618400000| PB 0x0000000618400000| Untracked |  0
|  75|0x0000000618800000, 0x0000000618800000, 0x0000000618c00000|  0%| F|  |TAMS 0x0000000618800000| PB 0x0000000618800000| Untracked |  0
|  76|0x0000000618c00000, 0x0000000618c00000, 0x0000000619000000|  0%| F|  |TAMS 0x0000000618c00000| PB 0x0000000618c00000| Untracked |  0
|  77|0x0000000619000000, 0x0000000619000000, 0x0000000619400000|  0%| F|  |TAMS 0x0000000619000000| PB 0x0000000619000000| Untracked |  0
|  78|0x0000000619400000, 0x0000000619400000, 0x0000000619800000|  0%| F|  |TAMS 0x0000000619400000| PB 0x0000000619400000| Untracked |  0
|  79|0x0000000619800000, 0x0000000619800000, 0x0000000619c00000|  0%| F|  |TAMS 0x0000000619800000| PB 0x0000000619800000| Untracked |  0
|  80|0x0000000619c00000, 0x0000000619c00000, 0x000000061a000000|  0%| F|  |TAMS 0x0000000619c00000| PB 0x0000000619c00000| Untracked |  0
|  81|0x000000061a000000, 0x000000061a000000, 0x000000061a400000|  0%| F|  |TAMS 0x000000061a000000| PB 0x000000061a000000| Untracked |  0
|  82|0x000000061a400000, 0x000000061a400000, 0x000000061a800000|  0%| F|  |TAMS 0x000000061a400000| PB 0x000000061a400000| Untracked |  0
|  83|0x000000061a800000, 0x000000061a800000, 0x000000061ac00000|  0%| F|  |TAMS 0x000000061a800000| PB 0x000000061a800000| Untracked |  0
|  84|0x000000061ac00000, 0x000000061ac00000, 0x000000061b000000|  0%| F|  |TAMS 0x000000061ac00000| PB 0x000000061ac00000| Untracked |  0
|  85|0x000000061b000000, 0x000000061b000000, 0x000000061b400000|  0%| F|  |TAMS 0x000000061b000000| PB 0x000000061b000000| Untracked |  0
|  86|0x000000061b400000, 0x000000061b400000, 0x000000061b800000|  0%| F|  |TAMS 0x000000061b400000| PB 0x000000061b400000| Untracked |  0
|  87|0x000000061b800000, 0x000000061b800000, 0x000000061bc00000|  0%| F|  |TAMS 0x000000061b800000| PB 0x000000061b800000| Untracked |  0
|  88|0x000000061bc00000, 0x000000061bc00000, 0x000000061c000000|  0%| F|  |TAMS 0x000000061bc00000| PB 0x000000061bc00000| Untracked |  0
|  89|0x000000061c000000, 0x000000061c000000, 0x000000061c400000|  0%| F|  |TAMS 0x000000061c000000| PB 0x000000061c000000| Untracked |  0
|  90|0x000000061c400000, 0x000000061c400000, 0x000000061c800000|  0%| F|  |TAMS 0x000000061c400000| PB 0x000000061c400000| Untracked |  0
|  91|0x000000061c800000, 0x000000061c800000, 0x000000061cc00000|  0%| F|  |TAMS 0x000000061c800000| PB 0x000000061c800000| Untracked |  0
|  92|0x000000061cc00000, 0x000000061cc00000, 0x000000061d000000|  0%| F|  |TAMS 0x000000061cc00000| PB 0x000000061cc00000| Untracked |  0
|  93|0x000000061d000000, 0x000000061d000000, 0x000000061d400000|  0%| F|  |TAMS 0x000000061d000000| PB 0x000000061d000000| Untracked |  0
|  94|0x000000061d400000, 0x000000061d400000, 0x000000061d800000|  0%| F|  |TAMS 0x000000061d400000| PB 0x000000061d400000| Untracked |  0
|  95|0x000000061d800000, 0x000000061d800000, 0x000000061dc00000|  0%| F|  |TAMS 0x000000061d800000| PB 0x000000061d800000| Untracked |  0
|  96|0x000000061dc00000, 0x000000061dc00000, 0x000000061e000000|  0%| F|  |TAMS 0x000000061dc00000| PB 0x000000061dc00000| Untracked |  0
|  97|0x000000061e000000, 0x000000061e000000, 0x000000061e400000|  0%| F|  |TAMS 0x000000061e000000| PB 0x000000061e000000| Untracked |  0
|  98|0x000000061e400000, 0x000000061e400000, 0x000000061e800000|  0%| F|  |TAMS 0x000000061e400000| PB 0x000000061e400000| Untracked |  0
|  99|0x000000061e800000, 0x000000061e800000, 0x000000061ec00000|  0%| F|  |TAMS 0x000000061e800000| PB 0x000000061e800000| Untracked |  0
| 100|0x000000061ec00000, 0x000000061ec00000, 0x000000061f000000|  0%| F|  |TAMS 0x000000061ec00000| PB 0x000000061ec00000| Untracked |  0
| 101|0x000000061f000000, 0x000000061f000000, 0x000000061f400000|  0%| F|  |TAMS 0x000000061f000000| PB 0x000000061f000000| Untracked |  0
| 102|0x000000061f400000, 0x000000061f400000, 0x000000061f800000|  0%| F|  |TAMS 0x000000061f400000| PB 0x000000061f400000| Untracked |  0
| 103|0x000000061f800000, 0x000000061f800000, 0x000000061fc00000|  0%| F|  |TAMS 0x000000061f800000| PB 0x000000061f800000| Untracked |  0
| 104|0x000000061fc00000, 0x000000061fc00000, 0x0000000620000000|  0%| F|  |TAMS 0x000000061fc00000| PB 0x000000061fc00000| Untracked |  0
| 105|0x0000000620000000, 0x0000000620000000, 0x0000000620400000|  0%| F|  |TAMS 0x0000000620000000| PB 0x0000000620000000| Untracked |  0
| 106|0x0000000620400000, 0x0000000620400000, 0x0000000620800000|  0%| F|  |TAMS 0x0000000620400000| PB 0x0000000620400000| Untracked |  0
| 107|0x0000000620800000, 0x0000000620800000, 0x0000000620c00000|  0%| F|  |TAMS 0x0000000620800000| PB 0x0000000620800000| Untracked |  0
| 108|0x0000000620c00000, 0x0000000620c00000, 0x0000000621000000|  0%| F|  |TAMS 0x0000000620c00000| PB 0x0000000620c00000| Untracked |  0
| 109|0x0000000621000000, 0x0000000621000000, 0x0000000621400000|  0%| F|  |TAMS 0x0000000621000000| PB 0x0000000621000000| Untracked |  0
| 110|0x0000000621400000, 0x0000000621400000, 0x0000000621800000|  0%| F|  |TAMS 0x0000000621400000| PB 0x0000000621400000| Untracked |  0
| 111|0x0000000621800000, 0x0000000621800000, 0x0000000621c00000|  0%| F|  |TAMS 0x0000000621800000| PB 0x0000000621800000| Untracked |  0
| 112|0x0000000621c00000, 0x0000000621c00000, 0x0000000622000000|  0%| F|  |TAMS 0x0000000621c00000| PB 0x0000000621c00000| Untracked |  0
| 113|0x0000000622000000, 0x0000000622000000, 0x0000000622400000|  0%| F|  |TAMS 0x0000000622000000| PB 0x0000000622000000| Untracked |  0
| 114|0x0000000622400000, 0x0000000622400000, 0x0000000622800000|  0%| F|  |TAMS 0x0000000622400000| PB 0x0000000622400000| Untracked |  0
| 115|0x0000000622800000, 0x0000000622800000, 0x0000000622c00000|  0%| F|  |TAMS 0x0000000622800000| PB 0x0000000622800000| Untracked |  0
| 116|0x0000000622c00000, 0x0000000622c00000, 0x0000000623000000|  0%| F|  |TAMS 0x0000000622c00000| PB 0x0000000622c00000| Untracked |  0
| 117|0x0000000623000000, 0x0000000623000000, 0x0000000623400000|  0%| F|  |TAMS 0x0000000623000000| PB 0x0000000623000000| Untracked |  0
| 118|0x0000000623400000, 0x0000000623400000, 0x0000000623800000|  0%| F|  |TAMS 0x0000000623400000| PB 0x0000000623400000| Untracked |  0
| 119|0x0000000623800000, 0x0000000623800000, 0x0000000623c00000|  0%| F|  |TAMS 0x0000000623800000| PB 0x0000000623800000| Untracked |  0
| 120|0x0000000623c00000, 0x0000000623c00000, 0x0000000624000000|  0%| F|  |TAMS 0x0000000623c00000| PB 0x0000000623c00000| Untracked |  0
| 121|0x0000000624000000, 0x00000006243fdb28, 0x0000000624400000| 99%| E|  |TAMS 0x0000000624000000| PB 0x0000000624000000| Complete |  0
| 122|0x0000000624400000, 0x0000000624800000, 0x0000000624800000|100%| E|CS|TAMS 0x0000000624400000| PB 0x0000000624400000| Complete |  0
| 123|0x0000000624800000, 0x0000000624c00000, 0x0000000624c00000|100%| E|CS|TAMS 0x0000000624800000| PB 0x0000000624800000| Complete |  0
| 124|0x0000000624c00000, 0x0000000625000000, 0x0000000625000000|100%| E|CS|TAMS 0x0000000624c00000| PB 0x0000000624c00000| Complete |  0
| 125|0x0000000625000000, 0x0000000625400000, 0x0000000625400000|100%| E|CS|TAMS 0x0000000625000000| PB 0x0000000625000000| Complete |  0
| 126|0x0000000625400000, 0x0000000625800000, 0x0000000625800000|100%| E|CS|TAMS 0x0000000625400000| PB 0x0000000625400000| Complete |  0
|2024|0x00000007ffc00000, 0x00000007ffd1d3c0, 0x0000000800000000| 27%| O|  |TAMS 0x00000007ffc00000| PB 0x00000007ffc00000| Untracked |  0

Card table byte_map: [0x000002d9fb6f0000,0x000002d9fc6d0000] _byte_map_base: 0x000002d9f86c2000

Marking Bits: (CMBitMap*) 0x000002d9f9b28310
 Bits: [0x000002d9977e0000, 0x000002d99f670000)

Polling page: 0x000002d9f78e0000

Metaspace:

Usage:
  Non-class:      9.68 MB used.
      Class:    971.80 KB used.
       Both:     10.63 MB used.

Virtual space:
  Non-class space:       64.00 MB reserved,       9.88 MB ( 15%) committed,  1 nodes.
      Class space:        1.00 GB reserved,       1.12 MB ( <1%) committed,  1 nodes.
             Both:        1.06 GB reserved,      11.00 MB (  1%) committed. 

Chunk freelists:
   Non-Class:  6.11 MB
       Class:  14.71 MB
        Both:  20.82 MB

MaxMetaspaceSize: unlimited
CompressedClassSpaceSize: 1.00 GB
Initial GC threshold: 21.00 MB
Current GC threshold: 21.00 MB
CDS: on
 - commit_granule_bytes: 65536.
 - commit_granule_words: 8192.
 - virtual_space_node_default_size: 8388608.
 - enlarge_chunks_in_place: 1.
UseCompressedClassPointers 1, UseCompactObjectHeaders 0
Narrow klass pointer bits 32, Max shift 3
Narrow klass base: 0x000002d9a0000000, Narrow klass shift: 0
Encoding Range: [0x000002d9a0000000 - 0x000002daa0000000), (4294967296 bytes)
Klass Range:    [0x000002d9a0000000 - 0x000002d9e1000000), (1090519040 bytes)
Klass ID Range:  [8 - 1090519033) (1090519025)


Internal statistics:

num_allocs_failed_limit: 0.
num_arena_births: 406.
num_arena_deaths: 0.
num_vsnodes_births: 2.
num_vsnodes_deaths: 0.
num_space_committed: 176.
num_space_uncommitted: 0.
num_chunks_returned_to_freelist: 0.
num_chunks_taken_from_freelist: 626.
num_chunk_merges: 0.
num_chunk_splits: 354.
num_chunks_enlarged: 121.
num_inconsistent_stats: 0.

CodeHeap 'non-profiled nmethods': size=119232Kb used=2060Kb max_used=2060Kb free=117171Kb
 bounds [0x000002d990370000, 0x000002d9905e0000, 0x000002d9977e0000]
CodeHeap 'profiled nmethods': size=119104Kb used=6343Kb max_used=6343Kb free=112760Kb
 bounds [0x000002d9887e0000, 0x000002d988e20000, 0x000002d98fc30000]
CodeHeap 'non-nmethods': size=7424Kb used=1362Kb max_used=3098Kb free=6061Kb
 bounds [0x000002d98fc30000, 0x000002d98ff40000, 0x000002d990370000]
CodeCache: size=245760Kb, used=9765Kb, max_used=11501Kb, free=235992Kb
 total_blobs=4299, nmethods=3766, adapters=438, full_count=0
Compilation: enabled, stopped_count=0, restarted_count=0

Compilation events (20 events):
Event: 152.451 Thread 0x000002d99f723740 3788       3       org.graalvm.visualvm.lib.jfluid.global.ProfilingSessionStatus::endTrans (8 bytes)
Event: 152.451 Thread 0x000002d99f723740 nmethod 3788 0x000002d988e0c888 code [0x000002d988e0c9a0, 0x000002d988e0cb00]
Event: 152.451 Thread 0x000002d99f723740 3789       1       java.util.stream.Collectors$CollectorImpl::supplier (5 bytes)
Event: 152.451 Thread 0x000002d99f723740 nmethod 3789 0x000002d99056f588 code [0x000002d99056f680, 0x000002d99056f748]
Event: 152.451 Thread 0x000002d99f723740 3795       3       java.lang.String::join (281 bytes)
Event: 152.453 Thread 0x000002d99f723740 nmethod 3795 0x000002d988e0cb88 code [0x000002d988e0ce80, 0x000002d988e0f130]
Event: 152.453 Thread 0x000002d99f723740 3793       3       java.util.StringJoiner::toString (53 bytes)
Event: 152.453 Thread 0x000002d99f723740 nmethod 3793 0x000002d988e0f188 code [0x000002d988e0f2c0, 0x000002d988e0f4d0]
Event: 152.453 Thread 0x000002d99f723740 3794       3       java.lang.System$1::join (11 bytes)
Event: 152.455 Thread 0x000002d99f723740 nmethod 3794 0x000002d988e0f508 code [0x000002d988e0f800, 0x000002d988e11b40]
Event: 152.455 Thread 0x000002d99f723740 3790       1       java.util.stream.Collectors$CollectorImpl::accumulator (5 bytes)
Event: 152.455 Thread 0x000002d99f723740 nmethod 3790 0x000002d99056f888 code [0x000002d99056f980, 0x000002d99056fa48]
Event: 152.455 Thread 0x000002d99f723740 3791       1       java.util.stream.Collectors$CollectorImpl::combiner (5 bytes)
Event: 152.455 Thread 0x000002d99f723740 nmethod 3791 0x000002d99056fb88 code [0x000002d99056fc80, 0x000002d99056fd48]
Event: 152.455 Thread 0x000002d99f723740 3792       1       java.util.stream.ReduceOps$Box::get (5 bytes)
Event: 152.455 Thread 0x000002d99f723740 nmethod 3792 0x000002d99056fe88 code [0x000002d99056ff80, 0x000002d990570048]
Event: 152.459 Thread 0x000002d99f723740 3797       2       jdk.internal.util.StrongReferenceKey::hashCode (8 bytes)
Event: 152.459 Thread 0x000002d99f723740 nmethod 3797 0x000002d988e11b88 code [0x000002d988e11ca0, 0x000002d988e11dd0]
Event: 152.460 Thread 0x000002d9fc9cec30 nmethod 3783 0x000002d990570188 code [0x000002d9905703a0, 0x000002d990571aa0]
Event: 152.461 Thread 0x000002d9fc9cec30 3796       4       java.lang.invoke.MethodType::hashCode (53 bytes)

GC Heap History (4 events):
Event: 21.801 GC heap before
{Heap before GC invocations=0 (full 0):
 garbage-first heap   total reserved 8294400K, committed 524288K, used 46196K [0x0000000605c00000, 0x0000000800000000)
  region size 4096K, 12 young (49152K), 0 survivors (0K)
 Metaspace       used 10110K, committed 10496K, reserved 1114112K
  class space    used 933K, committed 1088K, reserved 1048576K
}
Event: 21.818 GC heap after
{Heap after GC invocations=1 (full 0):
 garbage-first heap   total reserved 8294400K, committed 524288K, used 6436K [0x0000000605c00000, 0x0000000800000000)
  region size 4096K, 2 young (8192K), 2 survivors (8192K)
 Metaspace       used 10110K, committed 10496K, reserved 1114112K
  class space    used 933K, committed 1088K, reserved 1048576K
}
Event: 131.129 GC heap before
{Heap before GC invocations=1 (full 0):
 garbage-first heap   total reserved 8294400K, committed 524288K, used 215332K [0x0000000605c00000, 0x0000000800000000)
  region size 4096K, 54 young (221184K), 2 survivors (8192K)
 Metaspace       used 10835K, committed 11200K, reserved 1114112K
  class space    used 966K, committed 1152K, reserved 1048576K
}
Event: 131.143 GC heap after
{Heap after GC invocations=2 (full 0):
 garbage-first heap   total reserved 8294400K, committed 524288K, used 9484K [0x0000000605c00000, 0x0000000800000000)
  region size 4096K, 3 young (12288K), 3 survivors (12288K)
 Metaspace       used 10835K, committed 11200K, reserved 1114112K
  class space    used 966K, committed 1152K, reserved 1048576K
}

Dll operation events (14 events):
Event: 0.005 Loaded shared library C:\Program Files\Java\jdk-24\bin\java.dll
Event: 0.021 Loaded shared library C:\Program Files\Java\jdk-24\bin\jsvml.dll
Event: 0.046 Loaded shared library C:\Program Files\Java\jdk-24\bin\zip.dll
Event: 0.047 Loaded shared library C:\Program Files\Java\jdk-24\bin\instrument.dll
Event: 0.050 Loaded shared library C:\Program Files\Java\jdk-24\bin\net.dll
Event: 0.051 Loaded shared library C:\Program Files\Java\jdk-24\bin\nio.dll
Event: 0.053 Loaded shared library C:\Program Files\Java\jdk-24\bin\zip.dll
Event: 0.174 Loaded shared library C:\Program Files\Java\jdk-24\bin\extnet.dll
Event: 0.186 Loaded shared library C:\Program Files\Java\jdk-24\bin\jimage.dll
Event: 0.218 Loaded shared library C:\Program Files\Java\jdk-24\bin\management.dll
Event: 0.219 Loaded shared library C:\Program Files\Java\jdk-24\bin\management_ext.dll
Event: 10.359 Loaded shared library C:\Program Files\Java\jdk-24\bin\verify.dll
Event: 21.325 Loaded shared library C:\Program Files\Java\jdk-24\bin\instrument.dll
Event: 21.348 Loaded shared library D:\visualvm_22\visualvm_22\visualvm\lib\deployed\jdk16\windows-amd64\profilerinterface.dll

Deoptimization events (20 events):
Event: 101.943 Thread 0x000002d9e569bc30 DEOPT PACKING pc=0x000002d988d2d1af sp=0x000000e2aaafeca0
Event: 101.943 Thread 0x000002d9e569bc30 DEOPT UNPACKING pc=0x000002d98fc85722 sp=0x000000e2aaafe170 mode 0
Event: 110.053 Thread 0x000002d9e676ec00 DEOPT PACKING pc=0x000002d988ca68ea sp=0x000000e2aa6fe4e0
Event: 110.053 Thread 0x000002d9e676ec00 DEOPT UNPACKING pc=0x000002d98fc85722 sp=0x000000e2aa6fd988 mode 0
Event: 122.078 Thread 0x000002d9e569bc30 DEOPT PACKING pc=0x000002d988d0c0c1 sp=0x000000e2aaafe9d0
Event: 122.078 Thread 0x000002d9e569bc30 DEOPT UNPACKING pc=0x000002d98fc85722 sp=0x000000e2aaafde88 mode 0
Event: 131.147 Thread 0x000002d99f7ce250 DEOPT PACKING pc=0x000002d988c81b64 sp=0x000000e2aa5ff5a0
Event: 131.147 Thread 0x000002d99f7ce250 DEOPT UNPACKING pc=0x000002d98fc85722 sp=0x000000e2aa5fea58 mode 0
Event: 152.453 Thread 0x000002d9f9a7dac0 Uncommon trap: trap_request=0xffffff4d fr.pc=0x000002d99045d7c4 relative=0x00000000000000c4
Event: 152.453 Thread 0x000002d9f9a7dac0 Uncommon trap: reason=unstable_if action=reinterpret pc=0x000002d99045d7c4 method=java.util.concurrent.locks.ReentrantLock$NonfairSync.initialTryLock()Z @ 10 c2
Event: 152.453 Thread 0x000002d9f9a7dac0 DEOPT PACKING pc=0x000002d99045d7c4 sp=0x000000e2a95ff060
Event: 152.453 Thread 0x000002d9f9a7dac0 DEOPT UNPACKING pc=0x000002d98fd47a82 sp=0x000000e2a95fefe8 mode 2
Event: 152.455 Thread 0x000002d9f9a7dac0 Uncommon trap: trap_request=0xffffff4d fr.pc=0x000002d99045d494 relative=0x0000000000000094
Event: 152.455 Thread 0x000002d9f9a7dac0 Uncommon trap: reason=unstable_if action=reinterpret pc=0x000002d99045d494 method=java.util.concurrent.locks.ReentrantLock$Sync.tryRelease(I)Z @ 26 c2
Event: 152.455 Thread 0x000002d9f9a7dac0 DEOPT PACKING pc=0x000002d99045d494 sp=0x000000e2a95ff060
Event: 152.455 Thread 0x000002d9f9a7dac0 DEOPT UNPACKING pc=0x000002d98fd47a82 sp=0x000000e2a95fefe0 mode 2
Event: 152.461 Thread 0x000002d9e69bd310 Uncommon trap: trap_request=0xffffff4d fr.pc=0x000002d990549ed0 relative=0x0000000000000810
Event: 152.461 Thread 0x000002d9e69bd310 Uncommon trap: reason=unstable_if action=reinterpret pc=0x000002d990549ed0 method=org.graalvm.visualvm.lib.jfluid.server.ProfilerRuntimeMemory.isInternalClass(Ljava/lang/Class;)Z @ 22 c2
Event: 152.461 Thread 0x000002d9e69bd310 DEOPT PACKING pc=0x000002d990549ed0 sp=0x000000e2a95ff170
Event: 152.461 Thread 0x000002d9e69bd310 DEOPT UNPACKING pc=0x000002d98fd47a82 sp=0x000000e2a95ff090 mode 2

Classes loaded (20 events):
Event: 91.760 Loading class org/graalvm/visualvm/lib/jfluid/server/ProfilerRuntimeObjLiveness$WeakRefSet
Event: 91.760 Loading class org/graalvm/visualvm/lib/jfluid/server/ProfilerRuntimeObjLiveness$WeakRefSet done
Event: 91.760 Loading class org/graalvm/visualvm/lib/jfluid/server/ProfilerRuntimeObjLiveness$ReferenceManagerThread
Event: 91.760 Loading class org/graalvm/visualvm/lib/jfluid/server/ProfilerRuntimeObjLiveness$ReferenceManagerThread done
Event: 91.761 Loading class org/graalvm/visualvm/lib/jfluid/wireprotocol/GetClassIdCommand
Event: 91.761 Loading class org/graalvm/visualvm/lib/jfluid/wireprotocol/GetClassIdCommand done
Event: 91.762 Loading class org/graalvm/visualvm/lib/jfluid/wireprotocol/GetClassIdResponse
Event: 91.762 Loading class org/graalvm/visualvm/lib/jfluid/wireprotocol/GetClassIdResponse done
Event: 101.225 Loading class org/graalvm/visualvm/lib/jfluid/server/ProfilerRuntimeObjLiveness$ProfilerRuntimeObjLivenessWeakRef
Event: 101.227 Loading class org/graalvm/visualvm/lib/jfluid/server/ProfilerRuntimeObjLiveness$ProfilerRuntimeObjLivenessWeakRef done
Event: 101.253 Loading class org/graalvm/visualvm/lib/jfluid/wireprotocol/GetMethodNamesForJMethodIdsCommand
Event: 101.253 Loading class org/graalvm/visualvm/lib/jfluid/wireprotocol/GetMethodNamesForJMethodIdsCommand done
Event: 101.255 Loading class org/graalvm/visualvm/lib/jfluid/wireprotocol/MethodNamesResponse
Event: 101.255 Loading class org/graalvm/visualvm/lib/jfluid/wireprotocol/MethodNamesResponse done
Event: 101.266 Loading class org/graalvm/visualvm/lib/jfluid/wireprotocol/ObjectAllocationResultsResponse
Event: 101.266 Loading class org/graalvm/visualvm/lib/jfluid/wireprotocol/ObjectAllocationResultsResponse done
Event: 152.441 Loading class org/openjdk/jmh/results/BenchmarkResultMetaData
Event: 152.441 Loading class org/openjdk/jmh/results/BenchmarkResultMetaData done
Event: 152.446 Loading class org/openjdk/jmh/runner/link/ResultMetadataFrame
Event: 152.446 Loading class org/openjdk/jmh/runner/link/ResultMetadataFrame done

Classes unloaded (0 events):
No events

Classes redefined (20 events):
Event: 40.985 Thread 0x000002d9fc9b62e0 redefined class name=org.graalvm.visualvm.lib.jfluid.server.ProfilerInterface$InitiateProfilingThread, count=33
Event: 41.000 Thread 0x000002d9fc9b62e0 redefined class name=org.openjdk.jmh.util.SingletonStatistics, count=1
Event: 41.000 Thread 0x000002d9fc9b62e0 redefined class name=org.graalvm.visualvm.lib.jfluid.server.ProfilerInterface$InitiateProfilingThread, count=34
Event: 41.017 Thread 0x000002d9fc9b62e0 redefined class name=org.openjdk.jmh.util.AbstractStatistics, count=1
Event: 41.017 Thread 0x000002d9fc9b62e0 redefined class name=org.graalvm.visualvm.lib.jfluid.server.ProfilerInterface$InitiateProfilingThread, count=35
Event: 88.218 Thread 0x000002d9fc9b62e0 redefined class name=org.openjdk.jmh.infra.IterationParams, count=6
Event: 88.218 Thread 0x000002d9fc9b62e0 redefined class name=org.example.jmh_generated.SpeedTest_jmhType_B2, count=6
Event: 88.218 Thread 0x000002d9fc9b62e0 redefined class name=org.openjdk.jmh.results.Result, count=3
Event: 88.218 Thread 0x000002d9fc9b62e0 redefined class name=org.example.SpeedTest, count=3
Event: 88.218 Thread 0x000002d9fc9b62e0 redefined class name=org.openjdk.jmh.runner.InfraControlL2, count=4
Event: 88.218 Thread 0x000002d9fc9b62e0 redefined class name=org.openjdk.jmh.results.RawResults, count=3
Event: 88.218 Thread 0x000002d9fc9b62e0 redefined class name=org.openjdk.jmh.results.BenchmarkTaskResult, count=3
Event: 88.218 Thread 0x000002d9fc9b62e0 redefined class name=org.openjdk.jmh.infra.Blackhole, count=8
Event: 88.218 Thread 0x000002d9fc9b62e0 redefined class name=org.openjdk.jmh.runner.options.TimeValue, count=3
Event: 88.218 Thread 0x000002d9fc9b62e0 redefined class name=org.example.jmh_generated.SpeedTest_search_jmhTest, count=3
Event: 88.218 Thread 0x000002d9fc9b62e0 redefined class name=org.openjdk.jmh.util.Deduplicator, count=3
Event: 88.218 Thread 0x000002d9fc9b62e0 redefined class name=org.openjdk.jmh.infra.BenchmarkParams, count=6
Event: 88.218 Thread 0x000002d9fc9b62e0 redefined class name=org.openjdk.jmh.runner.InfraControl, count=10
Event: 88.218 Thread 0x000002d9fc9b62e0 redefined class name=org.example.BinaryTree, count=3
Event: 91.751 Thread 0x000002d9fc9b62e0 redefined class name=java.lang.Object, count=1

Internal exceptions (20 events):
Event: 6.663 Thread 0x000002d9e66c09c0 Exception <a 'java/lang/NoSuchMethodError'{0x0000000623000c00}: static [Ljava/lang/String;.<clinit>()V> (0x0000000623000c00) 
thrown [s\open\src\hotspot\share\prims\jni.cpp, line 1108]
Event: 6.667 Thread 0x000002d9e66c09c0 Exception <a 'java/lang/NoSuchMethodError'{0x0000000623014098}: static [Ljavax/management/MBeanConstructorInfo;.<clinit>()V> (0x0000000623014098) 
thrown [s\open\src\hotspot\share\prims\jni.cpp, line 1108]
Event: 6.667 Thread 0x000002d9e66c09c0 Exception <a 'java/lang/NoSuchMethodError'{0x0000000623014bd8}: static [Ljavax/management/MBeanNotificationInfo;.<clinit>()V> (0x0000000623014bd8) 
thrown [s\open\src\hotspot\share\prims\jni.cpp, line 1108]
Event: 6.667 Thread 0x000002d9e66c09c0 Exception <a 'java/lang/NoSuchMethodError'{0x0000000623015708}: static [Ljavax/management/MBeanOperationInfo;.<clinit>()V> (0x0000000623015708) 
thrown [s\open\src\hotspot\share\prims\jni.cpp, line 1108]
Event: 6.669 Thread 0x000002d9e66c09c0 Exception <a 'java/lang/NoSuchMethodError'{0x0000000623017bf0}: 'java.lang.Object java.lang.invoke.DirectMethodHandle$Holder.invokeInterface(java.lang.Object, java.lang.Object, java.lang.Object, java.lang.Object, java.lang.Object)'> (0x0000000623017bf0) 
thrown [s\open\src\hotspot\share\interpreter\linkResolver.cpp, line 805]
Event: 6.687 Thread 0x000002d9e66c09c0 Exception <a 'java/lang/NoSuchMethodError'{0x0000000623072d20}: 'int java.lang.invoke.DirectMethodHandle$Holder.invokeInterface(java.lang.Object, java.lang.Object, java.lang.Object, java.lang.Object)'> (0x0000000623072d20) 
thrown [s\open\src\hotspot\share\interpreter\linkResolver.cpp, line 805]
Event: 6.688 Thread 0x000002d9e66c09c0 Exception <a 'java/lang/NoSuchMethodError'{0x000000062307b310}: 'int java.lang.invoke.DirectMethodHandle$Holder.invokeSpecial(java.lang.Object, java.lang.Object, java.lang.Object, java.lang.Object, java.lang.Object)'> (0x000000062307b310) 
thrown [s\open\src\hotspot\share\interpreter\linkResolver.cpp, line 805]
Event: 6.688 Thread 0x000002d9e66c09c0 Exception <a 'java/lang/NoSuchMethodError'{0x00000006230834e0}: 'int java.lang.invoke.DelegatingMethodHandle$Holder.reinvoke_L(java.lang.Object, java.lang.Object, java.lang.Object, java.lang.Object)'> (0x00000006230834e0) 
thrown [s\open\src\hotspot\share\interpreter\linkResolver.cpp, line 805]
Event: 6.692 Thread 0x000002d9e66c09c0 Exception <a 'java/lang/NoSuchMethodError'{0x00000006230b0568}: 'long java.lang.invoke.DirectMethodHandle$Holder.invokeInterface(java.lang.Object, java.lang.Object)'> (0x00000006230b0568) 
thrown [s\open\src\hotspot\share\interpreter\linkResolver.cpp, line 805]
Event: 6.693 Thread 0x000002d9e66c09c0 Exception <a 'java/lang/NoSuchMethodError'{0x00000006230b8a68}: 'java.lang.Object java.lang.invoke.DirectMethodHandle$Holder.invokeStatic(java.lang.Object, long)'> (0x00000006230b8a68) 
thrown [s\open\src\hotspot\share\interpreter\linkResolver.cpp, line 805]
Event: 6.693 Thread 0x000002d9e66c09c0 Exception <a 'java/lang/NoSuchMethodError'{0x00000006230c0ac8}: 'long java.lang.invoke.DelegatingMethodHandle$Holder.reinvoke_L(java.lang.Object, java.lang.Object)'> (0x00000006230c0ac8) 
thrown [s\open\src\hotspot\share\interpreter\linkResolver.cpp, line 805]
Event: 6.701 Thread 0x000002d9e66c09c0 Exception <a 'java/lang/NoSuchMethodError'{0x00000006230e9e98}: 'void java.lang.invoke.DirectMethodHandle$Holder.invokeStaticInit(java.lang.Object, java.lang.Object, java.lang.Object)'> (0x00000006230e9e98) 
thrown [s\open\src\hotspot\share\interpreter\linkResolver.cpp, line 805]
Event: 6.703 Thread 0x000002d9e66c09c0 Exception <a 'java/lang/NoSuchMethodError'{0x00000006230fe490}: 'int java.lang.invoke.DirectMethodHandle$Holder.invokeStaticInit(java.lang.Object, java.lang.Object)'> (0x00000006230fe490) 
thrown [s\open\src\hotspot\share\interpreter\linkResolver.cpp, line 805]
Event: 7.725 Thread 0x000002d9e66c09c0 Exception <a 'java/lang/NoSuchMethodError'{0x0000000623147650}: static [J.<clinit>()V> (0x0000000623147650) 
thrown [s\open\src\hotspot\share\prims\jni.cpp, line 1108]
Event: 7.727 Thread 0x000002d9e66c09c0 Exception <a 'java/lang/NoSuchMethodError'{0x000000062314c418}: 'java.lang.Object java.lang.invoke.DirectMethodHandle$Holder.invokeInterface(java.lang.Object, java.lang.Object, java.lang.Object, int)'> (0x000000062314c418) 
thrown [s\open\src\hotspot\share\interpreter\linkResolver.cpp, line 805]
Event: 7.744 Thread 0x000002d9e66c09c0 Exception <a 'java/lang/NoSuchMethodError'{0x00000006231799b0}: 'int java.lang.invoke.DirectMethodHandle$Holder.invokeVirtual(java.lang.Object, java.lang.Object)'> (0x00000006231799b0) 
thrown [s\open\src\hotspot\share\interpreter\linkResolver.cpp, line 805]
Event: 7.761 Thread 0x000002d9e66c09c0 Exception <a 'java/lang/NoSuchMethodError'{0x000000062319b378}: static [Ljavax/management/openmbean/CompositeData;.<clinit>()V> (0x000000062319b378) 
thrown [s\open\src\hotspot\share\prims\jni.cpp, line 1108]
Event: 21.511 Thread 0x000002d9e67701f0 Exception <a 'java/lang/IncompatibleClassChangeError'{0x0000000622fe6a20}: Found class java.lang.Object, but interface was expected> (0x0000000622fe6a20) 
thrown [s\open\src\hotspot\share\interpreter\linkResolver.cpp, line 872]
Event: 21.573 Thread 0x000002d9e676cec0 Exception <a 'java/lang/VerifyError'{0x000000062280b310}: Stack map does not match the one at exception handler 21
Exception Details:
  Location:
    org/graalvm/visualvm/lib/jfluid/ConstructorTest.<init>()V @21: astore_1
  Reason:
    Current frame's flags are not assignable to stack map frame's.
  Current Frame:
    bci: @0
    flags: { flagThisUninit }
    locals: { uninitializedThis }
    stack: { 'java/lang/Throwable' }
  Stackmap Frame:
    bci: @21
    flags: { }
    locals: { top }
    stack: { 'ja
Event: 21.796 Thread 0x000002d9e676cec0 Exception <a 'java/lang/NoSuchMethodError'{0x0000000622827fc0}: 'java.lang.Object java.lang.invoke.DelegatingMethodHandle$Holder.reinvoke_L(java.lang.Object, int, long, java.lang.Object, java.lang.Object, int, java.lang.Object)'> (0x0000000622827fc0) 
thrown [s\open\src\hotspot\share\interpreter\linkResolver.cpp, line 805]

VM Operations (20 events):
Event: 144.163 Executing VM operation: ThreadDump
Event: 144.163 Executing VM operation: ThreadDump done
Event: 145.164 Executing VM operation: ThreadDump
Event: 145.164 Executing VM operation: ThreadDump done
Event: 146.164 Executing VM operation: ThreadDump
Event: 146.164 Executing VM operation: ThreadDump done
Event: 147.166 Executing VM operation: ThreadDump
Event: 147.166 Executing VM operation: ThreadDump done
Event: 148.166 Executing VM operation: ThreadDump
Event: 148.167 Executing VM operation: ThreadDump done
Event: 148.168 Executing VM operation: FindDeadlocks
Event: 148.168 Executing VM operation: FindDeadlocks done
Event: 149.170 Executing VM operation: ThreadDump
Event: 149.170 Executing VM operation: ThreadDump done
Event: 150.169 Executing VM operation: ThreadDump
Event: 150.170 Executing VM operation: ThreadDump done
Event: 151.169 Executing VM operation: ThreadDump
Event: 151.169 Executing VM operation: ThreadDump done
Event: 152.172 Executing VM operation: ThreadDump
Event: 152.173 Executing VM operation: ThreadDump done

Memory protections (0 events):
No events

Nmethod flushes (0 events):
No events

Events (20 events):
Event: 93.018 Thread 0x000002d9e6dee850 Thread exited: 0x000002d9e6dee850
Event: 93.059 Thread 0x000002d99f723740 Thread added: 0x000002d9e8ba0170
Event: 93.061 Thread 0x000002d99f723740 Thread added: 0x000002d9e8ba0900
Event: 94.019 Thread 0x000002d9e8ba0170 Thread exited: 0x000002d9e8ba0170
Event: 94.019 Thread 0x000002d9e6df0b90 Thread exited: 0x000002d9e6df0b90
Event: 95.018 Thread 0x000002d9e8ba0900 Thread exited: 0x000002d9e8ba0900
Event: 101.207 Thread 0x000002d9fc9cec30 Thread added: 0x000002d9e6e21820
Event: 101.207 Thread 0x000002d9fc9cec30 Thread added: 0x000002d9e6e21fb0
Event: 103.118 Thread 0x000002d9e6e21fb0 Thread exited: 0x000002d9e6e21fb0
Event: 104.117 Thread 0x000002d9e6e21820 Thread exited: 0x000002d9e6e21820
Event: 121.088 Thread 0x000002d9fc9cec30 Thread added: 0x000002d99f962380
Event: 122.036 Thread 0x000002d99f962380 Thread exited: 0x000002d99f962380
Event: 131.149 Thread 0x000002d9fc9cec30 Thread added: 0x000002d99f962380
Event: 131.150 Thread 0x000002d9fc9cec30 Thread added: 0x000002d9e67cb7d0
Event: 132.221 Thread 0x000002d9e67cb7d0 Thread exited: 0x000002d9e67cb7d0
Event: 132.224 Thread 0x000002d99f962380 Thread exited: 0x000002d99f962380
Event: 152.459 Thread 0x000002d9e569bc30 Thread exited: 0x000002d9e569bc30
Event: 152.460 Thread 0x000002d9f9a7dac0 Thread added: 0x000002d9e69be1b0
Event: 152.460 Thread 0x000002d9f9a7dac0 Thread exited: 0x000002d9f9a7dac0
Event: 152.461 Thread 0x000002d9e69bd310 Thread added: 0x000002d9e69bd310


Dynamic libraries:
0x00007ff62c510000 - 0x00007ff62c520000 	C:\Program Files\Java\jdk-24\bin\java.exe
0x00007ffc2bea0000 - 0x00007ffc2c108000 	C:\WINDOWS\SYSTEM32\ntdll.dll
0x00007ffc2b2e0000 - 0x00007ffc2b3a9000 	C:\WINDOWS\System32\KERNEL32.DLL
0x00007ffc29610000 - 0x00007ffc29a08000 	C:\WINDOWS\System32\KERNELBASE.dll
0x00007ffc29120000 - 0x00007ffc2926b000 	C:\WINDOWS\System32\ucrtbase.dll
0x00007ffc02a90000 - 0x00007ffc02aa6000 	C:\Program Files\Java\jdk-24\bin\jli.dll
0x00007ffbfc5e0000 - 0x00007ffbfc5fb000 	C:\Program Files\Java\jdk-24\bin\VCRUNTIME140.dll
0x00007ffc29e30000 - 0x00007ffc29ff7000 	C:\WINDOWS\System32\USER32.dll
0x00007ffc107f0000 - 0x00007ffc10a84000 	C:\WINDOWS\WinSxS\amd64_microsoft.windows.common-controls_6595b64144ccf1df_6.0.26100.7019_none_3e06ffa0e335b8a8\COMCTL32.dll
0x00007ffc29320000 - 0x00007ffc29347000 	C:\WINDOWS\System32\win32u.dll
0x00007ffc2a100000 - 0x00007ffc2a1a9000 	C:\WINDOWS\System32\msvcrt.dll
0x00007ffc2aeb0000 - 0x00007ffc2aedb000 	C:\WINDOWS\System32\GDI32.dll
0x00007ffc28ff0000 - 0x00007ffc2911c000 	C:\WINDOWS\System32\gdi32full.dll
0x00007ffc29560000 - 0x00007ffc29603000 	C:\WINDOWS\System32\msvcp_win.dll
0x00007ffc2b780000 - 0x00007ffc2b7b1000 	C:\WINDOWS\System32\IMM32.DLL
0x00007ffc25080000 - 0x00007ffc2508c000 	C:\Program Files\Java\jdk-24\bin\vcruntime140_1.dll
0x00007ffbf8c10000 - 0x00007ffbf8c9e000 	C:\Program Files\Java\jdk-24\bin\msvcp140.dll
0x00007ffbc6430000 - 0x00007ffbc71d2000 	C:\Program Files\Java\jdk-24\bin\server\jvm.dll
0x00007ffc2adf0000 - 0x00007ffc2aea4000 	C:\WINDOWS\System32\ADVAPI32.dll
0x00007ffc2b7c0000 - 0x00007ffc2b866000 	C:\WINDOWS\System32\sechost.dll
0x00007ffc2b660000 - 0x00007ffc2b778000 	C:\WINDOWS\System32\RPCRT4.dll
0x00007ffc2bd00000 - 0x00007ffc2bd74000 	C:\WINDOWS\System32\WS2_32.dll
0x00007ffc27bd0000 - 0x00007ffc27c2e000 	C:\WINDOWS\SYSTEM32\POWRPROF.dll
0x00007ffc1bcc0000 - 0x00007ffc1bcf5000 	C:\WINDOWS\SYSTEM32\WINMM.dll
0x00007ffc1ed40000 - 0x00007ffc1ed4b000 	C:\WINDOWS\SYSTEM32\VERSION.dll
0x00007ffc27bb0000 - 0x00007ffc27bc4000 	C:\WINDOWS\SYSTEM32\UMPDC.dll
0x00007ffc27df0000 - 0x00007ffc27e0b000 	C:\WINDOWS\SYSTEM32\kernel.appcore.dll
0x00007ffc02480000 - 0x00007ffc0248a000 	C:\Program Files\Java\jdk-24\bin\jimage.dll
0x00007ffc26920000 - 0x00007ffc26b62000 	C:\WINDOWS\SYSTEM32\DBGHELP.DLL
0x00007ffc2aee0000 - 0x00007ffc2b26b000 	C:\WINDOWS\System32\combase.dll
0x00007ffc29c40000 - 0x00007ffc29d17000 	C:\WINDOWS\System32\OLEAUT32.dll
0x00007ffbff5e0000 - 0x00007ffbff61c000 	C:\WINDOWS\SYSTEM32\dbgcore.DLL
0x00007ffc29270000 - 0x00007ffc29315000 	C:\WINDOWS\System32\bcryptPrimitives.dll
0x00007ffc02ae0000 - 0x00007ffc02aef000 	C:\Program Files\Java\jdk-24\bin\instrument.dll
0x00007ffbfb090000 - 0x00007ffbfb0ae000 	C:\Program Files\Java\jdk-24\bin\java.dll
0x00007ffc2b3b0000 - 0x00007ffc2b547000 	C:\WINDOWS\System32\ole32.dll
0x00007ffc2a1b0000 - 0x00007ffc2a901000 	C:\WINDOWS\System32\SHELL32.dll
0x00007ffc29a10000 - 0x00007ffc29b7b000 	C:\WINDOWS\System32\wintypes.dll
0x00007ffc26bd0000 - 0x00007ffc2742d000 	C:\WINDOWS\SYSTEM32\windows.storage.dll
0x00007ffc29d20000 - 0x00007ffc29e12000 	C:\WINDOWS\System32\SHCORE.dll
0x00007ffc2b270000 - 0x00007ffc2b2d7000 	C:\WINDOWS\System32\shlwapi.dll
0x00007ffc28f10000 - 0x00007ffc28f39000 	C:\WINDOWS\SYSTEM32\profapi.dll
0x00007ffbf8b30000 - 0x00007ffbf8c07000 	C:\Program Files\Java\jdk-24\bin\jsvml.dll
0x00007ffbfa900000 - 0x00007ffbfa917000 	C:\Program Files\Java\jdk-24\bin\zip.dll
0x00007ffbfc8d0000 - 0x00007ffbfc8e0000 	C:\Program Files\Java\jdk-24\bin\net.dll
0x00007ffc283e0000 - 0x00007ffc2844b000 	C:\WINDOWS\system32\mswsock.dll
0x00007ffbfb070000 - 0x00007ffbfb086000 	C:\Program Files\Java\jdk-24\bin\nio.dll
0x00007ffbfa6e0000 - 0x00007ffbfa6e9000 	C:\Program Files\Java\jdk-24\bin\extnet.dll
0x00007ffbfa330000 - 0x00007ffbfa33a000 	C:\Program Files\Java\jdk-24\bin\management.dll
0x00007ffbf8da0000 - 0x00007ffbf8dab000 	C:\Program Files\Java\jdk-24\bin\management_ext.dll
0x00007ffc2b580000 - 0x00007ffc2b588000 	C:\WINDOWS\System32\PSAPI.DLL
0x00007ffc005f0000 - 0x00007ffc00608000 	C:\WINDOWS\system32\napinsp.dll
0x00007ffc27980000 - 0x00007ffc27aac000 	C:\WINDOWS\SYSTEM32\DNSAPI.dll
0x00007ffc27940000 - 0x00007ffc27974000 	C:\WINDOWS\SYSTEM32\IPHLPAPI.DLL
0x00007ffc2b590000 - 0x00007ffc2b59a000 	C:\WINDOWS\System32\NSI.dll
0x00007ffc005d0000 - 0x00007ffc005e2000 	C:\WINDOWS\System32\winrnr.dll
0x00007ffbab110000 - 0x00007ffbab132000 	C:\WINDOWS\system32\nlansp_c.dll
0x00007ffc201c0000 - 0x00007ffc201d6000 	C:\WINDOWS\system32\wshbth.dll
0x00007ffc21aa0000 - 0x00007ffc21aab000 	C:\Windows\System32\rasadhlp.dll
0x00007ffc22c90000 - 0x00007ffc22d16000 	C:\WINDOWS\System32\fwpuclnt.dll
0x00007ffc287d0000 - 0x00007ffc287eb000 	C:\WINDOWS\SYSTEM32\CRYPTSP.dll
0x00007ffc27e10000 - 0x00007ffc27e4a000 	C:\WINDOWS\system32\rsaenh.dll
0x00007ffc28490000 - 0x00007ffc284bb000 	C:\WINDOWS\SYSTEM32\USERENV.dll
0x00007ffc28ee0000 - 0x00007ffc28f0a000 	C:\WINDOWS\SYSTEM32\bcrypt.dll
0x00007ffc28630000 - 0x00007ffc2863c000 	C:\WINDOWS\SYSTEM32\CRYPTBASE.dll
0x00007ffc02b00000 - 0x00007ffc02b10000 	C:\Program Files\Java\jdk-24\bin\verify.dll
0x00007ffc02940000 - 0x00007ffc0294f000 	D:\visualvm_22\visualvm_22\visualvm\lib\deployed\jdk16\windows-amd64\profilerinterface.dll

dbghelp: loaded successfully - version: 4.0.5 - missing functions: none
symbol engine: initialized successfully - sym options: 0x614 - pdb path: .;C:\Program Files\Java\jdk-24\bin;C:\WINDOWS\SYSTEM32;C:\WINDOWS\WinSxS\amd64_microsoft.windows.common-controls_6595b64144ccf1df_6.0.26100.7019_none_3e06ffa0e335b8a8;C:\Program Files\Java\jdk-24\bin\server;D:\visualvm_22\visualvm_22\visualvm\lib\deployed\jdk16\windows-amd64

VM Arguments:
jvm_args: -javaagent:D:\IntelliJ IDEA Community Edition 2024.3.5\lib\idea_rt.jar=53168 -Dfile.encoding=UTF-8 -Dsun.stdout.encoding=UTF-8 -Dsun.stderr.encoding=UTF-8 -XX:+UnlockDiagnosticVMOptions -XX:+UnlockExperimentalVMOptions -DcompilerBlackholesEnabled=true -XX:CompileCommandFile=C:\Users\olga\AppData\Local\Temp\jmh5149827962162034381compilecommand 
java_command: org.openjdk.jmh.runner.ForkedMain 127.0.0.1 53170
java_class_path (initial): C:\Users\olga\IdeaProjects\BinarySearchTree\target\classes;C:\Users\olga\.m2\repository\org\openjdk\jmh\jmh-core\1.36\jmh-core-1.36.jar;C:\Users\olga\.m2\repository\net\sf\jopt-simple\jopt-simple\5.0.4\jopt-simple-5.0.4.jar;C:\Users\olga\.m2\repository\org\apache\commons\commons-math3\3.2\commons-math3-3.2.jar;C:\Users\olga\.m2\repository\org\openjdk\jmh\jmh-generator-annprocess\1.36\jmh-generator-annprocess-1.36.jar;C:\Users\olga\.m2\repository\org\apache\maven\plugins\maven-compiler-plugin\3.14.1\maven-compiler-plugin-3.14.1.jar;C:\Users\olga\.m2\repository\org\ow2\asm\asm\9.8\asm-9.8.jar;C:\Users\olga\.m2\repository\org\apache\maven\shared\maven-shared-utils\3.4.2\maven-shared-utils-3.4.2.jar;C:\Users\olga\.m2\repository\org\slf4j\slf4j-api\1.7.36\slf4j-api-1.7.36.jar;C:\Users\olga\.m2\repository\commons-io\commons-io\2.11.0\commons-io-2.11.0.jar;C:\Users\olga\.m2\repository\org\apache\maven\shared\maven-shared-incremental\1.1\maven-shared-incremental-1.1.jar;C:\Users\olga\.m2\repository\org\codehaus\plexus\plexus-java\1.5.0\plexus-java-1.5.0.jar;C:\Users\olga\.m2\repository\com\thoughtworks\qdox\qdox\2.2.0\qdox-2.2.0.jar;C:\Users\olga\.m2\repository\org\codehaus\plexus\plexus-compiler-api\2.15.0\plexus-compiler-api-2.15.0.jar;C:\Users\olga\.m2\repository\org\codehaus\plexus\plexus-compiler-manager\2.15.0\plexus-compiler-manager-2.15.0.jar;C:\Users\olga\.m2\repository\javax\inject\javax.inject\1\javax.inject-1.jar;C:\Users\olga\.m2\repository\org\codehaus\plexus\plexus-xml\3.0.0\plexus-xml-3.0.0.jar;C:\Users\olga\.m2\repository\org\codehaus\plexus\plexus-compiler-javac\2.15.0\plexus-compiler-javac-2.15.0.jar;C:\Users\olga\.m2\repository\org\codehaus\plexus\plexus-utils\4.0.2\plexus-utils-4.0.2.jar
Launcher Type: SUN_STANDARD

[Global flags]
     bool AOTInvokeDynamicLinking                  = false                                  {diagnostic} {ergonomic}
     intx CICompilerCount                          = 12                                        {product} {ergonomic}
    ccstr CompileCommandFile                       = C:\Users\olga\AppData\Local\Temp\jmh5149827962162034381compilecommand            {product} {command line}
     uint ConcGCThreads                            = 4                                         {product} {ergonomic}
     bool FlightRecorder                           = true                                      {product} {management}
     uint G1ConcRefinementThreads                  = 15                                        {product} {ergonomic}
     uint G1EagerReclaimRemSetThreshold            = 32                                   {experimental} {ergonomic}
   size_t G1HeapRegionSize                         = 4194304                                   {product} {ergonomic}
     uint G1RemSetArrayOfCardsEntries              = 32                                   {experimental} {ergonomic}
     uint G1RemSetHowlMaxNumBuckets                = 8                                    {experimental} {ergonomic}
     uint G1RemSetHowlNumBuckets                   = 8                                    {experimental} {ergonomic}
   size_t InitialHeapSize                          = 532676608                                 {product} {ergonomic}
   size_t MarkStackSize                            = 4194304                                   {product} {ergonomic}
   size_t MarkStackSizeMax                         = 536870912                                 {product} {ergonomic}
   size_t MaxHeapSize                              = 8493465600                                {product} {ergonomic}
   size_t MaxNewSize                               = 5096079360                                {product} {ergonomic}
   size_t MinHeapDeltaBytes                        = 4194304                                   {product} {ergonomic}
   size_t MinHeapSize                              = 8388608                                   {product} {ergonomic}
    uintx NonNMethodCodeHeapSize                   = 7602176                                {pd product} {ergonomic}
    uintx NonProfiledCodeHeapSize                  = 122093568                              {pd product} {ergonomic}
    uintx ProfiledCodeHeapSize                     = 121962496                              {pd product} {ergonomic}
    uintx ReservedCodeCacheSize                    = 251658240                              {pd product} {ergonomic}
     bool SegmentedCodeCache                       = true                                      {product} {ergonomic}
   size_t SoftMaxHeapSize                          = 8493465600                             {manageable} {ergonomic}
     bool UnlockDiagnosticVMOptions                = true                                   {diagnostic} {command line}
     bool UnlockExperimentalVMOptions              = true                                 {experimental} {command line}
     bool UseCompressedOops                        = true                           {product lp64_product} {ergonomic}
     bool UseG1GC                                  = true                                      {product} {ergonomic}
     bool UseLargePagesIndividualAllocation        = false                                  {pd product} {ergonomic}

Logging:
Log output configuration:
 #0: stdout all=warning uptime,level,tags foldmultilines=false
 #1: stderr all=off uptime,level,tags foldmultilines=false

Environment Variables:
JAVA_HOME=C:\Program Files\Java\jdk-17
PATH=C:\Program Files\Java\jdk-17\bin;C:\WINDOWS\system32;C:\WINDOWS;C:\WINDOWS\System32\Wbem;C:\WINDOWS\System32\WindowsPowerShell\v1.0\;C:\WINDOWS\System32\OpenSSH\;C:\Program Files\Git\cmd;C:\Program Files\Docker\Docker\resources\bin;C:\Program Files\nodejs\;D:\terraform;C:\Program Files\Oracle\VirtualBox;C:\python;D:\terraform;D:\terraform\terraform_1.12.1_windows_amd64\plugins\terraform-provider-yandex_v0.116.0.exe;C:\Users\olga\AppData\Roaming\terraform;C:\Users\olga\AppData\Local\Programs\Python\Python313;C:\Users\olga\AppData\Local\Programs\Python\Python313\Scripts;C:\Program Files\Kubernetes\Minikube;C:\Users\olga\AppData\Local\Microsoft\WindowsApps;C:\Program Files\Java\jdk-17\bin;C:\Users\olga\AppData\Roaming\npm;C:\Users\olga\AppData\Local\Programs\Microsoft VS Code\bin;C:\Users\olga\yandex-cloud\bin;D:\terraform;D:\terraform\terraform_1.12.1_windows_amd64\plugins\terraform-provider-yandex_v0.116.0.exe;C:\Users\olga\AppData\Roaming\terraform;C:\Users\olga\AppData\Local\Programs\Python\Python313;C:\Users\olga\AppData\Local\Programs\Python\Python313\Scripts;C:\Users\olga\AppData\Local\Microsoft\WinGet\Links;
USERNAME=olga
OS=Windows_NT
PROCESSOR_IDENTIFIER=Intel64 Family 6 Model 183 Stepping 1, GenuineIntel
TMP=C:\Users\olga\AppData\Local\Temp
TEMP=C:\Users\olga\AppData\Local\Temp




Periodic native trim disabled

---------------  S Y S T E M  ---------------

OS:
 Windows 11 , 64 bit Build 26100 (10.0.26100.7019)
OS uptime: 7 days 12:30 hours
Hyper-V role detected

CPU: total 20 (initial active 20) (10 cores per cpu, 2 threads per core) family 6 model 183 stepping 1 microcode 0x12b, cx8, cmov, fxsr, ht, mmx, 3dnowpref, sse, sse2, sse3, ssse3, sse4.1, sse4.2, popcnt, lzcnt, tsc, tscinvbit, avx, avx2, aes, erms, clmul, bmi1, bmi2, adx, sha, fma, vzeroupper, clflush, clflushopt, clwb, hv, serialize, rdtscp, rdpid, fsrm, gfni, f16c, cet_ibt, cet_ss
Processor Information for processor 0
  Max Mhz: 2600, Current Mhz: 2600, Mhz Limit: 2600
Processor Information for processor 1
  Max Mhz: 2600, Current Mhz: 2600, Mhz Limit: 2600
Processor Information for processor 2
  Max Mhz: 2600, Current Mhz: 1496, Mhz Limit: 2600
Processor Information for processor 3
  Max Mhz: 2600, Current Mhz: 1496, Mhz Limit: 2600
Processor Information for processor 4
  Max Mhz: 2600, Current Mhz: 1496, Mhz Limit: 2600
Processor Information for processor 5
  Max Mhz: 2600, Current Mhz: 2600, Mhz Limit: 2600
Processor Information for processor 6
  Max Mhz: 2600, Current Mhz: 2600, Mhz Limit: 2600
Processor Information for processor 7
  Max Mhz: 2600, Current Mhz: 1496, Mhz Limit: 2600
Processor Information for processor 8
  Max Mhz: 2600, Current Mhz: 2600, Mhz Limit: 2600
Processor Information for processor 9
  Max Mhz: 2600, Current Mhz: 2600, Mhz Limit: 2600
Processor Information for processor 10
  Max Mhz: 2600, Current Mhz: 2600, Mhz Limit: 2600
Processor Information for processor 11
  Max Mhz: 2600, Current Mhz: 2600, Mhz Limit: 2600
Processor Information for processor 12
  Max Mhz: 2600, Current Mhz: 1505, Mhz Limit: 2600
Processor Information for processor 13
  Max Mhz: 2600, Current Mhz: 1505, Mhz Limit: 2600
Processor Information for processor 14
  Max Mhz: 2600, Current Mhz: 1505, Mhz Limit: 2600
Processor Information for processor 15
  Max Mhz: 2600, Current Mhz: 1505, Mhz Limit: 2600
Processor Information for processor 16
  Max Mhz: 2600, Current Mhz: 1505, Mhz Limit: 2600
Processor Information for processor 17
  Max Mhz: 2600, Current Mhz: 2600, Mhz Limit: 2600
Processor Information for processor 18
  Max Mhz: 2600, Current Mhz: 2600, Mhz Limit: 2600
Processor Information for processor 19
  Max Mhz: 2600, Current Mhz: 1505, Mhz Limit: 2600

Memory: 4k page, system-wide physical 32387M (21052M free)
TotalPageFile size 34435M (AvailPageFile size 22014M)
current process WorkingSet (physical memory assigned to process): 307M, peak: 339M
current process commit charge ("private bytes"): 666M, peak: 732M

vm_info: Java HotSpot(TM) 64-Bit Server VM (24+36-3646) for windows-amd64 JRE (24+36-3646), built on 2025-02-06T00:20:43Z with MS VC++ 17.6 (VS2022)

END.
