#
# A fatal error has been detected by the Java Runtime Environment:
#
#  EXCEPTION_ACCESS_VIOLATION (0xc0000005) at pc=0x00007fff3558a47c, pid=13460, tid=4416
#
# JRE version: Java(TM) SE Runtime Environment (24.0+36) (build 24+36-3646)
# Java VM: Java HotSpot(TM) 64-Bit Server VM (24+36-3646, mixed mode, sharing, tiered, compressed oops, compressed class ptrs, g1 gc, windows-amd64)
# Problematic frame:
# V  [jvm.dll+0x42a47c]
#
# No core dump will be written. Minidumps are not enabled by default on client versions of Windows
#
# If you would like to submit a bug report, please visit:
#   https://bugreport.java.com/bugreport/crash.jsp
#

---------------  S U M M A R Y ------------

Command Line: -javaagent:D:\IntelliJ IDEA Community Edition 2024.3.5\lib\idea_rt.jar=60643 -Dfile.encoding=UTF-8 -Dsun.stdout.encoding=UTF-8 -Dsun.stderr.encoding=UTF-8 -XX:+UnlockDiagnosticVMOptions -XX:+UnlockExperimentalVMOptions -DcompilerBlackholesEnabled=true -XX:CompileCommandFile=C:\Users\olga\AppData\Local\Temp\jmh8163838156386033155compilecommand org.openjdk.jmh.runner.ForkedMain 127.0.0.1 60645

Host: 13th Gen Intel(R) Core(TM) i7-13650HX, 20 cores, 31G,  Windows 11 , 64 bit Build 26100 (10.0.26100.7019)
Time: Sat Nov 15 18:04:59 2025 RTZ 2 (s 11 , 64 bit Build 26100 (10.0.26100.7019) elapsed time: 152.576655 seconds (0d 0h 2m 32s)

---------------  T H R E A D  ---------------

Current thread (0x000001f6cbd0f4b0):  JavaThread "<no-name - thread is attaching>"        [_thread_in_vm, id=4416, stack(0x0000001036a00000,0x0000001036b00000) (1024K)]

Stack: [0x0000001036a00000,0x0000001036b00000],  sp=0x0000001036aff340,  free space=1020k
Native frames: (J=compiled Java code, j=interpreted, Vv=VM code, C=native code)
V  [jvm.dll+0x42a47c]  (no source info available)
V  [jvm.dll+0x4c941b]  (no source info available)
C  0x000001f6ecd9ba79  (no source info available)

The last pc belongs to native nmethod (printed below).
Java frames: (J=compiled Java code, j=interpreted, Vv=VM code)
J 3473  java.lang.Object.wait0(J)V java.base@24 (0 bytes) @ 0x000001f6ecd9baee [0x000001f6ecd9ba00+0x00000000000000ee]
J 3593 c1 java.lang.Object.wait(J)V java.base@24 (59 bytes) @ 0x000001f6e56a77e4 [0x000001f6e56a7500+0x00000000000002e4]
J 3455 c1 org.graalvm.visualvm.lib.jfluid.server.ProfilerServer.getLastResponse()Lorg/graalvm/visualvm/lib/jfluid/wireprotocol/Response; (68 bytes) @ 0x000001f6e564ccf4 [0x000001f6e564c980+0x0000000000000374]
j  org.graalvm.visualvm.lib.jfluid.server.ProfilerInterface.firstTimeVMObjectAlloc(Ljava/lang/String;I)I+33
J 3560 c2 java.lang.Object.<init>()V java.base@24 (9 bytes) @ 0x000001f6ece0e3c0 [0x000001f6ece0d2a0+0x0000000000001120]
j  java.lang.Thread.<init>(Ljava/lang/ThreadGroup;Ljava/lang/String;ILjava/lang/Runnable;J)V+1 java.base@24
j  java.lang.Thread.<init>(Ljava/lang/ThreadGroup;Ljava/lang/String;)V+9 java.base@24
v  ~StubRoutines::call_stub 0x000001f6ec510fcd

siginfo: EXCEPTION_ACCESS_VIOLATION (0xc0000005), writing address 0x0000000000000018


Registers:
RAX=0x0000000000000000, RBX=0x0000000000000191, RCX=0x0000000000000018, RDX=0x0000000000000044
RSP=0x0000001036aff340, RBP=0x0000001036aff420, RSI=0x000001f6cbd0f4b0, RDI=0x0000000000000191
R8 =0x0000000000000000, R9 =0x00000000c44f74d5, R10=0x000001f6ecd9baee, R11=0x000001f6e564c980
R12=0x0000000000000000, R13=0x0000000000000000, R14=0x0000001036aff501, R15=0x0000000000000000
RIP=0x00007fff3558a47c, EFLAGS=0x0000000000010246

XMM[0]=0x0000000000000000 0x0000000000000000
XMM[1]=0x0000000000000000 0x0000000000000000
XMM[2]=0x0000000000000000 0x0000000000000000
XMM[3]=0x0000000000000000 0x0000000000000000
XMM[4]=0x0000000000000000 0x0000000000000000
XMM[5]=0x0000000000000000 0x0000000000000000
XMM[6]=0x0000000000000000 0x0000000000000000
XMM[7]=0x0000000000000000 0x0000000000000000
XMM[8]=0x0000000000000000 0x0000000000000000
XMM[9]=0x0000000000000000 0x0000000000000000
XMM[10]=0x0000000000000000 0x0000000000000000
XMM[11]=0x0000000000000000 0x0000000000000000
XMM[12]=0x0000000000000000 0x0000000000000000
XMM[13]=0x0000000000000000 0x0000000000000000
XMM[14]=0x0000000000000000 0x0000000000000000
XMM[15]=0x0000000000000000 0x0000000000000000
  MXCSR=0x00001fa0


Register to memory mapping:

RAX=0x0 is null
RBX=0x0000000000000191 is an unknown value
RCX=0x0000000000000018 is an unknown value
RDX=0x0000000000000044 is an unknown value
RSP=0x0000001036aff340 is pointing into the stack for thread: 0x000001f6cbd0f4b0
RBP=0x0000001036aff420 is pointing into the stack for thread: 0x000001f6cbd0f4b0
RSI=0x000001f6cbd0f4b0 is a thread
RDI=0x0000000000000191 is an unknown value
R8 =0x0 is null
R9 =3293541589 is a compressed pointer to object: java.util.concurrent.locks.ReentrantLock$NonfairSync 
{0x00000006227ba6a8} - klass: 'java/util/concurrent/locks/ReentrantLock$NonfairSync' - flags: 

 - ---- fields (total size 4 words):
 - private transient 'exclusiveOwnerThread' 'Ljava/lang/Thread;' @12  null (0x00000000)
 - private volatile 'state' 'I' @16  0 (0x00000000)
 - private volatile transient 'head' 'Ljava/util/concurrent/locks/AbstractQueuedSynchronizer$Node;' @20  null (0x00000000)
 - private volatile transient 'tail' 'Ljava/util/concurrent/locks/AbstractQueuedSynchronizer$Node;' @24  null (0x00000000)
R10=0x000001f6ecd9baee is at entry_point+238 in (nmethod*)0x000001f6ecd9b908
Compiled method (n/a) 152604 3473     n 0       java.lang.Object::wait0 (native)
 total in heap  [0x000001f6ecd9b908,0x000001f6ecd9bb60] = 600
 relocation     [0x000001f6ecd9b9e0,0x000001f6ecd9b9f0] = 16
 main code      [0x000001f6ecd9ba00,0x000001f6ecd9bb5a] = 346
 stub code      [0x000001f6ecd9bb5a,0x000001f6ecd9bb60] = 6
R11=0x000001f6e564c980 is at entry_point+0 in (nmethod*)0x000001f6e564c808
Compiled method (c1) 152604 3455  s!   3       org.graalvm.visualvm.lib.jfluid.server.ProfilerServer::getLastResponse (68 bytes)
 total in heap  [0x000001f6e564c808,0x000001f6e564d1a8] = 2464
 relocation     [0x000001f6e564c8e0,0x000001f6e564c968] = 136
 main code      [0x000001f6e564c980,0x000001f6e564d128] = 1960
 stub code      [0x000001f6e564d128,0x000001f6e564d180] = 88
 oops           [0x000001f6e564d180,0x000001f6e564d188] = 8
 metadata       [0x000001f6e564d188,0x000001f6e564d1a8] = 32
 immutable data [0x000001f6c394be10,0x000001f6c394bf98] = 392
 dependencies   [0x000001f6c394be10,0x000001f6c394be20] = 16
 nul chk table  [0x000001f6c394be20,0x000001f6c394be30] = 16
 handler table  [0x000001f6c394be30,0x000001f6c394be88] = 88
 scopes pcs     [0x000001f6c394be88,0x000001f6c394bf38] = 176
 scopes data    [0x000001f6c394bf38,0x000001f6c394bf98] = 96
R12=0x0 is null
R13=0x0 is null
R14=0x0000001036aff501 is pointing into the stack for thread: 0x000001f6cbd0f4b0
R15=0x0 is null

Top of Stack: (sp=0x0000001036aff340)
0x0000001036aff340:   0000000618e2af28 c448581500000018   (............XH.
0x0000001036aff350:   0000000600000018 00000010c31c5625   ........%V......
0x0000001036aff360:   000001f6da309df8 00007fff3562941b   ..0.......b5....
0x0000001036aff370:   0000000000000018 0000000618e2b110   ................
0x0000001036aff380:   000001f6ec518800 000001f6c3a21d10   ..Q.............
0x0000001036aff390:   000001f6cbd0f4b0 0000001036aff578   ........x..6....
0x0000001036aff3a0:   0000001036aff500 0000000000000000   ...6............
0x0000001036aff3b0:   000001f6c49dc080 000001f6ecd9ba79   ........y.......
0x0000001036aff3c0:   000001f6c49da565 0000000000000180   e...............
0x0000001036aff3d0:   0000001036aff420 0000000622429378    ..6....x.B"....
0x0000001036aff3e0:   0000000622429378 000001f6c49da590   x.B"............
0x0000001036aff3f0:   000000062242c0a8 000001f6ecd39a20   ..B".... .......
0x0000001036aff400:   000001f6cbd0f4b0 0000001036aff578   ........x..6....
0x0000001036aff410:   0000001036aff500 0000000000000000   ...6............
0x0000001036aff420:   0000001036aff548 000001f6e56a77e4   H..6.....wj.....
0x0000001036aff430:   00000000c44f74d5 0000000622429378   .tO.....x.B"....
0x0000001036aff440:   00000006224282a8 0000000000000670   ..B"....p.......
0x0000001036aff450:   0000001036aff480 000001f6c49da1e0   ...6............
0x0000001036aff460:   000001f6c4850b38 0000001036aff4d8   8..........6....
0x0000001036aff470:   fffffffffffffff7 000001f6c337c8c2   ..........7.....
0x0000001036aff480:   0000001036aff548 000001f6e564ccf4   H..6......d.....
0x0000001036aff490:   0000001036aff4d8 0000000622429378   ...6....x.B"....
0x0000001036aff4a0:   000001f6c49da620 0000000000000000    ...............
0x0000001036aff4b0:   000000061abff368 00000006224282a8   h.........B"....
0x0000001036aff4c0:   0000000000000000 00000006224282a8   ..........B"....
0x0000001036aff4d0:   0000000622428770 000001f6ec518800   p.B"......Q.....
0x0000001036aff4e0:   0000000622429378 000001f6ec518800   x.B"......Q.....
0x0000001036aff4f0:   0000001036aff548 000001f6ec51899a   H..6......Q.....
0x0000001036aff500:   fffffffffffffff7 000001f6c4882b59   ........Y+......
0x0000001036aff510:   0000000000000006 000001f6c48871d8   .........q......
0x0000001036aff520:   000001f6c49dcf58 000000062245a168   X.......h.E"....
0x0000001036aff530:   000001f6c4882c28 fffffffffffffff7   (,..............

Instructions: (pc=0x00007fff3558a47c)
  0x00007fff3558a37c:   cc cc cc cc 4c 8b c2 48 63 15 ae e4 86 00 48 ff
  0x00007fff3558a38c:   25 1f 45 80 00 cc cc cc cc cc cc cc cc cc cc cc
  0x00007fff3558a39c:   cc cc cc cc 4c 8b c2 48 63 15 4a e5 86 00 48 ff
  0x00007fff3558a3ac:   25 ff 44 80 00 cc cc cc cc cc cc cc cc cc cc cc
  0x00007fff3558a3bc:   cc cc cc cc 4c 8b c2 48 63 15 62 e5 86 00 48 ff
  0x00007fff3558a3cc:   25 df 44 80 00 cc cc cc cc cc cc cc cc cc cc cc
  0x00007fff3558a3dc:   cc cc cc cc 4c 8b c2 48 63 15 66 e5 86 00 48 ff
  0x00007fff3558a3ec:   25 bf 44 80 00 cc cc cc cc cc cc cc cc cc cc cc
  0x00007fff3558a3fc:   cc cc cc cc 4c 8b c2 48 63 15 fe e4 86 00 48 ff
  0x00007fff3558a40c:   25 9f 44 80 00 cc cc cc cc cc cc cc cc cc cc cc
  0x00007fff3558a41c:   cc cc cc cc 48 63 05 fd e4 86 00 89 14 08 c3 cc
  0x00007fff3558a42c:   cc cc cc cc 48 63 05 0d e5 86 00 89 14 08 c3 cc
  0x00007fff3558a43c:   cc cc cc cc 48 63 05 b9 e4 86 00 89 14 08 c3 cc
  0x00007fff3558a44c:   cc cc cc cc 44 8b c2 8b 15 5f e4 86 00 e9 42 03
  0x00007fff3558a45c:   2f 00 cc cc 40 53 48 83 ec 20 8b da 48 63 15 cd
  0x00007fff3558a46c:   e3 86 00 ff 15 73 36 80 00 48 63 0d 18 e4 86 00
=>0x00007fff3558a47c:   89 1c 01 48 83 c4 20 5b c3 cc cc cc cc cc cc cc
  0x00007fff3558a48c:   cc cc cc cc 48 63 05 31 e4 86 00 48 89 14 08 c3
  0x00007fff3558a49c:   cc cc cc cc 48 63 05 a5 e4 86 00 c6 04 08 01 c3
  0x00007fff3558a4ac:   cc cc cc cc 4c 8b c2 48 63 15 b2 e5 86 00 48 ff
  0x00007fff3558a4bc:   25 ef 43 80 00 cc cc cc cc cc cc cc cc cc cc cc
  0x00007fff3558a4cc:   cc cc cc cc 4c 8b c2 48 63 15 1a e5 86 00 48 ff
  0x00007fff3558a4dc:   25 cf 43 80 00 cc cc cc cc cc cc cc cc cc cc cc
  0x00007fff3558a4ec:   cc cc cc cc 4c 8b c2 48 63 15 46 e4 86 00 48 ff
  0x00007fff3558a4fc:   25 af 43 80 00 cc cc cc cc cc cc cc cc cc cc cc
  0x00007fff3558a50c:   cc cc cc cc 48 83 ec 48 48 8b 0d 65 f1 8b 00 48
  0x00007fff3558a51c:   8d 05 66 88 62 00 48 89 44 24 20 48 8d 54 24 20
  0x00007fff3558a52c:   8b 05 2e af 89 00 89 44 24 2c 0f b6 05 5a d2 86
  0x00007fff3558a53c:   00 88 44 24 31 8b 05 1d b5 85 00 89 44 24 34 c7
  0x00007fff3558a54c:   44 24 28 08 00 00 00 c6 44 24 30 00 e8 d3 3b fd
  0x00007fff3558a55c:   ff 48 83 c4 48 c3 cc cc cc cc cc cc cc cc cc cc
  0x00007fff3558a56c:   cc cc cc cc 4c 8b c2 8b 15 87 e4 86 00 e9 d2 f8


Stack slot to memory mapping:

stack at sp + 0 slots: 0x0000000618e2af28 is an oop: java.lang.Thread 
{0x0000000618e2af28} - klass: 'java/lang/Thread' - flags: 

 - ---- fields (total size 14 words):
 - 'threadLocalRandomProbe' 'I' @12  0 (0x00000000)
 - private volatile 'eetop' 'J' @16  2159493051568 (0x000001f6cbd0f4b0)
 - private final 'tid' 'J' @24  0 (0x0000000000000000)
 - 'threadLocalRandomSeed' 'J' @32  0 (0x0000000000000000)
 - injected 'jvmti_thread_state' 'J' @40  0 (0x0000000000000000)
 - 'threadLocalRandomSecondarySeed' 'I' @48  0 (0x00000000)
 - injected 'jvmti_VTMS_transition_disable_count' 'I' @52  0 (0x00000000)
 - injected 'jfr_epoch' 'S' @56  0 (0x0000)
 - volatile 'interrupted' 'Z' @58  false (0x00)
 - injected 'jvmti_is_in_VTMS_transition' 'Z' @59  false (0x00)
 - private volatile 'name' 'Ljava/lang/String;' @60  null (0x00000000)
 - private volatile 'contextClassLoader' 'Ljava/lang/ClassLoader;' @64  null (0x00000000)
 - private final 'holder' 'Ljava/lang/Thread$FieldHolder;' @68  null (0x00000000)
 - 'threadLocals' 'Ljava/lang/ThreadLocal$ThreadLocalMap;' @72  a 'java/lang/ThreadLocal$ThreadLocalMap'{0x0000000618e2b070} (0xc31c560e)
 - 'inheritableThreadLocals' 'Ljava/lang/ThreadLocal$ThreadLocalMap;' @76  null (0x00000000)
 - private 'scopedValueBindings' 'Ljava/lang/Object;' @80  null (0x00000000)
 - final 'interruptLock' 'Ljava/lang/Object;' @84  null (0x00000000)
 - private volatile 'parkBlocker' 'Ljava/lang/Object;' @88  null (0x00000000)
 - private 'nioBlocker' 'Lsun/nio/ch/Interruptible;' @92  null (0x00000000)
 - private 'cont' 'Ljdk/internal/vm/Continuation;' @96  null (0x00000000)
 - private volatile 'uncaughtExceptionHandler' 'Ljava/lang/Thread$UncaughtExceptionHandler;' @100  null (0x00000000)
 - private 'container' 'Ljdk/internal/vm/ThreadContainer;' @104  null (0x00000000)
 - private volatile 'headStackableScopes' 'Ljdk/internal/vm/StackableScope;' @108  null (0x00000000)
stack at sp + 1 slots: 0xc448581500000018 is an unknown value
stack at sp + 2 slots: 0x0000000600000018 is an unknown value
stack at sp + 3 slots: 0x00000010c31c5625 is an unknown value
stack at sp + 4 slots: 0x000001f6da309df8 points into unknown readable memory: 0x0000000622429378 | 78 93 42 22 06 00 00 00
stack at sp + 5 slots: 0x00007fff3562941b jvm.dll
stack at sp + 6 slots: 0x0000000000000018 is an unknown value
stack at sp + 7 slots: 0x0000000618e2b110 is an oop: sun.nio.ch.Util$BufferCache 
{0x0000000618e2b110} - klass: 'sun/nio/ch/Util$BufferCache' - flags: 

 - ---- fields (total size 3 words):
 - private 'count' 'I' @12  1 (0x00000001)
 - private 'start' 'I' @16  15 (0x0000000f)
 - private final 'buffers' '[Ljava/nio/ByteBuffer;' @20  a 'java/nio/ByteBuffer'[16] {0x0000000618e2b128} (0xc31c5625)

Lock stack of current Java thread (top to bottom):
LockStack[0]: java.lang.Class 
{0x0000000622428770} - klass: 'java/lang/Class' - flags: 

 - ---- fields (total size 38 words):
 - private volatile transient 'classRedefinedCount' 'I' @12  1 (0x00000001)
 - injected 'klass' 'J' @16  2158272375584 (0x000001f6830eeb20)
 - injected 'array_klass' 'J' @24  0 (0x0000000000000000)
 - injected 'oop_size' 'I' @32  38 (0x00000026)
 - injected 'static_oop_field_count' 'I' @36  39 (0x00000027)
 - private volatile transient 'cachedConstructor' 'Ljava/lang/reflect/Constructor;' @40  null (0x00000000)
 - private transient 'name' 'Ljava/lang/String;' @44  "org.graalvm.visualvm.lib.jfluid.server.ProfilerServer"{0x000000062242bfd8} (0xc44857fb)
 - private transient 'module' 'Ljava/lang/Module;' @48  a 'java/lang/Module'{0x000000062242c038} (0xc4485807)
 - private final 'classLoader' 'Ljava/lang/ClassLoader;' @52  null (0x00000000)
 - private transient 'classData' 'Ljava/lang/Object;' @56  null (0x00000000)
 - private transient 'signers' '[Ljava/lang/Object;' @60  null (0x00000000)
 - private transient 'packageName' 'Ljava/lang/String;' @64  null (0x00000000)
 - private final 'componentType' 'Ljava/lang/Class;' @68  null (0x00000000)
 - private volatile transient 'reflectionData' 'Ljava/lang/ref/SoftReference;' @72  null (0x00000000)
 - private volatile transient 'genericInfo' 'Lsun/reflect/generics/repository/ClassRepository;' @76  null (0x00000000)
 - private volatile transient 'enumConstants' '[Ljava/lang/Object;' @80  null (0x00000000)
 - private volatile transient 'enumConstantDirectory' 'Ljava/util/Map;' @84  null (0x00000000)
 - private volatile transient 'annotationData' 'Ljava/lang/Class$AnnotationData;' @88  null (0x00000000)
 - private volatile transient 'annotationType' 'Lsun/reflect/annotation/AnnotationType;' @92  null (0x00000000)
 - transient 'classValueMap' 'Ljava/lang/ClassValue$ClassValueMap;' @96  null (0x00000000)
 - injected 'protection_domain' 'Ljava/lang/Object;' @100  null (0x00000000)
 - injected 'source_file' 'Ljava/lang/Object;' @104  "ProfilerServer.java"{0x000000062026c9f8} (0xc404d93f)
 - injected '<init_lock>' 'Ljava/lang/Object;' @108  null (0x00000000)
 - signature: Lorg/graalvm/visualvm/lib/jfluid/server/ProfilerServer;
 - ---- static fields (39):
 - private static 'messages' 'Ljava/util/ResourceBundle;' @112  a 'java/util/PropertyResourceBundle'{0x000000062242a0a0} (0xc4485414)
 - private static 'ENTER_TO_SHUTDOWN_MSG' 'Ljava/lang/String;' @116  "Press ENTER to shut down the target JVM..."{0x000000062242a048} (0xc4485409)
 - private static 'MAIN_CLASS_NOT_PUBLIC_MSG' 'Ljava/lang/String;' @120  "Main class {0} is not public.\x0AProfiler can not start it"{0x0000000622429fe8} (0xc44853fd)
 - private static 'INCORRECT_MAIN_MODIFIERS_MSG' 'Ljava/lang/String;' @124  "Method {0}.main(String args[]) has incorrect modifiers"{0x0000000622429f88} (0xc44853f1)
 - private static 'UNEXPECTED_EXCEPTION_MSG' 'Ljava/lang/String;' @128  "Target application threw an unexpected exception: {0}"{0x0000000622429f28} (0xc44853e5)
 - private static 'ELAPSED_TIME_MSG' 'Ljava/lang/String;' @132  "Main application thread elapsed time: {0} ms."{0x0000000622429ed0} (0xc44853da)
 - private static 'CONNECTION_MSG' 'Ljava/lang/String;' @136  "Profiler Agent: Established connection with the tool"{0x0000000622429e70} (0xc44853ce)
 - private static 'WAITING_ON_PORT_MSG' 'Ljava/lang/String;' @140  "Profiler Agent: Waiting for connection on port {0} (Protocol version: {1})"{0x0000000622429df8} (0xc44853bf)
 - private static 'WAITING_ON_PORT_TIMEOUT_MSG' 'Ljava/lang/String;' @144  "Profiler Agent: Waiting for connection on port {0}, timeout {1} seconds (Protocol version: {2})"{0x0000000622429d70} (0xc44853ae)
 - private static 'CONNECTION_EXCEPTION_MSG' 'Ljava/lang/String;' @148  "Profiler Agent Error: Exception when trying to establish connection with client:\x0A{0}"{0x0000000622429cf0} (0xc448539e)
 - private static 'CONNECTION_EXCEPTION_BIND_MSG' 'Ljava/lang/String;' @152  "Profiler Agent Error: Make sure the previously profiled process has been fully terminated"{0x0000000622429c68} (0xc448538d)
 - private static 'CONNECTION_TIMEOUT_MSG' 'Ljava/lang/String;' @156  "Profiler Agent Error: Timed out trying to establish connection with client"{0x0000000622429bf0} (0xc448537e)
 - private static 'AGENT_ERROR_MSG' 'Ljava/lang/String;' @160  "Profiler Agent Error: {0}"{0x0000000622429ba8} (0xc4485375)
 - private static 'CONNECTION_INTERRUPTED_MSG' 'Ljava/lang/String;' @164  "Profiler Agent Error: Connection with client interrupted"{0x0000000622429b48} (0xc4485369)
 - private static 'COMMAND_EXCEPTION_MSG' 'Ljava/lang/String;' @168  "Profiler Agent Error: Exception when handling command from client:\x0A{0}"{0x0000000622429ad8} (0xc448535b)
 - private static 'RESPONSE_EXCEPTION_MSG' 'Ljava/lang/String;' @172  "Profiler Agent Error: Exception when trying to send response or command to client:\x0A{0}"{0x0000000622429a58} (0xc448534b)
 - private static 'CONNECTION_CLOSED_MSG' 'Ljava/lang/String;' @176  "Profiler Agent: Connection with agent closed"{0x0000000622429a00} (0xc4485340)
 - private static 'CONNECTION_CLOSED_EX_MSG' 'Ljava/lang/String;' @180  "Profiler Agent: Connection with agent closed (ProfilingSessionStatus was null)"{0x0000000622429988} (0xc4485331)
 - private static 'INCORRECT_AGENT_ID_MSG' 'Ljava/lang/String;' @184  "Profiler Agent Warning: Wrong agentId specified: {0}"{0x0000000622429928} (0xc4485325)
 - private static 'THREAD_EXCEPTION_MSG' 'Ljava/lang/String;' @188  "Profiler Agent Error: Exception in executeInSeparateThread()"{0x00000006224298c0} (0xc4485318)
 - private static 'THREAD_WAIT_EXCEPTION_MSG' 'Ljava/lang/String;' @192  "Profiler Agent Error: Exception in wait in SeparateCmdExecutionThread"{0x0000000622429850} (0xc448530a)
 - private static 'LOCAL_SESSION_MSG' 'Ljava/lang/String;' @196  "Profiler Agent: Local accelerated session"{0x00000006224297f8} (0xc44852ff)
 - private static 'REMOTE_SESSION_MSG' 'Ljava/lang/String;' @200  "Profiler Agent: Standard session"{0x00000006224297b0} (0xc44852f6)
 - public static final 'ATTACH_DYNAMIC' 'I' @268  0 (0x00000000)
 - public static final 'ATTACH_DIRECT' 'I' @272  1 (0x00000001)
 - private static volatile 'profilerInterfaceInitialized' 'Z' @292  true (0x01)
 - private static volatile 'connectionOpen' 'Z' @293  true (0x01)
 - private static volatile 'connectionFailed' 'Z' @294  false (0x00)
 - private static volatile 'detachCommandReceived' 'Z' @295  false (0x00)
 - private static 'profilerServer' 'Lorg/graalvm/visualvm/lib/jfluid/server/ProfilerServer;' @204  a 'org/graalvm/visualvm/lib/jfluid/server/ProfilerServer'{0x00000006224282a8} (0xc4485055)
 - private static 'status' 'Lorg/graalvm/visualvm/lib/jfluid/global/ProfilingSessionStatus;' @208  a 'org/graalvm/visualvm/lib/jfluid/global/ProfilingSessionStatus'{0x0000000622429508} (0xc44852a1)
 - private static volatile 'startTargetApp' 'Z' @296  false (0x00)
 - private static volatile 'targetAppMainThreadComplete' 'Z' @297  false (0x00)
 - private static volatile 'startupException' 'Ljava/lang/Exception;' @212  null (0x00000000)
 - private static final 'targetAppRunningLock' 'Ljava/lang/Object;' @216  a 'java/lang/Object'{0x00000006224294f8} (0xc448529f)
 - private static 'mainThread' 'Ljava/lang/Thread;' @220  null (0x00000000)
 - private static 'separateCmdExecutionThread' 'Lorg/graalvm/visualvm/lib/jfluid/server/ProfilerServer$SeparateCmdExecutionThread;' @224  a 'org/graalvm/visualvm/lib/jfluid/server/ProfilerServer$SeparateCmdExecutionThread'{0x0000000622450120} (0xc448a024)
 - private static 'shutdownWaitThread' 'Lorg/graalvm/visualvm/lib/jfluid/server/ProfilerServer$ShutdownWaitThread;' @228  a 'org/graalvm/visualvm/lib/jfluid/server/ProfilerServer$ShutdownWaitThread'{0x00000006224293f8} (0xc448527f)
 - static final 'execInSeparateThreadLock' 'Ljava/lang/Object;' @232  a 'java/lang/Object'{0x0000000622450198} (0xc448a033)
 - static 'execInSeparateThreadOpCode' 'I' @276  40 (0x00000028)
 - private static volatile 'preemptExit' 'Z' @298  true (0x01)
 - private static 'shutdownOK' 'Z' @299  false (0x00)
 - private static final 'shutdownLock' 'Ljava/lang/Object;' @236  a 'java/lang/Object'{0x00000006224293e8} (0xc448527d)
 - private static final 'resultsNotifiedLock' 'Ljava/lang/Object;' @240  a 'java/lang/Object'{0x00000006224293d8} (0xc448527b)
 - private static 'resultsNotified' 'Z' @300  true (0x01)
 - private static 'resourcesInitialized' 'Z' @301  true (0x01)
 - private static '_fullJFluidPath' 'Ljava/lang/String;' @244  "D:\visualvm_22\visualvm_22\visualvm\lib"{0x0000000622429388} (0xc4485271)
 - private static '_portNo' 'I' @280  5140 (0x00001414)
 - private static '_activateCode' 'I' @284  0 (0x00000000)
 - private static '_timeOut' 'I' @288  0 (0x00000000)
 - private static 'lastResponse' 'Lorg/graalvm/visualvm/lib/jfluid/wireprotocol/Response;' @248  null (0x00000000)
 - private static final 'responseLock' 'Ljava/lang/Object;' @252  a 'java/lang/Object'{0x0000000622429378} (0xc448526f)
 - static synthetic 'array$Ljava$lang$String' 'Ljava/lang/Class;' @256  null (0x00000000)
 - static synthetic 'class$java$lang$Class' 'Ljava/lang/Class;' @260  null (0x00000000)
 - static synthetic 'class$java$lang$ClassLoader' 'Ljava/lang/Class;' @264  null (0x00000000)


Compiled method (n/a) 152618 3473     n 0       java.lang.Object::wait0 (native)
 total in heap  [0x000001f6ecd9b908,0x000001f6ecd9bb60] = 600
 relocation     [0x000001f6ecd9b9e0,0x000001f6ecd9b9f0] = 16
 main code      [0x000001f6ecd9ba00,0x000001f6ecd9bb5a] = 346
 stub code      [0x000001f6ecd9bb5a,0x000001f6ecd9bb60] = 6

[Constant Pool (empty)]

[MachCode]
[Entry Point]
  # {method} {0x000001f6c49d8238} 'wait0' '(J)V' in 'java/lang/Object'
  # this:     rdx:rdx   = 'java/lang/Object'
  # parm0:    r8:r8     = long
  #           [sp+0x70]  (sp of caller)
  0x000001f6ecd9ba00: 6690 448b | 5208 443b 

  0x000001f6ecd9ba08: ;   {runtime_call Shared Runtime ic_miss_blob}
  0x000001f6ecd9ba08: 5008 0f85 | 502d 7cff 
[Verified Entry Point]
  0x000001f6ecd9ba10: 8984 2400 | 80ff ff55 | 488b ec48 | 83ec 6090 | 4181 7f20 | 0100 0000 

  0x000001f6ecd9ba28: ;   {runtime_call StubRoutines (final stubs)}
  0x000001f6ecd9ba28: 7405 e8d1 | 9e7a ff48 | 8954 2420 | 4883 fa00 | 488d 5424 | 2048 0f44 | 5424 204c | 8d15 a400 
  0x000001f6ecd9ba48: 0000 4d89 | 97b0 0300 | 00c5 f877 | 4989 a7a8 | 0300 0049 | 8d8f c803 | 0000 41c7 | 8754 0400 
  0x000001f6ecd9ba68: 0004 0000 

  0x000001f6ecd9ba6c: ;   {runtime_call}
  0x000001f6ecd9ba6c: 0048 b8d0 | 9262 35ff | 7f00 00ff | d0c5 f877 | 41c7 8754 | 0400 0005 | 0000 00f0 | 8344 24c0 
  0x000001f6ecd9ba8c: 0049 3b6f | 280f 870e | 0000 0041 | 83bf 5004 | 0000 000f | 8423 0000 | 00c5 f877 | 498b cf4c 
  0x000001f6ecd9baac: 8be4 4883 | ec20 4883 

  0x000001f6ecd9bab4: ;   {runtime_call}
  0x000001f6ecd9bab4: e4f0 48b8 | c0ba 5835 | ff7f 0000 | ffd0 498b | e44d 33e4 | 41c7 8754 | 0400 0008 | 0000 004d 
  0x000001f6ecd9bad4: 8b97 7005 | 0000 4983 | fa00 740e | 49c7 8770 | 0500 0000 | 0000 0041 | ffe2 4183 | bfd0 0400 
  0x000001f6ecd9baf4: 0002 0f84 | 3c00 0000 | 49c7 87a8 | 0300 0000 | 0000 0049 | c787 b003 | 0000 0000 | 0000 c5f8 
  0x000001f6ecd9bb14: 7749 8b8f | 3804 0000 | c781 0001 | 0000 0000 | 0000 c949 | 837f 0800 | 0f85 0100 

  0x000001f6ecd9bb30: ;   {runtime_call StubRoutines (initial stubs)}
  0x000001f6ecd9bb30: 0000 c3e9 | 8853 77ff | c5f8 774c | 8be4 4883 | ec20 4883 

  0x000001f6ecd9bb44: ;   {runtime_call}
  0x000001f6ecd9bb44: e4f0 48b8 | 6058 9035 | ff7f 0000 | ffd0 498b | e44d 33e4 | eba2 f4f4 | f4f4 f4f4 
[/MachCode]


Compiled method (c1) 152620 3593   !   3       java.lang.Object::wait (59 bytes)
 total in heap  [0x000001f6e56a7388,0x000001f6e56a7a88] = 1792
 relocation     [0x000001f6e56a7460,0x000001f6e56a74e8] = 136
 main code      [0x000001f6e56a7500,0x000001f6e56a7a18] = 1304
 stub code      [0x000001f6e56a7a18,0x000001f6e56a7a78] = 96
 metadata       [0x000001f6e56a7a78,0x000001f6e56a7a88] = 16
 immutable data [0x000001f6c9186060,0x000001f6c91861a8] = 328
 dependencies   [0x000001f6c9186060,0x000001f6c9186068] = 8
 nul chk table  [0x000001f6c9186068,0x000001f6c9186078] = 16
 handler table  [0x000001f6c9186078,0x000001f6c9186090] = 24
 scopes pcs     [0x000001f6c9186090,0x000001f6c9186140] = 176
 scopes data    [0x000001f6c9186140,0x000001f6c91861a8] = 104

[Constant Pool (empty)]

[MachCode]
[Instructions begin]
  0x000001f6e56a7500: 6666 660f | 1f84 0000 | 0000 0066 | 6666 9066 | 6690 448b | 5208 443b 

  0x000001f6e56a7518: ;   {runtime_call Shared Runtime ic_miss_blob}
  0x000001f6e56a7518: 5008 0f85 | 4072 eb06 
[Verified Entry Point]
  0x000001f6e56a7520: 8984 2400 | 80ff ff55 | 4883 ec50 | 4181 7f20 | 0100 0000 

  0x000001f6e56a7534: ;   {runtime_call StubRoutines (final stubs)}
  0x000001f6e56a7534: 7405 e8c5 

  0x000001f6e56a7538: ;   {metadata(method data for {method} {0x000001f6c49d81a0} 'wait' '(J)V' in 'java/lang/Object')}
  0x000001f6e56a7538: e3e9 0648 | be80 c09d | c4f6 0100 | 008b becc | 0000 0083 | c702 89be | cc00 0000 | 81e7 fe07 
  0x000001f6e56a7558: 0000 85ff | 0f84 0404 | 0000 498b | f0bf 0000 | 0000 483b 

  0x000001f6e56a756c: ;   {metadata(method data for {method} {0x000001f6c49d81a0} 'wait' '(J)V' in 'java/lang/Object')}
  0x000001f6e56a756c: f748 be80 | c09d c4f6 | 0100 00bf | 2001 0000 | 7c05 bf10 | 0100 0048 | 8b1c 3e48 | 8d5b 0148 
  0x000001f6e56a758c: 891c 3e0f | 8c67 0200 

  0x000001f6e56a7594: ;   {metadata(method data for {method} {0x000001f6c49d81a0} 'wait' '(J)V' in 'java/lang/Object')}
  0x000001f6e56a7594: 0048 be80 | c09d c4f6 | 0100 0048 | 8386 4001 | 0000 0149 | 8bb7 9003 | 0000 488b | 3648 85f6 
  0x000001f6e56a75b4: ;   {metadata(method data for {method} {0x000001f6c49d81a0} 'wait' '(J)V' in 'java/lang/Object')}
  0x000001f6e56a75b4: 48b8 80c0 | 9dc4 f601 | 0000 750c | 8088 4901 | 0000 01e9 | ae00 0000 | 8b4e 0849 | ba00 0000 
  0x000001f6e56a75d4: 82f6 0100 | 0049 03ca | 483b 8858 | 0100 0075 | 0d48 8380 | 6001 0000 | 01e9 6000 | 0000 483b 
  0x000001f6e56a75f4: 8868 0100 | 0075 0d48 | 8380 7001 | 0000 01e9 | 4a00 0000 | 4883 b858 | 0100 0000 | 7517 4889 
  0x000001f6e56a7614: 8858 0100 | 0048 c780 | 6001 0000 | 0100 0000 | e929 0000 | 0048 83b8 | 6801 0000 | 0075 1748 
  0x000001f6e56a7634: 8988 6801 | 0000 48c7 | 8070 0100 | 0001 0000 | 00e9 0800 | 0000 4883 | 8050 0100 

  0x000001f6e56a7650: ;   {metadata('java/lang/VirtualThread')}
  0x000001f6e56a7650: 0001 48b9 | f07e 1882 | f601 0000 | 8b5e 0849 | ba00 0000 | 82f6 0100 | 0049 03da | 483b cb0f 
  0x000001f6e56a7670: 8505 0000 | 00e9 0500 | 0000 4833 | ffeb 05bf | 0100 0000 

  0x000001f6e56a7684: ;   {metadata(method data for {method} {0x000001f6c49d81a0} 'wait' '(J)V' in 'java/lang/Object')}
  0x000001f6e56a7684: 85ff 48bf | 80c0 9dc4 | f601 0000 | bb80 0100 | 0074 05bb | 9001 0000 | 488b 041f | 488d 4001 
  0x000001f6e56a76a4: 4889 041f | 0f84 1701 | 0000 4885 

  0x000001f6e56a76b0: ;   {metadata(method data for {method} {0x000001f6c49d81a0} 'wait' '(J)V' in 'java/lang/Object')}
  0x000001f6e56a76b0: f648 bb80 | c09d c4f6 | 0100 0075 | 0c80 8b99 | 0100 0001 | e9ae 0000 | 008b 4608 | 49ba 0000 
  0x000001f6e56a76d0: 0082 f601 | 0000 4903 | c248 3b83 | a801 0000 | 750d 4883 | 83b0 0100 | 0001 e960 | 0000 0048 
  0x000001f6e56a76f0: 3b83 b801 | 0000 750d | 4883 83c0 | 0100 0001 | e94a 0000 | 0048 83bb | a801 0000 | 0075 1748 
  0x000001f6e56a7710: 8983 a801 | 0000 48c7 | 83b0 0100 | 0001 0000 | 00e9 2900 | 0000 4883 | bbb8 0100 | 0000 7517 
  0x000001f6e56a7730: 4889 83b8 | 0100 0048 | c783 c001 | 0000 0100 | 0000 e908 | 0000 0048 | 8383 a001 

  0x000001f6e56a774c: ;   {metadata('java/lang/VirtualThread')}
  0x000001f6e56a774c: 0000 0148 | b8f0 7e18 | 82f6 0100 | 008b 7e08 | 49ba 0000 | 0082 f601 | 0000 4903 | fa48 3bc7 
  0x000001f6e56a776c: 0f85 1502 | 0000 e900 | 0000 0048 | 8974 2428 

  0x000001f6e56a777c: ;   {metadata(method data for {method} {0x000001f6c49d81a0} 'wait' '(J)V' in 'java/lang/Object')}
  0x000001f6e56a777c: 488b fa48 | bb80 c09d | c4f6 0100 | 0048 8383 | d001 0000 | 0166 0f1f 

  0x000001f6e56a7794: ;   {optimized virtual_call}
  0x000001f6e56a7794: 4400 00e8 

  0x000001f6e56a7798: ; ImmutableOopMap {[40]=Oop }
                      ;*invokevirtual wait0 {reexecute=0 rethrow=0 return_oop=0}
                      ; - java.lang.Object::wait@37 (line 382)
  0x000001f6e56a7798: c472 eb06 

  0x000001f6e56a779c: ;   {post_call_nop}
  0x000001f6e56a779c: 0f1f 8400 | 1404 0000 

  0x000001f6e56a77a4: ;   {metadata(method data for {method} {0x000001f6c49d81a0} 'wait' '(J)V' in 'java/lang/Object')}
  0x000001f6e56a77a4: 49b8 80c0 | 9dc4 f601 | 0000 41ff | 8000 0200 | 0048 83c4 

  0x000001f6e56a77b8: ;   {poll_return}
  0x000001f6e56a77b8: 505d 493b | 6728 0f87 | cc01 0000 | c348 8bf2 

  0x000001f6e56a77c8: ;   {metadata(method data for {method} {0x000001f6c49d81a0} 'wait' '(J)V' in 'java/lang/Object')}
  0x000001f6e56a77c8: 48bf 80c0 | 9dc4 f601 | 0000 4883 | 8748 0200 | 0001 0f1f 

  0x000001f6e56a77dc: ;   {optimized virtual_call}
  0x000001f6e56a77dc: 4400 00e8 

  0x000001f6e56a77e0: ; ImmutableOopMap {}
                      ;*invokevirtual wait0 {reexecute=0 rethrow=0 return_oop=0}
                      ; - java.lang.Object::wait@55 (line 389)
  0x000001f6e56a77e0: 2c42 6f07 

  0x000001f6e56a77e4: ;   {post_call_nop}
  0x000001f6e56a77e4: 0f1f 8400 | 5c04 0001 | 4883 c450 

  0x000001f6e56a77f0: ;   {poll_return}
  0x000001f6e56a77f0: 5d49 3b67 | 280f 87ab | 0100 00c3 | 0f1f 4000 

  0x000001f6e56a7800: ;   {no_reloc}
  0x000001f6e56a7800: e9c6 0100 | 0000 0000 | 0000 498b | 87c8 0100 | 0048 8d78 | 2849 3bbf | d801 0000 | 0f87 b301 
  0x000001f6e56a7820: 0000 4989 | bfc8 0100 | 0048 c700 | 0100 0000 | 488b ca49 | ba00 0000 | 82f6 0100 | 0049 2bca 
  0x000001f6e56a7840: 8948 0848 | 33c9 8948 | 0c48 33c9 | 4889 4810 | 4889 4818 | 4889 4820 

  0x000001f6e56a7858: ;   {metadata(method data for {method} {0x000001f6c49d81a0} 'wait' '(J)V' in 'java/lang/Object')}
  0x000001f6e56a7858: 4c8b c048 | ba80 c09d | c4f6 0100 | 0048 8382 | 3001 0000 

  0x000001f6e56a786c: ;   {oop("timeout value is negative"{0x00000007ffc178e0})}
  0x000001f6e56a786c: 0149 b8e0 | 78c1 ff07 | 0000 0048 | 8bd0 4889 

  0x000001f6e56a787c: ;   {optimized virtual_call}
  0x000001f6e56a787c: 4424 30e8 

  0x000001f6e56a7880: ; ImmutableOopMap {[48]=Oop }
                      ;*invokespecial <init> {reexecute=0 rethrow=0 return_oop=0}
                      ; - java.lang.Object::wait@12 (line 377)
  0x000001f6e56a7880: dc71 eb06 

  0x000001f6e56a7884: ;   {post_call_nop}
  0x000001f6e56a7884: 0f1f 8400 | fc04 0002 | 488b 4424 | 30e9 7801 | 0000 498b | 8708 0500 | 004d 33d2 | 4d89 9708 
  0x000001f6e56a78a4: 0500 004d | 33d2 4d89 | 9710 0500 | 0048 3b06 

  0x000001f6e56a78b4: ;   {metadata(method data for {method} {0x000001f6c49d81a0} 'wait' '(J)V' in 'java/lang/Object')}
  0x000001f6e56a78b4: 488b d648 | bf80 c09d | c4f6 0100 | 008b 5208 | 49ba 0000 | 0082 f601 | 0000 4903 | d248 3b97 
  0x000001f6e56a78d4: 2002 0000 | 750d 4883 | 8728 0200 | 0001 e960 | 0000 0048 | 3b97 3002 | 0000 750d | 4883 8738 
  0x000001f6e56a78f4: 0200 0001 | e94a 0000 | 0048 83bf | 2002 0000 | 0075 1748 | 8997 2002 | 0000 48c7 | 8728 0200 
  0x000001f6e56a7914: 0001 0000 | 00e9 2900 | 0000 4883 | bf30 0200 | 0000 7517 | 4889 9730 | 0200 0048 | c787 3802 
  0x000001f6e56a7934: 0000 0100 | 0000 e908 | 0000 0048 | 8387 1802 | 0000 0148 | 8bd6 4889 

  0x000001f6e56a794c: ;   {optimized virtual_call}
  0x000001f6e56a794c: 4424 38e8 

  0x000001f6e56a7950: ; ImmutableOopMap {[56]=Oop }
                      ;*invokevirtual getAndClearInterrupt {reexecute=0 rethrow=0 return_oop=0}
                      ; - java.lang.Object::wait@46 (line 385)
  0x000001f6e56a7950: 0c71 eb06 

  0x000001f6e56a7954: ;   {post_call_nop}
  0x000001f6e56a7954: 0f1f 8400 | cc05 0003 | 488b 4424 | 38e9 a800 

  0x000001f6e56a7964: ;   {metadata({method} {0x000001f6c49d81a0} 'wait' '(J)V' in 'java/lang/Object')}
  0x000001f6e56a7964: 0000 49ba | 9881 9dc4 | f601 0000 | 4c89 5424 | 0848 c704 | 24ff ffff 

  0x000001f6e56a797c: ;   {runtime_call C1 Runtime counter_overflow_blob}
  0x000001f6e56a797c: ffe8 dec0 

  0x000001f6e56a7980: ; ImmutableOopMap {rdx=Oop }
                      ;*synchronization entry
                      ; - java.lang.Object::wait@-1 (line 376)
  0x000001f6e56a7980: f706 e9db | fbff ff48 

  0x000001f6e56a7988: ;   {runtime_call C1 Runtime throw_class_cast_exception_blob}
  0x000001f6e56a7988: 8934 24e8 

  0x000001f6e56a798c: ; ImmutableOopMap {rdx=Oop }
                      ;*checkcast {reexecute=0 rethrow=0 return_oop=0}
                      ; - java.lang.Object::wait@31 (line 380)
  0x000001f6e56a798c: d08f f706 

  0x000001f6e56a7990: ;   {internal_word}
  0x000001f6e56a7990: 49ba ba77 | 6ae5 f601 | 0000 4d89 | 9760 0400 

  0x000001f6e56a79a0: ;   {runtime_call SafepointBlob}
  0x000001f6e56a79a0: 00e9 3ae3 

  0x000001f6e56a79a4: ;   {internal_word}
  0x000001f6e56a79a4: eb06 49ba | f177 6ae5 | f601 0000 | 4d89 9760 

  0x000001f6e56a79b4: ;   {runtime_call SafepointBlob}
  0x000001f6e56a79b4: 0400 00e9 | 24e3 eb06 

  0x000001f6e56a79bc: ;   {metadata(nullptr)}
  0x000001f6e56a79bc: 48ba 0000 | 0000 0000 | 0000 b800 

  0x000001f6e56a79c8: ;   {runtime_call C1 Runtime load_klass_patching_blob}
  0x000001f6e56a79c8: 0f05 0ae8 

  0x000001f6e56a79cc: ; ImmutableOopMap {}
                      ;*new {reexecute=1 rethrow=0 return_oop=0}
                      ; - (reexecute) java.lang.Object::wait@6 (line 377)
  0x000001f6e56a79cc: 10b0 f706 | e92b feff | ff48 8bd2 

  0x000001f6e56a79d8: ;   {runtime_call C1 Runtime fast_new_instance_blob}
  0x000001f6e56a79d8: e883 65f7 

  0x000001f6e56a79dc: ; ImmutableOopMap {}
                      ;*new {reexecute=0 rethrow=0 return_oop=0}
                      ; - java.lang.Object::wait@6 (line 377)
  0x000001f6e56a79dc: 06e9 76fe 

  0x000001f6e56a79e0: ;   {runtime_call C1 Runtime throw_null_pointer_exception_blob}
  0x000001f6e56a79e0: ffff e879 

  0x000001f6e56a79e4: ; ImmutableOopMap {rsi=Oop rax=Oop }
                      ;*invokevirtual getAndClearInterrupt {reexecute=0 rethrow=0 return_oop=0}
                      ; - java.lang.Object::wait@46 (line 385)
  0x000001f6e56a79e4: 55f7 0648 | 8b74 2428 | e9a5 feff | ff49 8b87 | 0805 0000 | 49c7 8708 | 0500 0000 | 0000 0049 
  0x000001f6e56a7a04: c787 1005 | 0000 0000 | 0000 4883 

  0x000001f6e56a7a10: ;   {runtime_call C1 Runtime unwind_exception_blob}
  0x000001f6e56a7a10: c450 5de9 | 483f f706 
[Stub Code]
  0x000001f6e56a7a18: ;   {no_reloc}
  0x000001f6e56a7a18: 48bb 0000 | 0000 0000 

  0x000001f6e56a7a20: ;   {runtime_call nmethod}
  0x000001f6e56a7a20: 0000 e9fb 

  0x000001f6e56a7a24: ;   {static_stub}
  0x000001f6e56a7a24: ffff ff48 | bb00 0000 | 0000 0000 

  0x000001f6e56a7a30: ;   {runtime_call nmethod}
  0x000001f6e56a7a30: 00e9 fbff 

  0x000001f6e56a7a34: ;   {static_stub}
  0x000001f6e56a7a34: ffff 48bb | 0000 0000 | 0000 0000 

  0x000001f6e56a7a40: ;   {runtime_call nmethod}
  0x000001f6e56a7a40: e9fb ffff 

  0x000001f6e56a7a44: ;   {runtime_call C1 Runtime handle_exception_from_callee_blob}
  0x000001f6e56a7a44: ffe8 9684 

  0x000001f6e56a7a48: ;   {external_word}
  0x000001f6e56a7a48: f706 48b9 | f8eb b635 | ff7f 0000 | 4883 e4f0 

  0x000001f6e56a7a58: ;   {runtime_call}
  0x000001f6e56a7a58: 48b8 b0a9 | 7d35 ff7f | 0000 ffd0 

  0x000001f6e56a7a64: ;   {section_word}
  0x000001f6e56a7a64: f449 ba65 | 7a6a e5f6 | 0100 0041 

  0x000001f6e56a7a70: ;   {runtime_call DeoptimizationBlob}
  0x000001f6e56a7a70: 52e9 0ad8 | eb06 f4f4 
[/MachCode]


Compiled method (c1) 152626 3455  s!   3       org.graalvm.visualvm.lib.jfluid.server.ProfilerServer::getLastResponse (68 bytes)
 total in heap  [0x000001f6e564c808,0x000001f6e564d1a8] = 2464
 relocation     [0x000001f6e564c8e0,0x000001f6e564c968] = 136
 main code      [0x000001f6e564c980,0x000001f6e564d128] = 1960
 stub code      [0x000001f6e564d128,0x000001f6e564d180] = 88
 oops           [0x000001f6e564d180,0x000001f6e564d188] = 8
 metadata       [0x000001f6e564d188,0x000001f6e564d1a8] = 32
 immutable data [0x000001f6c394be10,0x000001f6c394bf98] = 392
 dependencies   [0x000001f6c394be10,0x000001f6c394be20] = 16
 nul chk table  [0x000001f6c394be20,0x000001f6c394be30] = 16
 handler table  [0x000001f6c394be30,0x000001f6c394be88] = 88
 scopes pcs     [0x000001f6c394be88,0x000001f6c394bf38] = 176
 scopes data    [0x000001f6c394bf38,0x000001f6c394bf98] = 96

[Constant Pool (empty)]

[MachCode]
[Verified Entry Point]
  # {method} {0x000001f6c4850b40} 'getLastResponse' '()Lorg/graalvm/visualvm/lib/jfluid/wireprotocol/Response;' in 'org/graalvm/visualvm/lib/jfluid/server/ProfilerServer'
  #           [sp+0x70]  (sp of caller)
  0x000001f6e564c980: 8984 2400 | 80ff ff55 | 4883 ec60 | 4181 7f20 | 0100 0000 

  0x000001f6e564c994: ;   {runtime_call StubRoutines (final stubs)}
  0x000001f6e564c994: 7405 e865 

  0x000001f6e564c998: ;   {oop(a 'java/lang/Class'{0x0000000622428770} = 'org/graalvm/visualvm/lib/jfluid/server/ProfilerServer')}
  0x000001f6e564c998: 8fef 0649 | b870 8742 | 2206 0000 | 0048 8d54 | 2438 4c89 | 4208 498b | 0041 8bb7 | 5806 0000 
  0x000001f6e564c9b8: 81fe a806 | 0000 0f8d | d005 0000 | 4d3b 4437 | f80f 8425 | 0000 00a8 | 020f 85bd | 0500 0048 
  0x000001f6e564c9d8: 8bf0 4883 | e6fe 4883 | c801 f049 | 0fb1 300f | 85a7 0500 | 0041 8bb7 | 5806 0000 | 4d89 0437 
  0x000001f6e564c9f8: 83c6 0841 | 89b7 5806 

  0x000001f6e564ca00: ;   {metadata(method data for {method} {0x000001f6c4850b40} 'getLastResponse' '()Lorg/graalvm/visualvm/lib/jfluid/wireprotocol/Response;' in 'org/graalvm/visualvm/lib/jfluid/server/ProfilerServer')}
  0x000001f6e564ca00: 0000 48b8 | 6032 9cc4 | f601 0000 | 448b 80cc | 0000 0041 | 83c0 0244 | 8980 cc00 | 0000 4181 
  0x000001f6e564ca20: e0fe 0700 | 0045 85c0 | 0f84 7905 

  0x000001f6e564ca2c: ;   {oop(a 'java/lang/Object'{0x0000000622429378})}
  0x000001f6e564ca2c: 0000 49b8 | 7893 4222 | 0600 0000 | 488d 5424 | 484c 8942 | 0849 8b00 | 418b b758 | 0600 0081 
  0x000001f6e564ca4c: fea8 0600 | 000f 8d71 | 0500 004d | 3b44 37f8 | 0f84 2500 | 0000 a802 | 0f85 5e05 | 0000 488b 
  0x000001f6e564ca6c: f048 83e6 | fe48 83c8 | 01f0 490f | b130 0f85 | 4805 0000 | 418b b758 | 0600 004d | 8904 3783 
  0x000001f6e564ca8c: c608 4189 | b758 0600 

  0x000001f6e564ca94: ;   {oop(a 'java/lang/Class'{0x0000000622428770} = 'org/graalvm/visualvm/lib/jfluid/server/ProfilerServer')}
  0x000001f6e564ca94: 0049 b870 | 8742 2206 | 0000 0045 | 8b80 f800 | 0000 49c1 | e003 4d85 

  0x000001f6e564caac: ;   {metadata(method data for {method} {0x000001f6c4850b40} 'getLastResponse' '()Lorg/graalvm/visualvm/lib/jfluid/wireprotocol/Response;' in 'org/graalvm/visualvm/lib/jfluid/server/ProfilerServer')}
  0x000001f6e564caac: c049 b860 | 329c c4f6 | 0100 00ba | 1001 0000 | 7505 ba20 | 0100 0049 | 8b34 1048 | 8d76 0149 
  0x000001f6e564cacc: 8934 100f | 852f 0300 | 00e9 b200 | 0000 660f | 1f44 0000 

  0x000001f6e564cae0: ;   {metadata(method data for {method} {0x000001f6c4850b40} 'getLastResponse' '()Lorg/graalvm/visualvm/lib/jfluid/wireprotocol/Response;' in 'org/graalvm/visualvm/lib/jfluid/server/ProfilerServer')}
  0x000001f6e564cae0: 48b8 6032 | 9cc4 f601 | 0000 ff80 | 6001 0000 | 41b8 0000 | 0000 e921 | 0000 0049 | 8b87 0805 
  0x000001f6e564cb00: 0000 4d33 | d24d 8997 | 0805 0000 | 4d33 d24d | 8997 1005 | 0000 41b8 | 0100 0000 | 4585 c0ba 
  0x000001f6e564cb20: 0200 0000 | 7505 ba00 

  0x000001f6e564cb28: ;   {metadata(method data for {method} {0x000001f6c4850b40} 'getLastResponse' '()Lorg/graalvm/visualvm/lib/jfluid/wireprotocol/Response;' in 'org/graalvm/visualvm/lib/jfluid/server/ProfilerServer')}
  0x000001f6e564cb28: 0000 0048 | be60 329c | c4f6 0100 | 008b bed0 | 0000 0003 | fa89 bed0 | 0000 0085 | d275 05bf 
  0x000001f6e564cb48: 0200 0000 | 81e7 fe3f | 0000 85ff | 0f84 8104 | 0000 4d8b 

  0x000001f6e564cb5c: ; ImmutableOopMap {[64]=Oop [80]=Oop }
                      ;*ifne {reexecute=1 rethrow=0 return_oop=0}
                      ; - (reexecute) org.graalvm.visualvm.lib.jfluid.server.ProfilerServer::getLastResponse@29 (line 444)
                      ;   {poll}
  0x000001f6e564cb5c: 5730 4185 | 0245 85c0 

  0x000001f6e564cb64: ;   {metadata(method data for {method} {0x000001f6c4850b40} 'getLastResponse' '()Lorg/graalvm/visualvm/lib/jfluid/wireprotocol/Response;' in 'org/graalvm/visualvm/lib/jfluid/server/ProfilerServer')}
  0x000001f6e564cb64: 49b8 6032 | 9cc4 f601 | 0000 ba88 | 0100 0074 | 05ba 7801 | 0000 498b | 3410 488d | 7601 4989 
  0x000001f6e564cb84: 3410 0f84 | 7501 0000 

  0x000001f6e564cb8c: ;   {oop(a 'java/lang/Object'{0x0000000622429378})}
  0x000001f6e564cb8c: 48ba 7893 | 4222 0600 | 0000 4c8b 

  0x000001f6e564cb98: ;   {metadata(method data for {method} {0x000001f6c4850b40} 'getLastResponse' '()Lorg/graalvm/visualvm/lib/jfluid/wireprotocol/Response;' in 'org/graalvm/visualvm/lib/jfluid/server/ProfilerServer')}
  0x000001f6e564cb98: c248 be60 | 329c c4f6 | 0100 0045 | 8b40 0849 | ba00 0000 | 82f6 0100 | 004d 03c2 | 4c3b 8638 
  0x000001f6e564cbb8: 0100 0075 | 0d48 8386 | 4001 0000 | 01e9 6000 | 0000 4c3b | 8648 0100 | 0075 0d48 | 8386 5001 
  0x000001f6e564cbd8: 0000 01e9 | 4a00 0000 | 4883 be38 | 0100 0000 | 7517 4c89 | 8638 0100 | 0048 c786 | 4001 0000 
  0x000001f6e564cbf8: 0100 0000 | e929 0000 | 0048 83be | 4801 0000 | 0075 174c | 8986 4801 | 0000 48c7 | 8650 0100 
  0x000001f6e564cc18: 0001 0000 | 00e9 0800 | 0000 4883 | 8630 0100 

  0x000001f6e564cc28: ;   {metadata(method data for {method} {0x000001f6c49d8080} 'wait' '()V' in 'java/lang/Object')}
  0x000001f6e564cc28: 0001 49b8 | 00bf 9dc4 | f601 0000 | 418b b0cc | 0000 0083 | c602 4189 | b0cc 0000 | 0081 e6fe 
  0x000001f6e564cc48: ff1f 0085 | f60f 84a9 | 0300 004c 

  0x000001f6e564cc54: ;   {metadata(method data for {method} {0x000001f6c49d8080} 'wait' '()V' in 'java/lang/Object')}
  0x000001f6e564cc54: 8bc2 48be | 00bf 9dc4 | f601 0000 | 458b 4008 | 49ba 0000 | 0082 f601 | 0000 4d03 | c24c 3b86 
  0x000001f6e564cc74: 1801 0000 | 750d 4883 | 8620 0100 | 0001 e960 | 0000 004c | 3b86 2801 | 0000 750d | 4883 8630 
  0x000001f6e564cc94: 0100 0001 | e94a 0000 | 0048 83be | 1801 0000 | 0075 174c | 8986 1801 | 0000 48c7 | 8620 0100 
  0x000001f6e564ccb4: 0001 0000 | 00e9 2900 | 0000 4883 | be28 0100 | 0000 7517 | 4c89 8628 | 0100 0048 | c786 3001 
  0x000001f6e564ccd4: 0000 0100 | 0000 e908 | 0000 0048 | 8386 1001 | 0000 0141 | b800 0000 

  0x000001f6e564ccec: ;   {optimized virtual_call}
  0x000001f6e564ccec: 0066 90e8 

  0x000001f6e564ccf0: ; ImmutableOopMap {[64]=Oop [80]=Oop }
                      ;*invokevirtual wait {reexecute=0 rethrow=0 return_oop=0}
                      ; - java.lang.Object::wait@2 (line 351)
                      ; - org.graalvm.visualvm.lib.jfluid.server.ProfilerServer::getLastResponse@17 (line 438)
  0x000001f6e564ccf0: 2ca8 0500 

  0x000001f6e564ccf4: ;   {post_call_nop}
  0x000001f6e564ccf4: 0f1f 8400 | ec04 0001 | e9df fdff 

  0x000001f6e564cd00: ;   {oop(a 'java/lang/Class'{0x0000000622428770} = 'org/graalvm/visualvm/lib/jfluid/server/ProfilerServer')}
  0x000001f6e564cd00: ff49 b870 | 8742 2206 | 0000 0045 | 8b80 f800 | 0000 49c1 | e003 4d85 

  0x000001f6e564cd18: ;   {metadata(method data for {method} {0x000001f6c4850b40} 'getLastResponse' '()Lorg/graalvm/visualvm/lib/jfluid/wireprotocol/Response;' in 'org/graalvm/visualvm/lib/jfluid/server/ProfilerServer')}
  0x000001f6e564cd18: c049 b860 | 329c c4f6 | 0100 00ba | 9801 0000 | 7505 baa8 | 0100 0049 | 8b34 1048 | 8d76 0149 
  0x000001f6e564cd38: 8934 100f | 85c3 0000 

  0x000001f6e564cd40: ;   {oop(a 'java/lang/Class'{0x00000007ffc7c4d8} = 'java/lang/System')}
  0x000001f6e564cd40: 0049 b8d8 | c4c7 ff07 | 0000 0041 | 8b50 7448 | c1e2 0348 | 3b02 4c8b 

  0x000001f6e564cd58: ;   {metadata(method data for {method} {0x000001f6c4850b40} 'getLastResponse' '()Lorg/graalvm/visualvm/lib/jfluid/wireprotocol/Response;' in 'org/graalvm/visualvm/lib/jfluid/server/ProfilerServer')}
  0x000001f6e564cd58: c248 be60 | 329c c4f6 | 0100 0045 | 8b40 0849 | ba00 0000 | 82f6 0100 | 004d 03c2 | 4c3b 86c0 
  0x000001f6e564cd78: 0100 0075 | 0d48 8386 | c801 0000 | 01e9 6000 | 0000 4c3b | 86d0 0100 | 0075 0d48 | 8386 d801 
  0x000001f6e564cd98: 0000 01e9 | 4a00 0000 | 4883 bec0 | 0100 0000 | 7517 4c89 | 86c0 0100 | 0048 c786 | c801 0000 
  0x000001f6e564cdb8: 0100 0000 | e929 0000 | 0048 83be | d001 0000 | 0075 174c | 8986 d001 | 0000 48c7 | 86d8 0100 
  0x000001f6e564cdd8: 0001 0000 | 00e9 0800 | 0000 4883 | 86b8 0100 

  0x000001f6e564cde8: ;   {oop("Profiler Agent Error: lastResponse == null - internal error?"{0x000000061fc045c0})}
  0x000001f6e564cde8: 0001 49b8 | c045 c01f | 0600 0000 

  0x000001f6e564cdf4: ;   {optimized virtual_call}
  0x000001f6e564cdf4: 6666 90e8 

  0x000001f6e564cdf8: ; ImmutableOopMap {[64]=Oop [80]=Oop }
                      ;*invokevirtual println {reexecute=0 rethrow=0 return_oop=0}
                      ; - org.graalvm.visualvm.lib.jfluid.server.ProfilerServer::getLastResponse@43 (line 447)
  0x000001f6e564cdf8: 641c f106 

  0x000001f6e564cdfc: ;   {post_call_nop}
  0x000001f6e564cdfc: 0f1f 8400 | f405 0002 

  0x000001f6e564ce04: ;   {oop(a 'java/lang/Class'{0x0000000622428770} = 'org/graalvm/visualvm/lib/jfluid/server/ProfilerServer')}
  0x000001f6e564ce04: 48b8 7087 | 4222 0600 | 0000 8bb0 | f800 0000 | 48c1 e603 | 410f be7f | 4885 ff0f | 85fd 0100 
  0x000001f6e564ce24: 00c7 80f8 | 0000 0000 

  0x000001f6e564ce2c: ;   {oop(a 'java/lang/Object'{0x0000000622429378})}
  0x000001f6e564ce2c: 0000 0048 | b878 9342 | 2206 0000 | 0048 8d44 | 2448 488b | 5808 418b | bf58 0600 | 0049 3b5c 
  0x000001f6e564ce4c: 3ff8 0f85 | f001 0000 | 4183 af58 | 0600 0008 | 493b 5c3f | f00f 842a | 0000 0048 | 8b03 a802 
  0x000001f6e564ce6c: 0f85 1200 | 0000 488b | f848 83cf | 01f0 480f | b13b 0f84 | 0d00 0000 | 4183 8758 | 0600 0008 
  0x000001f6e564ce8c: e9b3 0100 

  0x000001f6e564ce90: ;   {metadata(method data for {method} {0x000001f6c4850b40} 'getLastResponse' '()Lorg/graalvm/visualvm/lib/jfluid/wireprotocol/Response;' in 'org/graalvm/visualvm/lib/jfluid/server/ProfilerServer')}
  0x000001f6e564ce90: 0048 b860 | 329c c4f6 | 0100 00ff | 80e8 0100 | 0048 8d44 | 2438 488b | 5808 418b | bf58 0600 
  0x000001f6e564ceb0: 0049 3b5c | 3ff8 0f85 | 9b01 0000 | 4183 af58 | 0600 0008 | 493b 5c3f | f00f 842a | 0000 0048 
  0x000001f6e564ced0: 8b03 a802 | 0f85 1200 | 0000 488b | f848 83cf | 01f0 480f | b13b 0f84 | 0d00 0000 | 4183 8758 
  0x000001f6e564cef0: 0600 0008 | e95e 0100 | 0048 8bc6 | 4883 c460 

  0x000001f6e564cf00: ;   {poll_return}
  0x000001f6e564cf00: 5d49 3b67 | 280f 875f | 0100 00c3 | 498b 8708 | 0500 004d | 33d2 4d89 | 9708 0500 | 004d 33d2 
  0x000001f6e564cf20: 4d89 9710 | 0500 0048 

  0x000001f6e564cf28: ;   {oop(a 'java/lang/Object'{0x0000000622429378})}
  0x000001f6e564cf28: 8bf0 48b8 | 7893 4222 | 0600 0000 | 488d 4424 | 4848 8b58 | 0841 8bbf | 5806 0000 | 493b 5c3f 
  0x000001f6e564cf48: f80f 8531 | 0100 0041 | 83af 5806 | 0000 0849 | 3b5c 3ff0 | 0f84 2a00 | 0000 488b | 03a8 020f 
  0x000001f6e564cf68: 8512 0000 | 0048 8bf8 | 4883 cf01 | f048 0fb1 | 3b0f 840d | 0000 0041 | 8387 5806 | 0000 08e9 
  0x000001f6e564cf88: f400 0000 | 488b c6e9 | 1c01 0000 | 4c89 4424 | 0848 8914 

  0x000001f6e564cf9c: ;   {runtime_call C1 Runtime monitorenter_nofpu_blob}
  0x000001f6e564cf9c: 24e8 be49 

  0x000001f6e564cfa0: ; ImmutableOopMap {r8=Oop [64]=Oop }
                      ;*synchronization entry
                      ; - org.graalvm.visualvm.lib.jfluid.server.ProfilerServer::getLastResponse@-1 (line 429)
  0x000001f6e564cfa0: fd06 e95b 

  0x000001f6e564cfa4: ;   {metadata({method} {0x000001f6c4850b40} 'getLastResponse' '()Lorg/graalvm/visualvm/lib/jfluid/wireprotocol/Response;' in 'org/graalvm/visualvm/lib/jfluid/server/ProfilerServer')}
  0x000001f6e564cfa4: faff ff49 | ba38 0b85 | c4f6 0100 | 004c 8954 | 2408 48c7 | 0424 ffff 

  0x000001f6e564cfbc: ;   {runtime_call C1 Runtime counter_overflow_blob}
  0x000001f6e564cfbc: ffff e89d 

  0x000001f6e564cfc0: ; ImmutableOopMap {[64]=Oop }
                      ;*synchronization entry
                      ; - org.graalvm.visualvm.lib.jfluid.server.ProfilerServer::getLastResponse@-1 (line 429)
  0x000001f6e564cfc0: 6afd 06e9 | 66fa ffff | 4c89 4424 | 0848 8914 

  0x000001f6e564cfd0: ;   {runtime_call C1 Runtime monitorenter_nofpu_blob}
  0x000001f6e564cfd0: 24e8 8a49 

  0x000001f6e564cfd4: ; ImmutableOopMap {r8=Oop [64]=Oop [80]=Oop }
                      ;*monitorenter {reexecute=0 rethrow=0 return_oop=0}
                      ; - org.graalvm.visualvm.lib.jfluid.server.ProfilerServer::getLastResponse@5 (line 429)
  0x000001f6e564cfd4: fd06 e9ba 

  0x000001f6e564cfd8: ;   {metadata({method} {0x000001f6c4850b40} 'getLastResponse' '()Lorg/graalvm/visualvm/lib/jfluid/wireprotocol/Response;' in 'org/graalvm/visualvm/lib/jfluid/server/ProfilerServer')}
  0x000001f6e564cfd8: faff ff49 | ba38 0b85 | c4f6 0100 | 004c 8954 | 2408 48c7 | 0424 1d00 

  0x000001f6e564cff0: ;   {runtime_call C1 Runtime counter_overflow_blob}
  0x000001f6e564cff0: 0000 e869 

  0x000001f6e564cff4: ; ImmutableOopMap {[64]=Oop [80]=Oop }
                      ;*ifne {reexecute=1 rethrow=0 return_oop=0}
                      ; - (reexecute) org.graalvm.visualvm.lib.jfluid.server.ProfilerServer::getLastResponse@29 (line 444)
  0x000001f6e564cff4: 6afd 06e9 | 5efb ffff 

  0x000001f6e564cffc: ;   {metadata({method} {0x000001f6c49d8080} 'wait' '()V' in 'java/lang/Object')}
  0x000001f6e564cffc: 49ba 7880 | 9dc4 f601 | 0000 4c89 | 5424 0848 | c704 24ff 

  0x000001f6e564d010: ;   {runtime_call C1 Runtime counter_overflow_blob}
  0x000001f6e564d010: ffff ffe8 

  0x000001f6e564d014: ; ImmutableOopMap {rdx=Oop [64]=Oop [80]=Oop }
                      ;*synchronization entry
                      ; - java.lang.Object::wait@-1 (line 351)
                      ; - org.graalvm.visualvm.lib.jfluid.server.ProfilerServer::getLastResponse@17 (line 438)
  0x000001f6e564d014: 486a fd06 | e936 fcff 

  0x000001f6e564d01c: ;   {runtime_call C1 Runtime throw_null_pointer_exception_blob}
  0x000001f6e564d01c: ffe8 3eff 

  0x000001f6e564d020: ; ImmutableOopMap {rdx=Oop [64]=Oop [80]=Oop }
                      ;*invokevirtual println {reexecute=0 rethrow=0 return_oop=0}
                      ; - org.graalvm.visualvm.lib.jfluid.server.ProfilerServer::getLastResponse@43 (line 447)
  0x000001f6e564d020: fc06 8bb8 | f800 0000 | 48c1 e703 | 4883 ff00 | 0f84 effd | ffff 4889 

  0x000001f6e564d038: ;   {runtime_call g1_pre_barrier_slow}
  0x000001f6e564d038: 3c24 e821 | 70fd 06e9 | e1fd ffff | 488d 4424 | 4848 8904 

  0x000001f6e564d04c: ;   {runtime_call C1 Runtime monitorexit_nofpu_blob}
  0x000001f6e564d04c: 24e8 0e4f | fd06 e93a | feff ff48 | 8d44 2438 | 4889 0424 

  0x000001f6e564d060: ;   {runtime_call C1 Runtime monitorexit_nofpu_blob}
  0x000001f6e564d060: e8fb 4efd | 06e9 8ffe 

  0x000001f6e564d068: ;   {internal_word}
  0x000001f6e564d068: ffff 49ba | 01cf 64e5 | f601 0000 | 4d89 9760 

  0x000001f6e564d078: ;   {runtime_call SafepointBlob}
  0x000001f6e564d078: 0400 00e9 | 608c f106 | 488d 4424 | 4848 8904 

  0x000001f6e564d088: ;   {runtime_call C1 Runtime monitorexit_nofpu_blob}
  0x000001f6e564d088: 24e8 d24e | fd06 e9f9 | feff ff49 | 8b87 0805 | 0000 49c7 | 8708 0500 | 0000 0000 | 0049 c787 
  0x000001f6e564d0a8: 1005 0000 | 0000 0000 | 488b d848 | 8d44 2438 | 488b 7008 | 418b bf58 | 0600 0049 | 3b74 3ff8 
  0x000001f6e564d0c8: 0f85 4a00 | 0000 4183 | af58 0600 | 0008 493b | 743f f00f | 842a 0000 | 0048 8b06 | a802 0f85 
  0x000001f6e564d0e8: 1200 0000 | 488b f848 | 83cf 01f0 | 480f b13e | 0f84 0d00 | 0000 4183 | 8758 0600 | 0008 e90d 
  0x000001f6e564d108: 0000 0048 | 8bc3 4883 

  0x000001f6e564d110: ;   {runtime_call C1 Runtime unwind_exception_blob}
  0x000001f6e564d110: c460 5de9 | 48e8 fc06 | 488d 4424 | 3848 8904 

  0x000001f6e564d120: ;   {runtime_call C1 Runtime monitorexit_nofpu_blob}
  0x000001f6e564d120: 24e8 3a4e | fd06 ebe3 
[Stub Code]
  0x000001f6e564d128: ;   {no_reloc}
  0x000001f6e564d128: 0f1f 4400 

  0x000001f6e564d12c: ;   {static_stub}
  0x000001f6e564d12c: 0048 bb00 | 0000 0000 

  0x000001f6e564d134: ;   {runtime_call nmethod}
  0x000001f6e564d134: 0000 00e9 | fbff ffff 

  0x000001f6e564d13c: ;   {static_stub}
  0x000001f6e564d13c: 48bb 9881 | 9dc4 f601 

  0x000001f6e564d144: ;   {runtime_call I2C/C2I adapters}
  0x000001f6e564d144: 0000 e96b 

  0x000001f6e564d148: ;   {runtime_call C1 Runtime handle_exception_from_callee_blob}
  0x000001f6e564d148: 96f1 06e8 | 902d fd06 

  0x000001f6e564d150: ;   {external_word}
  0x000001f6e564d150: 48b9 f8eb | b635 ff7f | 0000 4883 

  0x000001f6e564d15c: ;   {runtime_call}
  0x000001f6e564d15c: e4f0 48b8 | b0a9 7d35 | ff7f 0000 

  0x000001f6e564d168: ;   {section_word}
  0x000001f6e564d168: ffd0 f449 | ba6b d164 | e5f6 0100 

  0x000001f6e564d174: ;   {runtime_call DeoptimizationBlob}
  0x000001f6e564d174: 0041 52e9 | 0481 f106 | f4f4 f4f4 
[/MachCode]


---------------  P R O C E S S  ---------------

Threads class SMR info:
_java_thread_list=0x000001f6c3a4b5f0, length=25, elements={
0x000001f6fed8e0d0, 0x000001f6fed8ea10, 0x000001f6fed939e0, 0x000001f6fed94510,
0x000001f6fed96050, 0x000001f6fed96b80, 0x000001f6fed999f0, 0x000001f6fedb6f90,
0x000001f6c3106bc0, 0x000001f6c32990c0, 0x000001f6c3370260, 0x000001f6c3b3fde0,
0x000001f6c3bf3990, 0x000001f6c94a3820, 0x000001f6c90878a0, 0x000001f6c90882a0,
0x000001f6c9088e80, 0x000001f6c94c2500, 0x000001f6c94c0f10, 0x000001f6c94c1660,
0x000001f6c94c3af0, 0x000001f6c94c2c50, 0x000001f6c94c1db0, 0x000001f6cbd111f0,
0x000001f6cbd0f4b0
}

Java Threads: ( => current thread )
  0x000001f6fed8e0d0 JavaThread "Reference Handler"          daemon [_thread_blocked, id=18416, stack(0x0000001037200000,0x0000001037300000) (1024K)]
  0x000001f6fed8ea10 JavaThread "Finalizer"                  daemon [_thread_blocked, id=23736, stack(0x0000001037300000,0x0000001037400000) (1024K)]
  0x000001f6fed939e0 JavaThread "Signal Dispatcher"          daemon [_thread_blocked, id=6540, stack(0x0000001037400000,0x0000001037500000) (1024K)]
  0x000001f6fed94510 JavaThread "Attach Listener"            daemon [_thread_blocked, id=7064, stack(0x0000001037500000,0x0000001037600000) (1024K)]
  0x000001f6fed96050 JavaThread "Service Thread"             daemon [_thread_blocked, id=9644, stack(0x0000001037600000,0x0000001037700000) (1024K)]
  0x000001f6fed96b80 JavaThread "Monitor Deflation Thread"   daemon [_thread_blocked, id=12400, stack(0x0000001037700000,0x0000001037800000) (1024K)]
  0x000001f6fed999f0 JavaThread "C2 CompilerThread0"         daemon [_thread_blocked, id=20740, stack(0x0000001037800000,0x0000001037900000) (1024K)]
  0x000001f6fedb6f90 JavaThread "C1 CompilerThread0"         daemon [_thread_blocked, id=23804, stack(0x0000001037900000,0x0000001037a00000) (1024K)]
  0x000001f6c3106bc0 JavaThread "Common-Cleaner"             daemon [_thread_blocked, id=9888, stack(0x0000001037a00000,0x0000001037b00000) (1024K)]
  0x000001f6c32990c0 JavaThread "Monitor Ctrl-Break"         daemon [_thread_in_native, id=1856, stack(0x0000001037d00000,0x0000001037e00000) (1024K)]
  0x000001f6c3370260 JavaThread "Notification Thread"        daemon [_thread_blocked, id=9740, stack(0x0000001037e00000,0x0000001037f00000) (1024K)]
  0x000001f6c3b3fde0 JavaThread "JFR Recorder Thread"        daemon [_thread_in_native, id=12704, stack(0x0000001038200000,0x0000001038300000) (1024K)]
  0x000001f6c3bf3990 JavaThread "JFR Periodic Tasks"         daemon [_thread_blocked, id=25100, stack(0x0000001038700000,0x0000001038800000) (1024K)]
  0x000001f6c94a3820 JavaThread "RMI TCP Accept-0"           daemon [_thread_in_native, id=20648, stack(0x0000001038500000,0x0000001038600000) (1024K)]
  0x000001f6c90878a0 JavaThread "RMI TCP Connection(4)-192.168.0.102" daemon [_thread_in_native, id=11912, stack(0x0000001038800000,0x0000001038900000) (1024K)]
  0x000001f6c90882a0 JavaThread "RMI Scheduler(0)"           daemon [_thread_blocked, id=13756, stack(0x0000001038900000,0x0000001038a00000) (1024K)]
  0x000001f6c9088e80 JavaThread "JMX server connection timeout 46" daemon [_thread_blocked, id=10956, stack(0x0000001038a00000,0x0000001038b00000) (1024K)]
  0x000001f6c94c2500 JavaThread "VirtualThread-unblocker"    daemon [_thread_blocked, id=12448, stack(0x0000001038400000,0x0000001038500000) (1024K)]
  0x000001f6c94c0f10 JavaThread "RMI TCP Connection(3)-192.168.0.102" daemon [_thread_in_native, id=4760, stack(0x0000001038000000,0x0000001038100000) (1024K)]
  0x000001f6c94c1660 JavaThread "*** Profiler Agent Communication Thread" daemon [_thread_blocked, id=6824, stack(0x0000001037f00000,0x0000001038000000) (1024K)]
  0x000001f6c94c3af0 JavaThread "*** JFluid Monitor thread ***" daemon [_thread_blocked, id=13136, stack(0x0000001038100000,0x0000001038200000) (1024K)]
  0x000001f6c94c2c50 JavaThread "*** Profiler Agent Special Execution Thread 6" daemon [_thread_blocked, id=12852, stack(0x0000001038300000,0x0000001038400000) (1024K)]
  0x000001f6c94c1db0 JavaThread "*** Profiler Agent Special Execution Thread 3" daemon [_thread_blocked, id=15400, stack(0x0000001036800000,0x0000001036900000) (1024K)]
  0x000001f6cbd111f0 JavaThread "JMH-Shutdown-Timeout"       daemon [_thread_blocked, id=21716, stack(0x0000001036700000,0x0000001036800000) (1024K)]
=>0x000001f6cbd0f4b0 JavaThread "<no-name - thread is attaching>"        [_thread_in_vm, id=4416, stack(0x0000001036a00000,0x0000001036b00000) (1024K)]
Total: 25

Other Threads:
  0x000001f6fed7dbf0 VMThread "VM Thread"                           [id=24008, stack(0x0000001037100000,0x0000001037200000) (1024K)]
  0x000001f6fecce1c0 WatcherThread "VM Periodic Task Thread"        [id=15104, stack(0x0000001037000000,0x0000001037100000) (1024K)]
  0x000001f6dc88c6c0 WorkerThread "GC Thread#0"                     [id=21360, stack(0x0000001036b00000,0x0000001036c00000) (1024K)]
  0x000001f6c324ba20 WorkerThread "GC Thread#1"                     [id=23144, stack(0x0000001038c00000,0x0000001038d00000) (1024K)]
  0x000001f6c30fe140 WorkerThread "GC Thread#2"                     [id=24480, stack(0x0000001038d00000,0x0000001038e00000) (1024K)]
  0x000001f6c30fe4f0 WorkerThread "GC Thread#3"                     [id=12268, stack(0x0000001038e00000,0x0000001038f00000) (1024K)]
  0x000001f6c9517660 WorkerThread "GC Thread#4"                     [id=24800, stack(0x0000001038f00000,0x0000001039000000) (1024K)]
  0x000001f6c9517dc0 WorkerThread "GC Thread#5"                     [id=25356, stack(0x0000001039000000,0x0000001039100000) (1024K)]
  0x000001f6c95172b0 WorkerThread "GC Thread#6"                     [id=19560, stack(0x0000001039100000,0x0000001039200000) (1024K)]
  0x000001f6c9516b50 WorkerThread "GC Thread#7"                     [id=18588, stack(0x0000001039200000,0x0000001039300000) (1024K)]
  0x000001f6c9516f00 WorkerThread "GC Thread#8"                     [id=23704, stack(0x0000001039300000,0x0000001039400000) (1024K)]
  0x000001f6c9517a10 WorkerThread "GC Thread#9"                     [id=4928, stack(0x0000001039400000,0x0000001039500000) (1024K)]
  0x000001f6c9518170 WorkerThread "GC Thread#10"                    [id=11360, stack(0x0000001039500000,0x0000001039600000) (1024K)]
  0x000001f6c95167a0 WorkerThread "GC Thread#11"                    [id=3300, stack(0x0000001039600000,0x0000001039700000) (1024K)]
  0x000001f6fec62010 ConcurrentGCThread "G1 Main Marker"            [id=3784, stack(0x0000001036c00000,0x0000001036d00000) (1024K)]
  0x000001f6fec632c0 WorkerThread "G1 Conc#0"                       [id=25224, stack(0x0000001036d00000,0x0000001036e00000) (1024K)]
  0x000001f6dc8dea40 ConcurrentGCThread "G1 Refine#0"               [id=22888, stack(0x0000001036e00000,0x0000001036f00000) (1024K)]
  0x000001f6fecbd6a0 ConcurrentGCThread "G1 Service"                [id=24748, stack(0x0000001036f00000,0x0000001037000000) (1024K)]
Total: 18

Threads with active compile tasks:
Total: 0

VM state: not at safepoint (normal execution)

VM Mutex/Monitor currently owned by a thread: None

Heap address: 0x0000000605c00000, size: 8100 MB, Compressed Oops mode: Zero based, Oop shift amount: 3

CDS archive(s) mapped at: [0x000001f682000000-0x000001f682d40000-0x000001f682d40000), size 13893632, SharedBaseAddress: 0x000001f682000000, ArchiveRelocationMode: 1.
Compressed class space mapped at: 0x000001f683000000-0x000001f6c3000000, reserved size: 1073741824
UseCompressedClassPointers 1, UseCompactObjectHeaders 0
Narrow klass pointer bits 32, Max shift 3
Narrow klass base: 0x000001f682000000, Narrow klass shift: 0
Encoding Range: [0x000001f682000000 - 0x000001f782000000), (4294967296 bytes)
Klass Range:    [0x000001f682000000 - 0x000001f6c3000000), (1090519040 bytes)
Klass ID Range:  [8 - 1090519033) (1090519025)

GC Precious Log:
 CardTable entry size: 512
 Card Set container configuration: InlinePtr #cards 4 size 8 Array Of Cards #cards 32 size 80 Howl #buckets 8 coarsen threshold 7372 Howl Bitmap #cards 1024 size 144 coarsen threshold 921 Card regions per heap region 1 cards per card region 8192
 CPUs: 20 total, 20 available
 Memory: 32387M
 Large Page Support: Disabled
 NUMA Support: Disabled
 Compressed Oops: Enabled (Zero based)
 Heap Region Size: 4M
 Heap Min Capacity: 8M
 Heap Initial Capacity: 508M
 Heap Max Capacity: 8100M
 Pre-touch: Disabled
 Parallel Workers: 15
 Concurrent Workers: 4
 Concurrent Refinement Workers: 15
 Periodic GC: Disabled

Heap:
 garbage-first heap   total reserved 8294400K, committed 524288K, used 200597K [0x0000000605c00000, 0x0000000800000000)
  region size 4096K, 51 young (208896K), 2 survivors (8192K)
 Metaspace       used 10937K, committed 11264K, reserved 1114112K
  class space    used 973K, committed 1152K, reserved 1048576K

Heap Regions: E=young(eden), S=young(survivor), O=old, HS=humongous(starts), HC=humongous(continues), CS=collection set, F=free, TAMS=top-at-mark-start, PB=parsable bottom
|   0|0x0000000605c00000, 0x0000000605c00000, 0x0000000606000000|  0%| F|  |TAMS 0x0000000605c00000| PB 0x0000000605c00000| Untracked |  0
|   1|0x0000000606000000, 0x0000000606000000, 0x0000000606400000|  0%| F|  |TAMS 0x0000000606000000| PB 0x0000000606000000| Untracked |  0
|   2|0x0000000606400000, 0x0000000606400000, 0x0000000606800000|  0%| F|  |TAMS 0x0000000606400000| PB 0x0000000606400000| Untracked |  0
|   3|0x0000000606800000, 0x0000000606800000, 0x0000000606c00000|  0%| F|  |TAMS 0x0000000606800000| PB 0x0000000606800000| Untracked |  0
|   4|0x0000000606c00000, 0x0000000606c00000, 0x0000000607000000|  0%| F|  |TAMS 0x0000000606c00000| PB 0x0000000606c00000| Untracked |  0
|   5|0x0000000607000000, 0x0000000607000000, 0x0000000607400000|  0%| F|  |TAMS 0x0000000607000000| PB 0x0000000607000000| Untracked |  0
|   6|0x0000000607400000, 0x0000000607400000, 0x0000000607800000|  0%| F|  |TAMS 0x0000000607400000| PB 0x0000000607400000| Untracked |  0
|   7|0x0000000607800000, 0x0000000607800000, 0x0000000607c00000|  0%| F|  |TAMS 0x0000000607800000| PB 0x0000000607800000| Untracked |  0
|   8|0x0000000607c00000, 0x0000000607c00000, 0x0000000608000000|  0%| F|  |TAMS 0x0000000607c00000| PB 0x0000000607c00000| Untracked |  0
|   9|0x0000000608000000, 0x0000000608000000, 0x0000000608400000|  0%| F|  |TAMS 0x0000000608000000| PB 0x0000000608000000| Untracked |  0
|  10|0x0000000608400000, 0x0000000608400000, 0x0000000608800000|  0%| F|  |TAMS 0x0000000608400000| PB 0x0000000608400000| Untracked |  0
|  11|0x0000000608800000, 0x0000000608800000, 0x0000000608c00000|  0%| F|  |TAMS 0x0000000608800000| PB 0x0000000608800000| Untracked |  0
|  12|0x0000000608c00000, 0x0000000608c00000, 0x0000000609000000|  0%| F|  |TAMS 0x0000000608c00000| PB 0x0000000608c00000| Untracked |  0
|  13|0x0000000609000000, 0x0000000609000000, 0x0000000609400000|  0%| F|  |TAMS 0x0000000609000000| PB 0x0000000609000000| Untracked |  0
|  14|0x0000000609400000, 0x0000000609400000, 0x0000000609800000|  0%| F|  |TAMS 0x0000000609400000| PB 0x0000000609400000| Untracked |  0
|  15|0x0000000609800000, 0x0000000609800000, 0x0000000609c00000|  0%| F|  |TAMS 0x0000000609800000| PB 0x0000000609800000| Untracked |  0
|  16|0x0000000609c00000, 0x0000000609c00000, 0x000000060a000000|  0%| F|  |TAMS 0x0000000609c00000| PB 0x0000000609c00000| Untracked |  0
|  17|0x000000060a000000, 0x000000060a000000, 0x000000060a400000|  0%| F|  |TAMS 0x000000060a000000| PB 0x000000060a000000| Untracked |  0
|  18|0x000000060a400000, 0x000000060a400000, 0x000000060a800000|  0%| F|  |TAMS 0x000000060a400000| PB 0x000000060a400000| Untracked |  0
|  19|0x000000060a800000, 0x000000060a800000, 0x000000060ac00000|  0%| F|  |TAMS 0x000000060a800000| PB 0x000000060a800000| Untracked |  0
|  20|0x000000060ac00000, 0x000000060ac00000, 0x000000060b000000|  0%| F|  |TAMS 0x000000060ac00000| PB 0x000000060ac00000| Untracked |  0
|  21|0x000000060b000000, 0x000000060b000000, 0x000000060b400000|  0%| F|  |TAMS 0x000000060b000000| PB 0x000000060b000000| Untracked |  0
|  22|0x000000060b400000, 0x000000060b400000, 0x000000060b800000|  0%| F|  |TAMS 0x000000060b400000| PB 0x000000060b400000| Untracked |  0
|  23|0x000000060b800000, 0x000000060b800000, 0x000000060bc00000|  0%| F|  |TAMS 0x000000060b800000| PB 0x000000060b800000| Untracked |  0
|  24|0x000000060bc00000, 0x000000060bc00000, 0x000000060c000000|  0%| F|  |TAMS 0x000000060bc00000| PB 0x000000060bc00000| Untracked |  0
|  25|0x000000060c000000, 0x000000060c000000, 0x000000060c400000|  0%| F|  |TAMS 0x000000060c000000| PB 0x000000060c000000| Untracked |  0
|  26|0x000000060c400000, 0x000000060c400000, 0x000000060c800000|  0%| F|  |TAMS 0x000000060c400000| PB 0x000000060c400000| Untracked |  0
|  27|0x000000060c800000, 0x000000060c800000, 0x000000060cc00000|  0%| F|  |TAMS 0x000000060c800000| PB 0x000000060c800000| Untracked |  0
|  28|0x000000060cc00000, 0x000000060cc00000, 0x000000060d000000|  0%| F|  |TAMS 0x000000060cc00000| PB 0x000000060cc00000| Untracked |  0
|  29|0x000000060d000000, 0x000000060d000000, 0x000000060d400000|  0%| F|  |TAMS 0x000000060d000000| PB 0x000000060d000000| Untracked |  0
|  30|0x000000060d400000, 0x000000060d400000, 0x000000060d800000|  0%| F|  |TAMS 0x000000060d400000| PB 0x000000060d400000| Untracked |  0
|  31|0x000000060d800000, 0x000000060d800000, 0x000000060dc00000|  0%| F|  |TAMS 0x000000060d800000| PB 0x000000060d800000| Untracked |  0
|  32|0x000000060dc00000, 0x000000060dc00000, 0x000000060e000000|  0%| F|  |TAMS 0x000000060dc00000| PB 0x000000060dc00000| Untracked |  0
|  33|0x000000060e000000, 0x000000060e000000, 0x000000060e400000|  0%| F|  |TAMS 0x000000060e000000| PB 0x000000060e000000| Untracked |  0
|  34|0x000000060e400000, 0x000000060e400000, 0x000000060e800000|  0%| F|  |TAMS 0x000000060e400000| PB 0x000000060e400000| Untracked |  0
|  35|0x000000060e800000, 0x000000060e800000, 0x000000060ec00000|  0%| F|  |TAMS 0x000000060e800000| PB 0x000000060e800000| Untracked |  0
|  36|0x000000060ec00000, 0x000000060ec00000, 0x000000060f000000|  0%| F|  |TAMS 0x000000060ec00000| PB 0x000000060ec00000| Untracked |  0
|  37|0x000000060f000000, 0x000000060f000000, 0x000000060f400000|  0%| F|  |TAMS 0x000000060f000000| PB 0x000000060f000000| Untracked |  0
|  38|0x000000060f400000, 0x000000060f400000, 0x000000060f800000|  0%| F|  |TAMS 0x000000060f400000| PB 0x000000060f400000| Untracked |  0
|  39|0x000000060f800000, 0x000000060f800000, 0x000000060fc00000|  0%| F|  |TAMS 0x000000060f800000| PB 0x000000060f800000| Untracked |  0
|  40|0x000000060fc00000, 0x000000060fc00000, 0x0000000610000000|  0%| F|  |TAMS 0x000000060fc00000| PB 0x000000060fc00000| Untracked |  0
|  41|0x0000000610000000, 0x0000000610000000, 0x0000000610400000|  0%| F|  |TAMS 0x0000000610000000| PB 0x0000000610000000| Untracked |  0
|  42|0x0000000610400000, 0x0000000610400000, 0x0000000610800000|  0%| F|  |TAMS 0x0000000610400000| PB 0x0000000610400000| Untracked |  0
|  43|0x0000000610800000, 0x0000000610800000, 0x0000000610c00000|  0%| F|  |TAMS 0x0000000610800000| PB 0x0000000610800000| Untracked |  0
|  44|0x0000000610c00000, 0x0000000610c00000, 0x0000000611000000|  0%| F|  |TAMS 0x0000000610c00000| PB 0x0000000610c00000| Untracked |  0
|  45|0x0000000611000000, 0x0000000611000000, 0x0000000611400000|  0%| F|  |TAMS 0x0000000611000000| PB 0x0000000611000000| Untracked |  0
|  46|0x0000000611400000, 0x0000000611400000, 0x0000000611800000|  0%| F|  |TAMS 0x0000000611400000| PB 0x0000000611400000| Untracked |  0
|  47|0x0000000611800000, 0x0000000611800000, 0x0000000611c00000|  0%| F|  |TAMS 0x0000000611800000| PB 0x0000000611800000| Untracked |  0
|  48|0x0000000611c00000, 0x0000000611c00000, 0x0000000612000000|  0%| F|  |TAMS 0x0000000611c00000| PB 0x0000000611c00000| Untracked |  0
|  49|0x0000000612000000, 0x0000000612000000, 0x0000000612400000|  0%| F|  |TAMS 0x0000000612000000| PB 0x0000000612000000| Untracked |  0
|  50|0x0000000612400000, 0x0000000612400000, 0x0000000612800000|  0%| F|  |TAMS 0x0000000612400000| PB 0x0000000612400000| Untracked |  0
|  51|0x0000000612800000, 0x0000000612800000, 0x0000000612c00000|  0%| F|  |TAMS 0x0000000612800000| PB 0x0000000612800000| Untracked |  0
|  52|0x0000000612c00000, 0x0000000612c00000, 0x0000000613000000|  0%| F|  |TAMS 0x0000000612c00000| PB 0x0000000612c00000| Untracked |  0
|  53|0x0000000613000000, 0x0000000613000000, 0x0000000613400000|  0%| F|  |TAMS 0x0000000613000000| PB 0x0000000613000000| Untracked |  0
|  54|0x0000000613400000, 0x0000000613400000, 0x0000000613800000|  0%| F|  |TAMS 0x0000000613400000| PB 0x0000000613400000| Untracked |  0
|  55|0x0000000613800000, 0x0000000613800000, 0x0000000613c00000|  0%| F|  |TAMS 0x0000000613800000| PB 0x0000000613800000| Untracked |  0
|  56|0x0000000613c00000, 0x0000000613c00000, 0x0000000614000000|  0%| F|  |TAMS 0x0000000613c00000| PB 0x0000000613c00000| Untracked |  0
|  57|0x0000000614000000, 0x0000000614000000, 0x0000000614400000|  0%| F|  |TAMS 0x0000000614000000| PB 0x0000000614000000| Untracked |  0
|  58|0x0000000614400000, 0x0000000614400000, 0x0000000614800000|  0%| F|  |TAMS 0x0000000614400000| PB 0x0000000614400000| Untracked |  0
|  59|0x0000000614800000, 0x0000000614800000, 0x0000000614c00000|  0%| F|  |TAMS 0x0000000614800000| PB 0x0000000614800000| Untracked |  0
|  60|0x0000000614c00000, 0x0000000614c00000, 0x0000000615000000|  0%| F|  |TAMS 0x0000000614c00000| PB 0x0000000614c00000| Untracked |  0
|  61|0x0000000615000000, 0x0000000615000000, 0x0000000615400000|  0%| F|  |TAMS 0x0000000615000000| PB 0x0000000615000000| Untracked |  0
|  62|0x0000000615400000, 0x0000000615400000, 0x0000000615800000|  0%| F|  |TAMS 0x0000000615400000| PB 0x0000000615400000| Untracked |  0
|  63|0x0000000615800000, 0x0000000615800000, 0x0000000615c00000|  0%| F|  |TAMS 0x0000000615800000| PB 0x0000000615800000| Untracked |  0
|  64|0x0000000615c00000, 0x0000000615c00000, 0x0000000616000000|  0%| F|  |TAMS 0x0000000615c00000| PB 0x0000000615c00000| Untracked |  0
|  65|0x0000000616000000, 0x0000000616000000, 0x0000000616400000|  0%| F|  |TAMS 0x0000000616000000| PB 0x0000000616000000| Untracked |  0
|  66|0x0000000616400000, 0x0000000616400000, 0x0000000616800000|  0%| F|  |TAMS 0x0000000616400000| PB 0x0000000616400000| Untracked |  0
|  67|0x0000000616800000, 0x0000000616800000, 0x0000000616c00000|  0%| F|  |TAMS 0x0000000616800000| PB 0x0000000616800000| Untracked |  0
|  68|0x0000000616c00000, 0x0000000616c00000, 0x0000000617000000|  0%| F|  |TAMS 0x0000000616c00000| PB 0x0000000616c00000| Untracked |  0
|  69|0x0000000617000000, 0x0000000617000000, 0x0000000617400000|  0%| F|  |TAMS 0x0000000617000000| PB 0x0000000617000000| Untracked |  0
|  70|0x0000000617400000, 0x0000000617400000, 0x0000000617800000|  0%| F|  |TAMS 0x0000000617400000| PB 0x0000000617400000| Untracked |  0
|  71|0x0000000617800000, 0x0000000617800000, 0x0000000617c00000|  0%| F|  |TAMS 0x0000000617800000| PB 0x0000000617800000| Untracked |  0
|  72|0x0000000617c00000, 0x0000000617c00000, 0x0000000618000000|  0%| F|  |TAMS 0x0000000617c00000| PB 0x0000000617c00000| Untracked |  0
|  73|0x0000000618000000, 0x0000000618000000, 0x0000000618400000|  0%| F|  |TAMS 0x0000000618000000| PB 0x0000000618000000| Untracked |  0
|  74|0x0000000618400000, 0x0000000618400000, 0x0000000618800000|  0%| F|  |TAMS 0x0000000618400000| PB 0x0000000618400000| Untracked |  0
|  75|0x0000000618800000, 0x0000000618800000, 0x0000000618c00000|  0%| F|  |TAMS 0x0000000618800000| PB 0x0000000618800000| Untracked |  0
|  76|0x0000000618c00000, 0x0000000618f2afc0, 0x0000000619000000| 79%| E|  |TAMS 0x0000000618c00000| PB 0x0000000618c00000| Complete |  0
|  77|0x0000000619000000, 0x0000000619400000, 0x0000000619400000|100%| E|CS|TAMS 0x0000000619000000| PB 0x0000000619000000| Complete |  0
|  78|0x0000000619400000, 0x0000000619800000, 0x0000000619800000|100%| E|CS|TAMS 0x0000000619400000| PB 0x0000000619400000| Complete |  0
|  79|0x0000000619800000, 0x0000000619c00000, 0x0000000619c00000|100%| E|CS|TAMS 0x0000000619800000| PB 0x0000000619800000| Complete |  0
|  80|0x0000000619c00000, 0x000000061a000000, 0x000000061a000000|100%| E|CS|TAMS 0x0000000619c00000| PB 0x0000000619c00000| Complete |  0
|  81|0x000000061a000000, 0x000000061a400000, 0x000000061a400000|100%| E|CS|TAMS 0x000000061a000000| PB 0x000000061a000000| Complete |  0
|  82|0x000000061a400000, 0x000000061a800000, 0x000000061a800000|100%| E|CS|TAMS 0x000000061a400000| PB 0x000000061a400000| Complete |  0
|  83|0x000000061a800000, 0x000000061ac00000, 0x000000061ac00000|100%| E|CS|TAMS 0x000000061a800000| PB 0x000000061a800000| Complete |  0
|  84|0x000000061ac00000, 0x000000061b000000, 0x000000061b000000|100%| E|CS|TAMS 0x000000061ac00000| PB 0x000000061ac00000| Complete |  0
|  85|0x000000061b000000, 0x000000061b400000, 0x000000061b400000|100%| E|CS|TAMS 0x000000061b000000| PB 0x000000061b000000| Complete |  0
|  86|0x000000061b400000, 0x000000061b800000, 0x000000061b800000|100%| E|CS|TAMS 0x000000061b400000| PB 0x000000061b400000| Complete |  0
|  87|0x000000061b800000, 0x000000061bc00000, 0x000000061bc00000|100%| E|CS|TAMS 0x000000061b800000| PB 0x000000061b800000| Complete |  0
|  88|0x000000061bc00000, 0x000000061c000000, 0x000000061c000000|100%| E|CS|TAMS 0x000000061bc00000| PB 0x000000061bc00000| Complete |  0
|  89|0x000000061c000000, 0x000000061c400000, 0x000000061c400000|100%| E|CS|TAMS 0x000000061c000000| PB 0x000000061c000000| Complete |  0
|  90|0x000000061c400000, 0x000000061c800000, 0x000000061c800000|100%| E|CS|TAMS 0x000000061c400000| PB 0x000000061c400000| Complete |  0
|  91|0x000000061c800000, 0x000000061cc00000, 0x000000061cc00000|100%| E|CS|TAMS 0x000000061c800000| PB 0x000000061c800000| Complete |  0
|  92|0x000000061cc00000, 0x000000061d000000, 0x000000061d000000|100%| E|CS|TAMS 0x000000061cc00000| PB 0x000000061cc00000| Complete |  0
|  93|0x000000061d000000, 0x000000061d400000, 0x000000061d400000|100%| E|CS|TAMS 0x000000061d000000| PB 0x000000061d000000| Complete |  0
|  94|0x000000061d400000, 0x000000061d800000, 0x000000061d800000|100%| E|CS|TAMS 0x000000061d400000| PB 0x000000061d400000| Complete |  0
|  95|0x000000061d800000, 0x000000061dc00000, 0x000000061dc00000|100%| E|CS|TAMS 0x000000061d800000| PB 0x000000061d800000| Complete |  0
|  96|0x000000061dc00000, 0x000000061e000000, 0x000000061e000000|100%| E|CS|TAMS 0x000000061dc00000| PB 0x000000061dc00000| Complete |  0
|  97|0x000000061e000000, 0x000000061e400000, 0x000000061e400000|100%| E|CS|TAMS 0x000000061e000000| PB 0x000000061e000000| Complete |  0
|  98|0x000000061e400000, 0x000000061e800000, 0x000000061e800000|100%| E|CS|TAMS 0x000000061e400000| PB 0x000000061e400000| Complete |  0
|  99|0x000000061e800000, 0x000000061ec00000, 0x000000061ec00000|100%| E|CS|TAMS 0x000000061e800000| PB 0x000000061e800000| Complete |  0
| 100|0x000000061ec00000, 0x000000061f000000, 0x000000061f000000|100%| E|CS|TAMS 0x000000061ec00000| PB 0x000000061ec00000| Complete |  0
| 101|0x000000061f000000, 0x000000061f400000, 0x000000061f400000|100%| E|CS|TAMS 0x000000061f000000| PB 0x000000061f000000| Complete |  0
| 102|0x000000061f400000, 0x000000061f800000, 0x000000061f800000|100%| E|CS|TAMS 0x000000061f400000| PB 0x000000061f400000| Complete |  0
| 103|0x000000061f800000, 0x000000061fc00000, 0x000000061fc00000|100%| E|CS|TAMS 0x000000061f800000| PB 0x000000061f800000| Complete |  0
| 104|0x000000061fc00000, 0x0000000620000000, 0x0000000620000000|100%| E|CS|TAMS 0x000000061fc00000| PB 0x000000061fc00000| Complete |  0
| 105|0x0000000620000000, 0x0000000620400000, 0x0000000620400000|100%| E|CS|TAMS 0x0000000620000000| PB 0x0000000620000000| Complete |  0
| 106|0x0000000620400000, 0x0000000620800000, 0x0000000620800000|100%| E|CS|TAMS 0x0000000620400000| PB 0x0000000620400000| Complete |  0
| 107|0x0000000620800000, 0x0000000620c00000, 0x0000000620c00000|100%| E|CS|TAMS 0x0000000620800000| PB 0x0000000620800000| Complete |  0
| 108|0x0000000620c00000, 0x0000000621000000, 0x0000000621000000|100%| E|CS|TAMS 0x0000000620c00000| PB 0x0000000620c00000| Complete |  0
| 109|0x0000000621000000, 0x0000000621400000, 0x0000000621400000|100%| E|CS|TAMS 0x0000000621000000| PB 0x0000000621000000| Complete |  0
| 110|0x0000000621400000, 0x0000000621800000, 0x0000000621800000|100%| E|CS|TAMS 0x0000000621400000| PB 0x0000000621400000| Complete |  0
| 111|0x0000000621800000, 0x0000000621c00000, 0x0000000621c00000|100%| E|CS|TAMS 0x0000000621800000| PB 0x0000000621800000| Complete |  0
| 112|0x0000000621c00000, 0x0000000622000000, 0x0000000622000000|100%| E|CS|TAMS 0x0000000621c00000| PB 0x0000000621c00000| Complete |  0
| 113|0x0000000622000000, 0x00000006222c82a8, 0x0000000622400000| 69%| S|CS|TAMS 0x0000000622000000| PB 0x0000000622000000| Complete |  0
| 114|0x0000000622400000, 0x0000000622800000, 0x0000000622800000|100%| S|CS|TAMS 0x0000000622400000| PB 0x0000000622400000| Complete |  0
| 115|0x0000000622800000, 0x0000000622c00000, 0x0000000622c00000|100%| E|CS|TAMS 0x0000000622800000| PB 0x0000000622800000| Complete |  0
| 116|0x0000000622c00000, 0x0000000623000000, 0x0000000623000000|100%| E|CS|TAMS 0x0000000622c00000| PB 0x0000000622c00000| Complete |  0
| 117|0x0000000623000000, 0x0000000623400000, 0x0000000623400000|100%| E|  |TAMS 0x0000000623000000| PB 0x0000000623000000| Complete |  0
| 118|0x0000000623400000, 0x0000000623800000, 0x0000000623800000|100%| E|CS|TAMS 0x0000000623400000| PB 0x0000000623400000| Complete |  0
| 119|0x0000000623800000, 0x0000000623c00000, 0x0000000623c00000|100%| E|CS|TAMS 0x0000000623800000| PB 0x0000000623800000| Complete |  0
| 120|0x0000000623c00000, 0x0000000624000000, 0x0000000624000000|100%| E|CS|TAMS 0x0000000623c00000| PB 0x0000000623c00000| Complete |  0
| 121|0x0000000624000000, 0x0000000624400000, 0x0000000624400000|100%| E|CS|TAMS 0x0000000624000000| PB 0x0000000624000000| Complete |  0
| 122|0x0000000624400000, 0x0000000624800000, 0x0000000624800000|100%| E|CS|TAMS 0x0000000624400000| PB 0x0000000624400000| Complete |  0
| 123|0x0000000624800000, 0x0000000624c00000, 0x0000000624c00000|100%| E|CS|TAMS 0x0000000624800000| PB 0x0000000624800000| Complete |  0
| 124|0x0000000624c00000, 0x0000000625000000, 0x0000000625000000|100%| E|CS|TAMS 0x0000000624c00000| PB 0x0000000624c00000| Complete |  0
| 125|0x0000000625000000, 0x0000000625400000, 0x0000000625400000|100%| E|CS|TAMS 0x0000000625000000| PB 0x0000000625000000| Complete |  0
| 126|0x0000000625400000, 0x0000000625800000, 0x0000000625800000|100%| E|CS|TAMS 0x0000000625400000| PB 0x0000000625400000| Complete |  0
|2024|0x00000007ffc00000, 0x00000007ffd1d3c0, 0x0000000800000000| 27%| O|  |TAMS 0x00000007ffc00000| PB 0x00000007ffc00000| Untracked |  0

Card table byte_map: [0x000001f6f5c60000,0x000001f6f6c40000] _byte_map_base: 0x000001f6f2c32000

Marking Bits: (CMBitMap*) 0x000001f6dc88cbe0
 Bits: [0x000001f6f6c40000, 0x000001f6fead0000)

Polling page: 0x000001f6da590000

Metaspace:

Usage:
  Non-class:      9.73 MB used.
      Class:    973.15 KB used.
       Both:     10.68 MB used.

Virtual space:
  Non-class space:       64.00 MB reserved,       9.88 MB ( 15%) committed,  1 nodes.
      Class space:        1.00 GB reserved,       1.12 MB ( <1%) committed,  1 nodes.
             Both:        1.06 GB reserved,      11.00 MB (  1%) committed. 

Chunk freelists:
   Non-Class:  6.07 MB
       Class:  14.71 MB
        Both:  20.78 MB

MaxMetaspaceSize: unlimited
CompressedClassSpaceSize: 1.00 GB
Initial GC threshold: 21.00 MB
Current GC threshold: 21.00 MB
CDS: on
 - commit_granule_bytes: 65536.
 - commit_granule_words: 8192.
 - virtual_space_node_default_size: 8388608.
 - enlarge_chunks_in_place: 1.
UseCompressedClassPointers 1, UseCompactObjectHeaders 0
Narrow klass pointer bits 32, Max shift 3
Narrow klass base: 0x000001f682000000, Narrow klass shift: 0
Encoding Range: [0x000001f682000000 - 0x000001f782000000), (4294967296 bytes)
Klass Range:    [0x000001f682000000 - 0x000001f6c3000000), (1090519040 bytes)
Klass ID Range:  [8 - 1090519033) (1090519025)


Internal statistics:

num_allocs_failed_limit: 0.
num_arena_births: 402.
num_arena_deaths: 0.
num_vsnodes_births: 2.
num_vsnodes_deaths: 0.
num_space_committed: 176.
num_space_uncommitted: 0.
num_chunks_returned_to_freelist: 0.
num_chunks_taken_from_freelist: 637.
num_chunk_merges: 0.
num_chunk_splits: 351.
num_chunks_enlarged: 108.
num_inconsistent_stats: 0.

CodeHeap 'non-profiled nmethods': size=119232Kb used=2082Kb max_used=2082Kb free=117149Kb
 bounds [0x000001f6ecc50000, 0x000001f6ecec0000, 0x000001f6f40c0000]
CodeHeap 'profiled nmethods': size=119104Kb used=6482Kb max_used=6482Kb free=112621Kb
 bounds [0x000001f6e50c0000, 0x000001f6e5720000, 0x000001f6ec510000]
CodeHeap 'non-nmethods': size=7424Kb used=1368Kb max_used=3107Kb free=6055Kb
 bounds [0x000001f6ec510000, 0x000001f6ec820000, 0x000001f6ecc50000]
CodeCache: size=245760Kb, used=9932Kb, max_used=11671Kb, free=235825Kb
 total_blobs=4305, nmethods=3772, adapters=438, full_count=0
Compilation: enabled, stopped_count=0, restarted_count=0

Compilation events (20 events):
Event: 152.568 Thread 0x000001f6fedb6f90 3801       1       java.util.stream.Collectors$CollectorImpl::supplier (5 bytes)
Event: 152.568 Thread 0x000001f6fedb6f90 nmethod 3801 0x000001f6ece57a08 code [0x000001f6ece57b00, 0x000001f6ece57bc8]
Event: 152.568 Thread 0x000001f6fedb6f90 3802       1       java.util.stream.Collectors$CollectorImpl::accumulator (5 bytes)
Event: 152.568 Thread 0x000001f6fedb6f90 nmethod 3802 0x000001f6ece57d08 code [0x000001f6ece57e00, 0x000001f6ece57ec8]
Event: 152.568 Thread 0x000001f6fedb6f90 3805       3       java.util.StringJoiner::toString (53 bytes)
Event: 152.568 Thread 0x000001f6fedb6f90 nmethod 3805 0x000001f6e570f288 code [0x000001f6e570f3c0, 0x000001f6e570f5d0]
Event: 152.568 Thread 0x000001f6fedb6f90 3807       3       java.lang.String::join (281 bytes)
Event: 152.568 Thread 0x000001f6fed999f0 3809       4       java.util.ArrayList::isEmpty (13 bytes)
Event: 152.568 Thread 0x000001f6fed999f0 nmethod 3809 0x000001f6ece58008 code [0x000001f6ece58100, 0x000001f6ece58180]
Event: 152.569 Thread 0x000001f6fedb6f90 nmethod 3807 0x000001f6e570f608 code [0x000001f6e570f900, 0x000001f6e5711bb0]
Event: 152.569 Thread 0x000001f6fedb6f90 3803       1       java.util.stream.Collectors$CollectorImpl::combiner (5 bytes)
Event: 152.569 Thread 0x000001f6fedb6f90 nmethod 3803 0x000001f6ece58308 code [0x000001f6ece58400, 0x000001f6ece584c8]
Event: 152.569 Thread 0x000001f6fedb6f90 3804       1       java.util.stream.ReduceOps$Box::get (5 bytes)
Event: 152.569 Thread 0x000001f6fedb6f90 nmethod 3804 0x000001f6ece58608 code [0x000001f6ece58700, 0x000001f6ece587c8]
Event: 152.569 Thread 0x000001f6fedb6f90 3806       3       java.lang.System$1::join (11 bytes)
Event: 152.570 Thread 0x000001f6fedb6f90 nmethod 3806 0x000001f6e5711c08 code [0x000001f6e5711f00, 0x000001f6e5714240]
Event: 152.570 Thread 0x000001f6fedb6f90 3808       3       java.lang.StringConcatHelper::newArray (17 bytes)
Event: 152.570 Thread 0x000001f6fedb6f90 nmethod 3808 0x000001f6e5714288 code [0x000001f6e57143e0, 0x000001f6e57147e0]
Event: 152.570 Thread 0x000001f6fedb6f90 3810       3       java.lang.Thread::getAndClearInterrupt (19 bytes)
Event: 152.570 Thread 0x000001f6fedb6f90 nmethod 3810 0x000001f6e5714808 code [0x000001f6e5714920, 0x000001f6e5714aa0]

GC Heap History (2 events):
Event: 23.109 GC heap before
{Heap before GC invocations=0 (full 0):
 garbage-first heap   total reserved 8294400K, committed 524288K, used 50292K [0x0000000605c00000, 0x0000000800000000)
  region size 4096K, 12 young (49152K), 0 survivors (0K)
 Metaspace       used 10202K, committed 10496K, reserved 1114112K
  class space    used 940K, committed 1088K, reserved 1048576K
}
Event: 23.124 GC heap after
{Heap after GC invocations=1 (full 0):
 garbage-first heap   total reserved 8294400K, committed 524288K, used 8085K [0x0000000605c00000, 0x0000000800000000)
  region size 4096K, 2 young (8192K), 2 survivors (8192K)
 Metaspace       used 10202K, committed 10496K, reserved 1114112K
  class space    used 940K, committed 1088K, reserved 1048576K
}

Dll operation events (14 events):
Event: 0.027 Loaded shared library C:\Program Files\Java\jdk-24\bin\java.dll
Event: 0.100 Loaded shared library C:\Program Files\Java\jdk-24\bin\jsvml.dll
Event: 0.243 Loaded shared library C:\Program Files\Java\jdk-24\bin\zip.dll
Event: 0.249 Loaded shared library C:\Program Files\Java\jdk-24\bin\instrument.dll
Event: 0.262 Loaded shared library C:\Program Files\Java\jdk-24\bin\net.dll
Event: 0.267 Loaded shared library C:\Program Files\Java\jdk-24\bin\nio.dll
Event: 0.281 Loaded shared library C:\Program Files\Java\jdk-24\bin\zip.dll
Event: 0.390 Loaded shared library C:\Program Files\Java\jdk-24\bin\extnet.dll
Event: 0.428 Loaded shared library C:\Program Files\Java\jdk-24\bin\jimage.dll
Event: 0.573 Loaded shared library C:\Program Files\Java\jdk-24\bin\management.dll
Event: 0.578 Loaded shared library C:\Program Files\Java\jdk-24\bin\management_ext.dll
Event: 11.197 Loaded shared library C:\Program Files\Java\jdk-24\bin\verify.dll
Event: 22.452 Loaded shared library C:\Program Files\Java\jdk-24\bin\instrument.dll
Event: 22.472 Loaded shared library D:\visualvm_22\visualvm_22\visualvm\lib\deployed\jdk16\windows-amd64\profilerinterface.dll

Deoptimization events (20 events):
Event: 72.165 Thread 0x000001f6c3a9efc0 DEOPT PACKING pc=0x000001f6ecd40fb0 sp=0x0000001037cfea10
Event: 72.165 Thread 0x000001f6c3a9efc0 DEOPT UNPACKING pc=0x000001f6ec627282 sp=0x0000001037cfe9a0 mode 2
Event: 72.247 Thread 0x000001f6c3a9efc0 DEOPT PACKING pc=0x000001f6e56805f2 sp=0x0000001037cfec30
Event: 72.247 Thread 0x000001f6c3a9efc0 DEOPT UNPACKING pc=0x000001f6ec565722 sp=0x0000001037cfe170 mode 0
Event: 82.223 Thread 0x000001f6c3a9efc0 Uncommon trap: trap_request=0xffffff4d fr.pc=0x000001f6ece055ac relative=0x00000000000002cc
Event: 82.223 Thread 0x000001f6c3a9efc0 Uncommon trap: reason=unstable_if action=reinterpret pc=0x000001f6ece055ac method=org.example.jmh_generated.SpeedTest_search_jmhTest.search_avgt_jmhStub(Lorg/openjdk/jmh/runner/InfraControl;Lorg/openjdk/jmh/results/RawResults;Lorg/openjdk/jmh/infra/Benchm
Event: 82.223 Thread 0x000001f6c3a9efc0 DEOPT PACKING pc=0x000001f6ece055ac sp=0x0000001037cfecb0
Event: 82.224 Thread 0x000001f6c3a9efc0 DEOPT UNPACKING pc=0x000001f6ec627282 sp=0x0000001037cfec80 mode 2
Event: 82.278 Thread 0x000001f6c3a9efc0 DEOPT PACKING pc=0x000001f6e5680c80 sp=0x0000001037cfec70
Event: 82.278 Thread 0x000001f6c3a9efc0 DEOPT UNPACKING pc=0x000001f6ec565722 sp=0x0000001037cfe160 mode 0
Event: 106.927 Thread 0x000001f6c94c0f10 DEOPT PACKING pc=0x000001f6e559976a sp=0x00000010380fed10
Event: 106.927 Thread 0x000001f6c94c0f10 DEOPT UNPACKING pc=0x000001f6ec565722 sp=0x00000010380fe1b8 mode 0
Event: 152.569 Thread 0x000001f6da309690 Uncommon trap: trap_request=0xffffff4d fr.pc=0x000001f6ecd51bc4 relative=0x00000000000000c4
Event: 152.569 Thread 0x000001f6da309690 Uncommon trap: reason=unstable_if action=reinterpret pc=0x000001f6ecd51bc4 method=java.util.concurrent.locks.ReentrantLock$NonfairSync.initialTryLock()Z @ 10 c2
Event: 152.569 Thread 0x000001f6da309690 DEOPT PACKING pc=0x000001f6ecd51bc4 sp=0x0000001036aff300
Event: 152.569 Thread 0x000001f6da309690 DEOPT UNPACKING pc=0x000001f6ec627282 sp=0x0000001036aff288 mode 2
Event: 152.569 Thread 0x000001f6da309690 Uncommon trap: trap_request=0xffffff4d fr.pc=0x000001f6ecd51894 relative=0x0000000000000094
Event: 152.569 Thread 0x000001f6da309690 Uncommon trap: reason=unstable_if action=reinterpret pc=0x000001f6ecd51894 method=java.util.concurrent.locks.ReentrantLock$Sync.tryRelease(I)Z @ 26 c2
Event: 152.569 Thread 0x000001f6da309690 DEOPT PACKING pc=0x000001f6ecd51894 sp=0x0000001036aff300
Event: 152.569 Thread 0x000001f6da309690 DEOPT UNPACKING pc=0x000001f6ec627282 sp=0x0000001036aff280 mode 2

Classes loaded (20 events):
Event: 69.380 Loading class org/graalvm/visualvm/lib/jfluid/server/ProfilerRuntimeObjLiveness$WeakRefSet
Event: 69.380 Loading class org/graalvm/visualvm/lib/jfluid/server/ProfilerRuntimeObjLiveness$WeakRefSet done
Event: 69.380 Loading class org/graalvm/visualvm/lib/jfluid/server/ProfilerRuntimeObjLiveness$ReferenceManagerThread
Event: 69.380 Loading class org/graalvm/visualvm/lib/jfluid/server/ProfilerRuntimeObjLiveness$ReferenceManagerThread done
Event: 69.382 Loading class org/graalvm/visualvm/lib/jfluid/wireprotocol/GetClassIdCommand
Event: 69.382 Loading class org/graalvm/visualvm/lib/jfluid/wireprotocol/GetClassIdCommand done
Event: 69.384 Loading class org/graalvm/visualvm/lib/jfluid/wireprotocol/GetClassIdResponse
Event: 69.384 Loading class org/graalvm/visualvm/lib/jfluid/wireprotocol/GetClassIdResponse done
Event: 72.163 Loading class org/graalvm/visualvm/lib/jfluid/server/ProfilerRuntimeObjLiveness$ProfilerRuntimeObjLivenessWeakRef
Event: 72.164 Loading class org/graalvm/visualvm/lib/jfluid/server/ProfilerRuntimeObjLiveness$ProfilerRuntimeObjLivenessWeakRef done
Event: 72.924 Loading class org/graalvm/visualvm/lib/jfluid/wireprotocol/GetMethodNamesForJMethodIdsCommand
Event: 72.924 Loading class org/graalvm/visualvm/lib/jfluid/wireprotocol/GetMethodNamesForJMethodIdsCommand done
Event: 72.926 Loading class org/graalvm/visualvm/lib/jfluid/wireprotocol/MethodNamesResponse
Event: 72.926 Loading class org/graalvm/visualvm/lib/jfluid/wireprotocol/MethodNamesResponse done
Event: 72.932 Loading class org/graalvm/visualvm/lib/jfluid/wireprotocol/ObjectAllocationResultsResponse
Event: 72.932 Loading class org/graalvm/visualvm/lib/jfluid/wireprotocol/ObjectAllocationResultsResponse done
Event: 152.541 Loading class org/openjdk/jmh/results/BenchmarkResultMetaData
Event: 152.541 Loading class org/openjdk/jmh/results/BenchmarkResultMetaData done
Event: 152.559 Loading class org/openjdk/jmh/runner/link/ResultMetadataFrame
Event: 152.559 Loading class org/openjdk/jmh/runner/link/ResultMetadataFrame done

Classes unloaded (0 events):
No events

Classes redefined (20 events):
Event: 42.009 Thread 0x000001f6fed7dbf0 redefined class name=org.graalvm.visualvm.lib.jfluid.server.ProfilerInterface$InitiateProfilingThread, count=33
Event: 42.041 Thread 0x000001f6fed7dbf0 redefined class name=org.openjdk.jmh.util.SingletonStatistics, count=1
Event: 42.041 Thread 0x000001f6fed7dbf0 redefined class name=org.graalvm.visualvm.lib.jfluid.server.ProfilerInterface$InitiateProfilingThread, count=34
Event: 42.068 Thread 0x000001f6fed7dbf0 redefined class name=org.openjdk.jmh.util.AbstractStatistics, count=1
Event: 42.068 Thread 0x000001f6fed7dbf0 redefined class name=org.graalvm.visualvm.lib.jfluid.server.ProfilerInterface$InitiateProfilingThread, count=35
Event: 64.855 Thread 0x000001f6fed7dbf0 redefined class name=org.openjdk.jmh.infra.IterationParams, count=6
Event: 64.855 Thread 0x000001f6fed7dbf0 redefined class name=org.example.jmh_generated.SpeedTest_jmhType_B2, count=6
Event: 64.855 Thread 0x000001f6fed7dbf0 redefined class name=org.openjdk.jmh.results.Result, count=3
Event: 64.855 Thread 0x000001f6fed7dbf0 redefined class name=org.example.SpeedTest, count=3
Event: 64.855 Thread 0x000001f6fed7dbf0 redefined class name=org.openjdk.jmh.runner.InfraControlL2, count=4
Event: 64.855 Thread 0x000001f6fed7dbf0 redefined class name=org.openjdk.jmh.results.RawResults, count=3
Event: 64.855 Thread 0x000001f6fed7dbf0 redefined class name=org.openjdk.jmh.results.BenchmarkTaskResult, count=3
Event: 64.855 Thread 0x000001f6fed7dbf0 redefined class name=org.openjdk.jmh.infra.Blackhole, count=10
Event: 64.855 Thread 0x000001f6fed7dbf0 redefined class name=org.openjdk.jmh.runner.options.TimeValue, count=3
Event: 64.855 Thread 0x000001f6fed7dbf0 redefined class name=org.example.jmh_generated.SpeedTest_search_jmhTest, count=3
Event: 64.855 Thread 0x000001f6fed7dbf0 redefined class name=org.openjdk.jmh.util.Deduplicator, count=3
Event: 64.855 Thread 0x000001f6fed7dbf0 redefined class name=org.openjdk.jmh.infra.BenchmarkParams, count=6
Event: 64.855 Thread 0x000001f6fed7dbf0 redefined class name=org.openjdk.jmh.runner.InfraControl, count=10
Event: 64.855 Thread 0x000001f6fed7dbf0 redefined class name=org.example.BinaryTree, count=3
Event: 69.360 Thread 0x000001f6fed7dbf0 redefined class name=java.lang.Object, count=1

Internal exceptions (20 events):
Event: 4.524 Thread 0x000001f6c90878a0 Exception <a 'java/lang/NoSuchMethodError'{0x0000000623531fb0}: static [Ljava/lang/String;.<clinit>()V> (0x0000000623531fb0) 
thrown [s\open\src\hotspot\share\prims\jni.cpp, line 1108]
Event: 4.533 Thread 0x000001f6c90878a0 Exception <a 'java/lang/NoSuchMethodError'{0x0000000623545448}: static [Ljavax/management/MBeanConstructorInfo;.<clinit>()V> (0x0000000623545448) 
thrown [s\open\src\hotspot\share\prims\jni.cpp, line 1108]
Event: 4.533 Thread 0x000001f6c90878a0 Exception <a 'java/lang/NoSuchMethodError'{0x0000000623545f88}: static [Ljavax/management/MBeanNotificationInfo;.<clinit>()V> (0x0000000623545f88) 
thrown [s\open\src\hotspot\share\prims\jni.cpp, line 1108]
Event: 4.534 Thread 0x000001f6c90878a0 Exception <a 'java/lang/NoSuchMethodError'{0x0000000623546ab8}: static [Ljavax/management/MBeanOperationInfo;.<clinit>()V> (0x0000000623546ab8) 
thrown [s\open\src\hotspot\share\prims\jni.cpp, line 1108]
Event: 4.537 Thread 0x000001f6c90878a0 Exception <a 'java/lang/NoSuchMethodError'{0x0000000623548fa0}: 'java.lang.Object java.lang.invoke.DirectMethodHandle$Holder.invokeInterface(java.lang.Object, java.lang.Object, java.lang.Object, java.lang.Object, java.lang.Object)'> (0x0000000623548fa0) 
thrown [s\open\src\hotspot\share\interpreter\linkResolver.cpp, line 805]
Event: 4.568 Thread 0x000001f6c90878a0 Exception <a 'java/lang/NoSuchMethodError'{0x00000006235a40d0}: 'int java.lang.invoke.DirectMethodHandle$Holder.invokeInterface(java.lang.Object, java.lang.Object, java.lang.Object, java.lang.Object)'> (0x00000006235a40d0) 
thrown [s\open\src\hotspot\share\interpreter\linkResolver.cpp, line 805]
Event: 4.569 Thread 0x000001f6c90878a0 Exception <a 'java/lang/NoSuchMethodError'{0x00000006235ac6c0}: 'int java.lang.invoke.DirectMethodHandle$Holder.invokeSpecial(java.lang.Object, java.lang.Object, java.lang.Object, java.lang.Object, java.lang.Object)'> (0x00000006235ac6c0) 
thrown [s\open\src\hotspot\share\interpreter\linkResolver.cpp, line 805]
Event: 4.570 Thread 0x000001f6c90878a0 Exception <a 'java/lang/NoSuchMethodError'{0x00000006235b4890}: 'int java.lang.invoke.DelegatingMethodHandle$Holder.reinvoke_L(java.lang.Object, java.lang.Object, java.lang.Object, java.lang.Object)'> (0x00000006235b4890) 
thrown [s\open\src\hotspot\share\interpreter\linkResolver.cpp, line 805]
Event: 4.577 Thread 0x000001f6c90878a0 Exception <a 'java/lang/NoSuchMethodError'{0x00000006235e1918}: 'long java.lang.invoke.DirectMethodHandle$Holder.invokeInterface(java.lang.Object, java.lang.Object)'> (0x00000006235e1918) 
thrown [s\open\src\hotspot\share\interpreter\linkResolver.cpp, line 805]
Event: 4.578 Thread 0x000001f6c90878a0 Exception <a 'java/lang/NoSuchMethodError'{0x00000006235e9e18}: 'java.lang.Object java.lang.invoke.DirectMethodHandle$Holder.invokeStatic(java.lang.Object, long)'> (0x00000006235e9e18) 
thrown [s\open\src\hotspot\share\interpreter\linkResolver.cpp, line 805]
Event: 4.579 Thread 0x000001f6c90878a0 Exception <a 'java/lang/NoSuchMethodError'{0x00000006235f3160}: 'long java.lang.invoke.DelegatingMethodHandle$Holder.reinvoke_L(java.lang.Object, java.lang.Object)'> (0x00000006235f3160) 
thrown [s\open\src\hotspot\share\interpreter\linkResolver.cpp, line 805]
Event: 4.590 Thread 0x000001f6c90878a0 Exception <a 'java/lang/NoSuchMethodError'{0x000000062361c530}: 'void java.lang.invoke.DirectMethodHandle$Holder.invokeStaticInit(java.lang.Object, java.lang.Object, java.lang.Object)'> (0x000000062361c530) 
thrown [s\open\src\hotspot\share\interpreter\linkResolver.cpp, line 805]
Event: 4.593 Thread 0x000001f6c90878a0 Exception <a 'java/lang/NoSuchMethodError'{0x000000062362df00}: 'int java.lang.invoke.DirectMethodHandle$Holder.invokeStaticInit(java.lang.Object, java.lang.Object)'> (0x000000062362df00) 
thrown [s\open\src\hotspot\share\interpreter\linkResolver.cpp, line 805]
Event: 5.615 Thread 0x000001f6c90878a0 Exception <a 'java/lang/NoSuchMethodError'{0x000000062366df38}: static [J.<clinit>()V> (0x000000062366df38) 
thrown [s\open\src\hotspot\share\prims\jni.cpp, line 1108]
Event: 5.618 Thread 0x000001f6c90878a0 Exception <a 'java/lang/NoSuchMethodError'{0x0000000623672d50}: 'java.lang.Object java.lang.invoke.DirectMethodHandle$Holder.invokeInterface(java.lang.Object, java.lang.Object, java.lang.Object, int)'> (0x0000000623672d50) 
thrown [s\open\src\hotspot\share\interpreter\linkResolver.cpp, line 805]
Event: 5.629 Thread 0x000001f6c90878a0 Exception <a 'java/lang/NoSuchMethodError'{0x00000006236a0320}: 'int java.lang.invoke.DirectMethodHandle$Holder.invokeVirtual(java.lang.Object, java.lang.Object)'> (0x00000006236a0320) 
thrown [s\open\src\hotspot\share\interpreter\linkResolver.cpp, line 805]
Event: 5.649 Thread 0x000001f6c90878a0 Exception <a 'java/lang/NoSuchMethodError'{0x00000006236c1ce8}: static [Ljavax/management/openmbean/CompositeData;.<clinit>()V> (0x00000006236c1ce8) 
thrown [s\open\src\hotspot\share\prims\jni.cpp, line 1108]
Event: 22.628 Thread 0x000001f6c94c33a0 Exception <a 'java/lang/IncompatibleClassChangeError'{0x0000000622d01570}: Found class java.lang.Object, but interface was expected> (0x0000000622d01570) 
thrown [s\open\src\hotspot\share\interpreter\linkResolver.cpp, line 872]
Event: 22.637 Thread 0x000001f6c94c1660 Exception <a 'java/lang/VerifyError'{0x0000000622df6c98}: Stack map does not match the one at exception handler 21
Exception Details:
  Location:
    org/graalvm/visualvm/lib/jfluid/ConstructorTest.<init>()V @21: astore_1
  Reason:
    Current frame's flags are not assignable to stack map frame's.
  Current Frame:
    bci: @0
    flags: { flagThisUninit }
    locals: { uninitializedThis }
    stack: { 'java/lang/Throwable' }
  Stackmap Frame:
    bci: @21
    flags: { }
    locals: { top }
    stack: { 'ja
Event: 22.863 Thread 0x000001f6c94c1660 Exception <a 'java/lang/NoSuchMethodError'{0x0000000622e13888}: 'java.lang.Object java.lang.invoke.DelegatingMethodHandle$Holder.reinvoke_L(java.lang.Object, int, long, java.lang.Object, java.lang.Object, int, java.lang.Object)'> (0x0000000622e13888) 
thrown [s\open\src\hotspot\share\interpreter\linkResolver.cpp, line 805]

VM Operations (20 events):
Event: 144.115 Executing VM operation: ThreadDump
Event: 144.115 Executing VM operation: ThreadDump done
Event: 145.113 Executing VM operation: ThreadDump
Event: 145.114 Executing VM operation: ThreadDump done
Event: 146.113 Executing VM operation: ThreadDump
Event: 146.113 Executing VM operation: ThreadDump done
Event: 146.117 Executing VM operation: FindDeadlocks
Event: 146.117 Executing VM operation: FindDeadlocks done
Event: 147.118 Executing VM operation: ThreadDump
Event: 147.118 Executing VM operation: ThreadDump done
Event: 148.129 Executing VM operation: ThreadDump
Event: 148.129 Executing VM operation: ThreadDump done
Event: 149.131 Executing VM operation: ThreadDump
Event: 149.131 Executing VM operation: ThreadDump done
Event: 150.132 Executing VM operation: ThreadDump
Event: 150.132 Executing VM operation: ThreadDump done
Event: 151.141 Executing VM operation: ThreadDump
Event: 151.141 Executing VM operation: ThreadDump done
Event: 152.153 Executing VM operation: ThreadDump
Event: 152.153 Executing VM operation: ThreadDump done

Memory protections (0 events):
No events

Nmethod flushes (0 events):
No events

Events (20 events):
Event: 69.381 Thread 0x000001f6c94c33a0 Thread added: 0x000001f6c94c1db0
Event: 69.385 Thread 0x000001f6c94c33a0 Thread exited: 0x000001f6c94c33a0
Event: 69.810 Thread 0x000001f6fedb6f90 Thread added: 0x000001f6ca2be730
Event: 69.870 Thread 0x000001f6fedb6f90 Thread added: 0x000001f6c3776230
Event: 69.874 Thread 0x000001f6ca2be730 Thread added: 0x000001f6c3747c80
Event: 70.878 Thread 0x000001f6fedb6f90 Thread added: 0x000001f6cb846880
Event: 71.804 Thread 0x000001f6cb846880 Thread exited: 0x000001f6cb846880
Event: 71.804 Thread 0x000001f6c3747c80 Thread exited: 0x000001f6c3747c80
Event: 71.807 Thread 0x000001f6c3776230 Thread exited: 0x000001f6c3776230
Event: 71.811 Thread 0x000001f6fedb6f90 Thread added: 0x000001f6c3747c80
Event: 72.145 Thread 0x000001f6ca2be730 Thread exited: 0x000001f6ca2be730
Event: 72.819 Thread 0x000001f6c3747c80 Thread exited: 0x000001f6c3747c80
Event: 72.881 Thread 0x000001f6fedb6f90 Thread added: 0x000001f6cc1580d0
Event: 73.827 Thread 0x000001f6cc1580d0 Thread exited: 0x000001f6cc1580d0
Event: 142.558 Thread 0x000001f6fed999f0 Thread added: 0x000001f6c326e130
Event: 143.101 Thread 0x000001f6c326e130 Thread exited: 0x000001f6c326e130
Event: 152.570 Thread 0x000001f6c3a9efc0 Thread exited: 0x000001f6c3a9efc0
Event: 152.570 Thread 0x000001f6da309690 Thread added: 0x000001f6cbd111f0
Event: 152.570 Thread 0x000001f6da309690 Thread exited: 0x000001f6da309690
Event: 152.570 Thread 0x000001f6cbd0f4b0 Thread added: 0x000001f6cbd0f4b0


Dynamic libraries:
0x00007ff64b3c0000 - 0x00007ff64b3d0000 	C:\Program Files\Java\jdk-24\bin\java.exe
0x00007fffe7b60000 - 0x00007fffe7dc8000 	C:\WINDOWS\SYSTEM32\ntdll.dll
0x00007fffe6d70000 - 0x00007fffe6e39000 	C:\WINDOWS\System32\KERNEL32.DLL
0x00007fffe51d0000 - 0x00007fffe55c8000 	C:\WINDOWS\System32\KERNELBASE.dll
0x00007fffe57b0000 - 0x00007fffe58fb000 	C:\WINDOWS\System32\ucrtbase.dll
0x00007fffcefb0000 - 0x00007fffcefc6000 	C:\Program Files\Java\jdk-24\bin\jli.dll
0x00007fffbdd30000 - 0x00007fffbdd4b000 	C:\Program Files\Java\jdk-24\bin\VCRUNTIME140.dll
0x00007fffe6240000 - 0x00007fffe6407000 	C:\WINDOWS\System32\USER32.dll
0x00007fffe4d60000 - 0x00007fffe4d87000 	C:\WINDOWS\System32\win32u.dll
0x00007fffca240000 - 0x00007fffca4d4000 	C:\WINDOWS\WinSxS\amd64_microsoft.windows.common-controls_6595b64144ccf1df_6.0.26100.7019_none_3e06ffa0e335b8a8\COMCTL32.dll
0x00007fffe6210000 - 0x00007fffe623b000 	C:\WINDOWS\System32\GDI32.dll
0x00007fffe7a00000 - 0x00007fffe7aa9000 	C:\WINDOWS\System32\msvcrt.dll
0x00007fffe5680000 - 0x00007fffe57ac000 	C:\WINDOWS\System32\gdi32full.dll
0x00007fffe4cb0000 - 0x00007fffe4d53000 	C:\WINDOWS\System32\msvcp_win.dll
0x00007fffe79b0000 - 0x00007fffe79e1000 	C:\WINDOWS\System32\IMM32.DLL
0x00007fffdaf40000 - 0x00007fffdaf4c000 	C:\Program Files\Java\jdk-24\bin\vcruntime140_1.dll
0x00007fffad160000 - 0x00007fffad1ee000 	C:\Program Files\Java\jdk-24\bin\msvcp140.dll
0x00007fff35160000 - 0x00007fff35f02000 	C:\Program Files\Java\jdk-24\bin\server\jvm.dll
0x00007fffe5b00000 - 0x00007fffe5bb4000 	C:\WINDOWS\System32\ADVAPI32.dll
0x00007fffe65d0000 - 0x00007fffe6676000 	C:\WINDOWS\System32\sechost.dll
0x00007fffe5c10000 - 0x00007fffe5d28000 	C:\WINDOWS\System32\RPCRT4.dll
0x00007fffe5e40000 - 0x00007fffe5eb4000 	C:\WINDOWS\System32\WS2_32.dll
0x00007fffd8350000 - 0x00007fffd835b000 	C:\WINDOWS\SYSTEM32\VERSION.dll
0x00007fffe37f0000 - 0x00007fffe384e000 	C:\WINDOWS\SYSTEM32\POWRPROF.dll
0x00007fffd8400000 - 0x00007fffd8435000 	C:\WINDOWS\SYSTEM32\WINMM.dll
0x00007fffe38e0000 - 0x00007fffe38f4000 	C:\WINDOWS\SYSTEM32\UMPDC.dll
0x00007fffe3af0000 - 0x00007fffe3b0b000 	C:\WINDOWS\SYSTEM32\kernel.appcore.dll
0x00007fffdaed0000 - 0x00007fffdaeda000 	C:\Program Files\Java\jdk-24\bin\jimage.dll
0x00007fffe2400000 - 0x00007fffe2642000 	C:\WINDOWS\SYSTEM32\DBGHELP.DLL
0x00007fffe7620000 - 0x00007fffe79ab000 	C:\WINDOWS\System32\combase.dll
0x00007fffe6680000 - 0x00007fffe6757000 	C:\WINDOWS\System32\OLEAUT32.dll
0x00007fffcc320000 - 0x00007fffcc35c000 	C:\WINDOWS\SYSTEM32\dbgcore.DLL
0x00007fffe55d0000 - 0x00007fffe5675000 	C:\WINDOWS\System32\bcryptPrimitives.dll
0x00007fffbdd20000 - 0x00007fffbdd2f000 	C:\Program Files\Java\jdk-24\bin\instrument.dll
0x00007fffbab40000 - 0x00007fffbab5e000 	C:\Program Files\Java\jdk-24\bin\java.dll
0x00007fffe6430000 - 0x00007fffe65c7000 	C:\WINDOWS\System32\ole32.dll
0x00007fffe6e40000 - 0x00007fffe7591000 	C:\WINDOWS\System32\SHELL32.dll
0x00007fffe4fd0000 - 0x00007fffe513b000 	C:\WINDOWS\System32\wintypes.dll
0x00007fffe2890000 - 0x00007fffe30ed000 	C:\WINDOWS\SYSTEM32\windows.storage.dll
0x00007fffe5900000 - 0x00007fffe59f2000 	C:\WINDOWS\System32\SHCORE.dll
0x00007fffe75b0000 - 0x00007fffe7617000 	C:\WINDOWS\System32\shlwapi.dll
0x00007fffe4bd0000 - 0x00007fffe4bf9000 	C:\WINDOWS\SYSTEM32\profapi.dll
0x00007fffa52b0000 - 0x00007fffa5387000 	C:\Program Files\Java\jdk-24\bin\jsvml.dll
0x00007fffb7660000 - 0x00007fffb7677000 	C:\Program Files\Java\jdk-24\bin\zip.dll
0x00007fffbdd10000 - 0x00007fffbdd20000 	C:\Program Files\Java\jdk-24\bin\net.dll
0x00007fffe40a0000 - 0x00007fffe410b000 	C:\WINDOWS\system32\mswsock.dll
0x00007fffb7680000 - 0x00007fffb7696000 	C:\Program Files\Java\jdk-24\bin\nio.dll
0x00007fffbab30000 - 0x00007fffbab39000 	C:\Program Files\Java\jdk-24\bin\extnet.dll
0x00007fffb7650000 - 0x00007fffb765a000 	C:\Program Files\Java\jdk-24\bin\management.dll
0x00007fffb53f0000 - 0x00007fffb53fb000 	C:\Program Files\Java\jdk-24\bin\management_ext.dll
0x00007fffe7ab0000 - 0x00007fffe7ab8000 	C:\WINDOWS\System32\PSAPI.DLL
0x00007fff54d20000 - 0x00007fff54d38000 	C:\WINDOWS\system32\napinsp.dll
0x00007fffe35b0000 - 0x00007fffe36dc000 	C:\WINDOWS\SYSTEM32\DNSAPI.dll
0x00007fffe3570000 - 0x00007fffe35a4000 	C:\WINDOWS\SYSTEM32\IPHLPAPI.DLL
0x00007fffe6760000 - 0x00007fffe676a000 	C:\WINDOWS\System32\NSI.dll
0x00007fff54d40000 - 0x00007fff54d52000 	C:\WINDOWS\System32\winrnr.dll
0x00007fff5eef0000 - 0x00007fff5ef12000 	C:\WINDOWS\system32\nlansp_c.dll
0x00007fffdbf40000 - 0x00007fffdbf56000 	C:\WINDOWS\system32\wshbth.dll
0x00007fffdc1e0000 - 0x00007fffdc1eb000 	C:\Windows\System32\rasadhlp.dll
0x00007fffde210000 - 0x00007fffde296000 	C:\WINDOWS\System32\fwpuclnt.dll
0x00007fffe4490000 - 0x00007fffe44ab000 	C:\WINDOWS\SYSTEM32\CRYPTSP.dll
0x00007fffe3ab0000 - 0x00007fffe3aea000 	C:\WINDOWS\system32\rsaenh.dll
0x00007fffe4150000 - 0x00007fffe417b000 	C:\WINDOWS\SYSTEM32\USERENV.dll
0x00007fffe4ba0000 - 0x00007fffe4bca000 	C:\WINDOWS\SYSTEM32\bcrypt.dll
0x00007fffe42f0000 - 0x00007fffe42fc000 	C:\WINDOWS\SYSTEM32\CRYPTBASE.dll
0x00007fffc5ee0000 - 0x00007fffc5ef0000 	C:\Program Files\Java\jdk-24\bin\verify.dll
0x00007fffb4e50000 - 0x00007fffb4e5f000 	D:\visualvm_22\visualvm_22\visualvm\lib\deployed\jdk16\windows-amd64\profilerinterface.dll

dbghelp: loaded successfully - version: 4.0.5 - missing functions: none
symbol engine: initialized successfully - sym options: 0x614 - pdb path: .;C:\Program Files\Java\jdk-24\bin;C:\WINDOWS\SYSTEM32;C:\WINDOWS\WinSxS\amd64_microsoft.windows.common-controls_6595b64144ccf1df_6.0.26100.7019_none_3e06ffa0e335b8a8;C:\Program Files\Java\jdk-24\bin\server;D:\visualvm_22\visualvm_22\visualvm\lib\deployed\jdk16\windows-amd64

VM Arguments:
jvm_args: -javaagent:D:\IntelliJ IDEA Community Edition 2024.3.5\lib\idea_rt.jar=60643 -Dfile.encoding=UTF-8 -Dsun.stdout.encoding=UTF-8 -Dsun.stderr.encoding=UTF-8 -XX:+UnlockDiagnosticVMOptions -XX:+UnlockExperimentalVMOptions -DcompilerBlackholesEnabled=true -XX:CompileCommandFile=C:\Users\olga\AppData\Local\Temp\jmh8163838156386033155compilecommand 
java_command: org.openjdk.jmh.runner.ForkedMain 127.0.0.1 60645
java_class_path (initial): C:\Users\olga\IdeaProjects\BinarySearchTree\target\classes;C:\Users\olga\.m2\repository\org\openjdk\jmh\jmh-core\1.36\jmh-core-1.36.jar;C:\Users\olga\.m2\repository\net\sf\jopt-simple\jopt-simple\5.0.4\jopt-simple-5.0.4.jar;C:\Users\olga\.m2\repository\org\apache\commons\commons-math3\3.2\commons-math3-3.2.jar;C:\Users\olga\.m2\repository\org\openjdk\jmh\jmh-generator-annprocess\1.36\jmh-generator-annprocess-1.36.jar;C:\Users\olga\.m2\repository\org\apache\maven\plugins\maven-compiler-plugin\3.14.1\maven-compiler-plugin-3.14.1.jar;C:\Users\olga\.m2\repository\org\ow2\asm\asm\9.8\asm-9.8.jar;C:\Users\olga\.m2\repository\org\apache\maven\shared\maven-shared-utils\3.4.2\maven-shared-utils-3.4.2.jar;C:\Users\olga\.m2\repository\org\slf4j\slf4j-api\1.7.36\slf4j-api-1.7.36.jar;C:\Users\olga\.m2\repository\commons-io\commons-io\2.11.0\commons-io-2.11.0.jar;C:\Users\olga\.m2\repository\org\apache\maven\shared\maven-shared-incremental\1.1\maven-shared-incremental-1.1.jar;C:\Users\olga\.m2\repository\org\codehaus\plexus\plexus-java\1.5.0\plexus-java-1.5.0.jar;C:\Users\olga\.m2\repository\com\thoughtworks\qdox\qdox\2.2.0\qdox-2.2.0.jar;C:\Users\olga\.m2\repository\org\codehaus\plexus\plexus-compiler-api\2.15.0\plexus-compiler-api-2.15.0.jar;C:\Users\olga\.m2\repository\org\codehaus\plexus\plexus-compiler-manager\2.15.0\plexus-compiler-manager-2.15.0.jar;C:\Users\olga\.m2\repository\javax\inject\javax.inject\1\javax.inject-1.jar;C:\Users\olga\.m2\repository\org\codehaus\plexus\plexus-xml\3.0.0\plexus-xml-3.0.0.jar;C:\Users\olga\.m2\repository\org\codehaus\plexus\plexus-compiler-javac\2.15.0\plexus-compiler-javac-2.15.0.jar;C:\Users\olga\.m2\repository\org\codehaus\plexus\plexus-utils\4.0.2\plexus-utils-4.0.2.jar
Launcher Type: SUN_STANDARD

[Global flags]
     bool AOTInvokeDynamicLinking                  = false                                  {diagnostic} {ergonomic}
     intx CICompilerCount                          = 12                                        {product} {ergonomic}
    ccstr CompileCommandFile                       = C:\Users\olga\AppData\Local\Temp\jmh8163838156386033155compilecommand            {product} {command line}
     uint ConcGCThreads                            = 4                                         {product} {ergonomic}
     bool FlightRecorder                           = true                                      {product} {management}
     uint G1ConcRefinementThreads                  = 15                                        {product} {ergonomic}
     uint G1EagerReclaimRemSetThreshold            = 32                                   {experimental} {ergonomic}
   size_t G1HeapRegionSize                         = 4194304                                   {product} {ergonomic}
     uint G1RemSetArrayOfCardsEntries              = 32                                   {experimental} {ergonomic}
     uint G1RemSetHowlMaxNumBuckets                = 8                                    {experimental} {ergonomic}
     uint G1RemSetHowlNumBuckets                   = 8                                    {experimental} {ergonomic}
   size_t InitialHeapSize                          = 532676608                                 {product} {ergonomic}
   size_t MarkStackSize                            = 4194304                                   {product} {ergonomic}
   size_t MarkStackSizeMax                         = 536870912                                 {product} {ergonomic}
   size_t MaxHeapSize                              = 8493465600                                {product} {ergonomic}
   size_t MaxNewSize                               = 5096079360                                {product} {ergonomic}
   size_t MinHeapDeltaBytes                        = 4194304                                   {product} {ergonomic}
   size_t MinHeapSize                              = 8388608                                   {product} {ergonomic}
    uintx NonNMethodCodeHeapSize                   = 7602176                                {pd product} {ergonomic}
    uintx NonProfiledCodeHeapSize                  = 122093568                              {pd product} {ergonomic}
    uintx ProfiledCodeHeapSize                     = 121962496                              {pd product} {ergonomic}
    uintx ReservedCodeCacheSize                    = 251658240                              {pd product} {ergonomic}
     bool SegmentedCodeCache                       = true                                      {product} {ergonomic}
   size_t SoftMaxHeapSize                          = 8493465600                             {manageable} {ergonomic}
     bool UnlockDiagnosticVMOptions                = true                                   {diagnostic} {command line}
     bool UnlockExperimentalVMOptions              = true                                 {experimental} {command line}
     bool UseCompressedOops                        = true                           {product lp64_product} {ergonomic}
     bool UseG1GC                                  = true                                      {product} {ergonomic}
     bool UseLargePagesIndividualAllocation        = false                                  {pd product} {ergonomic}

Logging:
Log output configuration:
 #0: stdout all=warning uptime,level,tags foldmultilines=false
 #1: stderr all=off uptime,level,tags foldmultilines=false

Environment Variables:
JAVA_HOME=C:\Program Files\Java\jdk-17
PATH=C:\Program Files\Java\jdk-17\bin;C:\WINDOWS\system32;C:\WINDOWS;C:\WINDOWS\System32\Wbem;C:\WINDOWS\System32\WindowsPowerShell\v1.0\;C:\WINDOWS\System32\OpenSSH\;C:\Program Files\Git\cmd;C:\Program Files\Docker\Docker\resources\bin;C:\Program Files\nodejs\;D:\terraform;C:\Program Files\Oracle\VirtualBox;C:\python;D:\terraform;D:\terraform\terraform_1.12.1_windows_amd64\plugins\terraform-provider-yandex_v0.116.0.exe;C:\Users\olga\AppData\Roaming\terraform;C:\Users\olga\AppData\Local\Programs\Python\Python313;C:\Users\olga\AppData\Local\Programs\Python\Python313\Scripts;C:\Program Files\Kubernetes\Minikube;C:\Users\olga\AppData\Local\Microsoft\WindowsApps;C:\Program Files\Java\jdk-17\bin;C:\Users\olga\AppData\Roaming\npm;C:\Users\olga\AppData\Local\Programs\Microsoft VS Code\bin;C:\Users\olga\yandex-cloud\bin;D:\terraform;D:\terraform\terraform_1.12.1_windows_amd64\plugins\terraform-provider-yandex_v0.116.0.exe;C:\Users\olga\AppData\Roaming\terraform;C:\Users\olga\AppData\Local\Programs\Python\Python313;C:\Users\olga\AppData\Local\Programs\Python\Python313\Scripts;C:\Users\olga\AppData\Local\Microsoft\WinGet\Links;
USERNAME=olga
OS=Windows_NT
PROCESSOR_IDENTIFIER=Intel64 Family 6 Model 183 Stepping 1, GenuineIntel
TMP=C:\Users\olga\AppData\Local\Temp
TEMP=C:\Users\olga\AppData\Local\Temp




Periodic native trim disabled

---------------  S Y S T E M  ---------------

OS:
 Windows 11 , 64 bit Build 26100 (10.0.26100.7019)
OS uptime: 3 days 16:19 hours
Hyper-V role detected

CPU: total 20 (initial active 20) (10 cores per cpu, 2 threads per core) family 6 model 183 stepping 1 microcode 0x12b, cx8, cmov, fxsr, ht, mmx, 3dnowpref, sse, sse2, sse3, ssse3, sse4.1, sse4.2, popcnt, lzcnt, tsc, tscinvbit, avx, avx2, aes, erms, clmul, bmi1, bmi2, adx, sha, fma, vzeroupper, clflush, clflushopt, clwb, hv, serialize, rdtscp, rdpid, fsrm, gfni, f16c, cet_ibt, cet_ss
Processor Information for processor 0
  Max Mhz: 2600, Current Mhz: 2600, Mhz Limit: 2600
Processor Information for processor 1
  Max Mhz: 2600, Current Mhz: 2600, Mhz Limit: 2600
Processor Information for processor 2
  Max Mhz: 2600, Current Mhz: 2600, Mhz Limit: 2600
Processor Information for processor 3
  Max Mhz: 2600, Current Mhz: 2600, Mhz Limit: 2600
Processor Information for processor 4
  Max Mhz: 2600, Current Mhz: 2600, Mhz Limit: 2600
Processor Information for processor 5
  Max Mhz: 2600, Current Mhz: 2600, Mhz Limit: 2600
Processor Information for processor 6
  Max Mhz: 2600, Current Mhz: 2600, Mhz Limit: 2600
Processor Information for processor 7
  Max Mhz: 2600, Current Mhz: 2600, Mhz Limit: 2600
Processor Information for processor 8
  Max Mhz: 2600, Current Mhz: 2600, Mhz Limit: 2600
Processor Information for processor 9
  Max Mhz: 2600, Current Mhz: 2600, Mhz Limit: 2600
Processor Information for processor 10
  Max Mhz: 2600, Current Mhz: 1496, Mhz Limit: 2600
Processor Information for processor 11
  Max Mhz: 2600, Current Mhz: 2600, Mhz Limit: 2600
Processor Information for processor 12
  Max Mhz: 2600, Current Mhz: 1505, Mhz Limit: 2600
Processor Information for processor 13
  Max Mhz: 2600, Current Mhz: 1505, Mhz Limit: 2600
Processor Information for processor 14
  Max Mhz: 2600, Current Mhz: 1505, Mhz Limit: 2600
Processor Information for processor 15
  Max Mhz: 2600, Current Mhz: 1505, Mhz Limit: 2600
Processor Information for processor 16
  Max Mhz: 2600, Current Mhz: 2600, Mhz Limit: 2600
Processor Information for processor 17
  Max Mhz: 2600, Current Mhz: 1505, Mhz Limit: 2600
Processor Information for processor 18
  Max Mhz: 2600, Current Mhz: 1505, Mhz Limit: 2600
Processor Information for processor 19
  Max Mhz: 2600, Current Mhz: 1505, Mhz Limit: 2600

Memory: 4k page, system-wide physical 32387M (16945M free)
TotalPageFile size 34435M (AvailPageFile size 15298M)
current process WorkingSet (physical memory assigned to process): 286M, peak: 370M
current process commit charge ("private bytes"): 660M, peak: 782M

vm_info: Java HotSpot(TM) 64-Bit Server VM (24+36-3646) for windows-amd64 JRE (24+36-3646), built on 2025-02-06T00:20:43Z with MS VC++ 17.6 (VS2022)

END.
