#
# A fatal error has been detected by the Java Runtime Environment:
#
#  EXCEPTION_ACCESS_VIOLATION (0xc0000005) at pc=0x00007ffb7780a47c, pid=3836, tid=24204
#
# JRE version: Java(TM) SE Runtime Environment (24.0+36) (build 24+36-3646)
# Java VM: Java HotSpot(TM) 64-Bit Server VM (24+36-3646, mixed mode, sharing, tiered, compressed oops, compressed class ptrs, g1 gc, windows-amd64)
# Problematic frame:
# V  [jvm.dll+0x42a47c]
#
# No core dump will be written. Minidumps are not enabled by default on client versions of Windows
#
# If you would like to submit a bug report, please visit:
#   https://bugreport.java.com/bugreport/crash.jsp
#

---------------  S U M M A R Y ------------

Command Line: -javaagent:D:\IntelliJ IDEA Community Edition 2024.3.5\lib\idea_rt.jar=64215 -Dfile.encoding=UTF-8 -Dsun.stdout.encoding=UTF-8 -Dsun.stderr.encoding=UTF-8 -XX:+UnlockDiagnosticVMOptions -XX:+UnlockExperimentalVMOptions -DcompilerBlackholesEnabled=true -XX:CompileCommandFile=C:\Users\olga\AppData\Local\Temp\jmh1270703511559133787compilecommand org.openjdk.jmh.runner.ForkedMain 127.0.0.1 64217

Host: 13th Gen Intel(R) Core(TM) i7-13650HX, 20 cores, 31G,  Windows 11 , 64 bit Build 26100 (10.0.26100.7019)
Time: Sun Nov  9 13:08:03 2025 RTZ 2 (s 11 , 64 bit Build 26100 (10.0.26100.7019) elapsed time: 152.830109 seconds (0d 0h 2m 32s)

---------------  T H R E A D  ---------------

Current thread (0x0000025fc15ff1a0):  JavaThread "<no-name - thread is attaching>"        [_thread_in_vm, id=24204, stack(0x0000008e6cb00000,0x0000008e6cc00000) (1024K)]

Stack: [0x0000008e6cb00000,0x0000008e6cc00000],  sp=0x0000008e6cbfec70,  free space=1019k
Native frames: (J=compiled Java code, j=interpreted, Vv=VM code, C=native code)
V  [jvm.dll+0x42a47c]  (no source info available)
V  [jvm.dll+0x4c941b]  (no source info available)
C  0x0000025fddc2c3f9  (no source info available)

The last pc belongs to native nmethod (printed below).
Java frames: (J=compiled Java code, j=interpreted, Vv=VM code)
J 3596  java.lang.Object.wait0(J)V java.base@24 (0 bytes) @ 0x0000025fddc2c46e [0x0000025fddc2c380+0x00000000000000ee]
J 3711 c1 java.lang.Object.wait(J)V java.base@24 (59 bytes) @ 0x0000025fd64dd1e4 [0x0000025fd64dcf00+0x00000000000002e4]
J 3483 c1 org.graalvm.visualvm.lib.jfluid.server.ProfilerServer.getLastResponse()Lorg/graalvm/visualvm/lib/jfluid/wireprotocol/Response; (68 bytes) @ 0x0000025fd645a874 [0x0000025fd645a500+0x0000000000000374]
j  org.graalvm.visualvm.lib.jfluid.server.ProfilerInterface.firstTimeVMObjectAlloc(Ljava/lang/String;I)I+33
J 3604 c2 org.graalvm.visualvm.lib.jfluid.server.ProfilerRuntimeMemory.getClassId(Ljava/lang/Class;)I (139 bytes) @ 0x0000025fddc3c244 [0x0000025fddc3b7a0+0x0000000000000aa4]
J 3625 c2 org.graalvm.visualvm.lib.jfluid.server.ProfilerRuntimeObjLiveness.traceObjAlloc(Ljava/lang/Object;C)V (255 bytes) @ 0x0000025fddc49c2c [0x0000025fddc49940+0x00000000000002ec]
J 3752 c2 java.lang.Object.<init>()V java.base@24 (9 bytes) @ 0x0000025fddc751d8 [0x0000025fddc751a0+0x0000000000000038]
j  java.lang.Thread.<init>(Ljava/lang/ThreadGroup;Ljava/lang/String;ILjava/lang/Runnable;J)V+1 java.base@24
j  java.lang.Thread.<init>(Ljava/lang/ThreadGroup;Ljava/lang/String;)V+9 java.base@24
v  ~StubRoutines::call_stub 0x0000025fdd330fcd

siginfo: EXCEPTION_ACCESS_VIOLATION (0xc0000005), writing address 0x0000000000000018


Registers:
RAX=0x0000000000000000, RBX=0x0000000000000191, RCX=0x0000000000000018, RDX=0x0000000000000044
RSP=0x0000008e6cbfec70, RBP=0x0000008e6cbfed50, RSI=0x0000025fc15ff1a0, RDI=0x0000000000000191
R8 =0x0000000000000000, R9 =0x00000000c49010c1, R10=0x0000025fddc2c46e, R11=0x0000025fd645a500
R12=0x0000000000000000, R13=0x0000000000000000, R14=0x0000008e6cbfee01, R15=0x0000000000000000
RIP=0x00007ffb7780a47c, EFLAGS=0x0000000000010246

XMM[0]=0x0000000000000000 0x0000000000000000
XMM[1]=0x0000000000000000 0x0000000000000000
XMM[2]=0x0000000000000000 0x0000000000000000
XMM[3]=0x0000000000000000 0x0000000000000000
XMM[4]=0x0000000000000000 0x0000000000000000
XMM[5]=0x0000000000000000 0x0000000000000000
XMM[6]=0x0000000000000000 0x0000000000000000
XMM[7]=0x0000000000000000 0x0000000000000000
XMM[8]=0x0000000000000000 0x0000000000000000
XMM[9]=0x0000000000000000 0x0000000000000000
XMM[10]=0x0000000000000000 0x0000000000000000
XMM[11]=0x0000000000000000 0x0000000000000000
XMM[12]=0x0000000000000000 0x0000000000000000
XMM[13]=0x0000000000000000 0x0000000000000000
XMM[14]=0x0000000000000000 0x0000000000000000
XMM[15]=0x0000000000000000 0x0000000000000000
  MXCSR=0x00001fa0


Register to memory mapping:

RAX=0x0 is null
RBX=0x0000000000000191 is an unknown value
RCX=0x0000000000000018 is an unknown value
RDX=0x0000000000000044 is an unknown value
RSP=0x0000008e6cbfec70 is pointing into the stack for thread: 0x0000025fc15ff1a0
RBP=0x0000008e6cbfed50 is pointing into the stack for thread: 0x0000025fc15ff1a0
RSI=0x0000025fc15ff1a0 is a thread
RDI=0x0000000000000191 is an unknown value
R8 =0x0 is null
R9 =3297775809 is a compressed pointer to object: sun.nio.ch.NioSocketImpl 
{0x0000000624808608} - klass: 'sun/nio/ch/NioSocketImpl' - flags: 

 - ---- fields (total size 10 words):
 - protected 'port' 'I' @12  64276 (0x0000fb14)
 - protected 'localport' 'I' @16  5140 (0x00001414)
 - protected 'fd' 'Ljava/io/FileDescriptor;' @20  a 'java/io/FileDescriptor'{0x00000006248086c8} (0xc49010d9)
 - protected 'address' 'Ljava/net/InetAddress;' @24  a 'java/net/Inet4Address'{0x0000000624808708} (0xc49010e1)
 - private volatile 'state' 'I' @28  3 (0x00000003)
 - private 'readerThread' 'J' @32  0 (0x0000000000000000)
 - private 'writerThread' 'J' @40  0 (0x0000000000000000)
 - private volatile 'timeout' 'I' @48  0 (0x00000000)
 - private final 'server' 'Z' @52  false (0x00)
 - private 'stream' 'Z' @53  true (0x01)
 - private volatile 'nonBlocking' 'Z' @54  false (0x00)
 - private 'isReuseAddress' 'Z' @55  false (0x00)
 - private volatile 'isInputClosed' 'Z' @56  false (0x00)
 - private volatile 'isOutputClosed' 'Z' @57  false (0x00)
 - private 'readEOF' 'Z' @58  false (0x00)
 - private 'connectionReset' 'Z' @59  false (0x00)
 - private final 'readLock' 'Ljava/util/concurrent/locks/ReentrantLock;' @60  a 'java/util/concurrent/locks/ReentrantLock'{0x0000000624808658} (0xc49010cb)
 - private final 'writeLock' 'Ljava/util/concurrent/locks/ReentrantLock;' @64  a 'java/util/concurrent/locks/ReentrantLock'{0x0000000624808688} (0xc49010d1)
 - private final 'stateLock' 'Ljava/lang/Object;' @68  a 'java/lang/Object'{0x00000006248086b8} (0xc49010d7)
 - private 'cleaner' 'Ljava/lang/ref/Cleaner$Cleanable;' @72  a 'jdk/internal/ref/CleanerImpl$PhantomCleanableRef'{0x00000006248087d8} (0xc49010fb)
R10=0x0000025fddc2c46e is at entry_point+238 in (nmethod*)0x0000025fddc2c288
Compiled method (n/a) 152919 3596     n 0       java.lang.Object::wait0 (native)
 total in heap  [0x0000025fddc2c288,0x0000025fddc2c4e0] = 600
 relocation     [0x0000025fddc2c360,0x0000025fddc2c370] = 16
 main code      [0x0000025fddc2c380,0x0000025fddc2c4da] = 346
 stub code      [0x0000025fddc2c4da,0x0000025fddc2c4e0] = 6
R11=0x0000025fd645a500 is at entry_point+0 in (nmethod*)0x0000025fd645a388
Compiled method (c1) 152919 3483  s!   3       org.graalvm.visualvm.lib.jfluid.server.ProfilerServer::getLastResponse (68 bytes)
 total in heap  [0x0000025fd645a388,0x0000025fd645ad28] = 2464
 relocation     [0x0000025fd645a460,0x0000025fd645a4e8] = 136
 main code      [0x0000025fd645a500,0x0000025fd645aca8] = 1960
 stub code      [0x0000025fd645aca8,0x0000025fd645ad00] = 88
 oops           [0x0000025fd645ad00,0x0000025fd645ad08] = 8
 metadata       [0x0000025fd645ad08,0x0000025fd645ad28] = 32
 immutable data [0x0000025fc6f04bc0,0x0000025fc6f04d48] = 392
 dependencies   [0x0000025fc6f04bc0,0x0000025fc6f04bd0] = 16
 nul chk table  [0x0000025fc6f04bd0,0x0000025fc6f04be0] = 16
 handler table  [0x0000025fc6f04be0,0x0000025fc6f04c38] = 88
 scopes pcs     [0x0000025fc6f04c38,0x0000025fc6f04ce8] = 176
 scopes data    [0x0000025fc6f04ce8,0x0000025fc6f04d48] = 96
R12=0x0 is null
R13=0x0 is null
R14=0x0000008e6cbfee01 is pointing into the stack for thread: 0x0000025fc15ff1a0
R15=0x0 is null

Top of Stack: (sp=0x0000008e6cbfec70)
0x0000008e6cbfec70:   0000000624809060 0000000617540530   `..$....0.T.....
0x0000008e6cbfec80:   0000000624808608 c49010c100000018   ...$............
0x0000008e6cbfec90:   0000025fcb1893f8 00007ffb778a941b   ...._......w....
0x0000008e6cbfeca0:   0000001800000018 00000006248090b0   ...........$....
0x0000008e6cbfecb0:   0000000000000018 0000040000000000   ................
0x0000008e6cbfecc0:   0000025fc15ff1a0 0000008e6cbfeea8   .._._......l....
0x0000008e6cbfecd0:   0000008e6cbfee30 0000000000000000   0..l............
0x0000008e6cbfece0:   0000025fc28dbf50 0000025fddc2c3f9   P..._......._...
0x0000008e6cbfecf0:   0000025fc28db545 0000000000000180   E..._...........
0x0000008e6cbfed00:   0000008e6cbfed50 0000000624f54f58   P..l....XO.$....
0x0000008e6cbfed10:   0000000624f54f58 0000025fc28db570   XO.$....p..._...
0x0000008e6cbfed20:   0000000624809088 0000025fddbb1d20   ...$.... ..._...
0x0000008e6cbfed30:   0000025fc15ff1a0 0000008e6cbfeea8   .._._......l....
0x0000008e6cbfed40:   0000008e6cbfee30 0000000000000000   0..l............
0x0000008e6cbfed50:   0000008e6cbfee78 0000025fd64dd1e4   x..l......M._...
0x0000008e6cbfed60:   00000000c49010c1 0000000624f54f58   ........XO.$....
0x0000008e6cbfed70:   0000000624fb5900 0000000000000670   .Y.$....p.......
0x0000008e6cbfed80:   0000008e6cbfedb0 0000000617540700   ...l......T.....
0x0000008e6cbfed90:   0000025fc29755a0 0000008e6cbfee08   .U.._......l....
0x0000008e6cbfeda0:   fffffffffffffff7 0000025fc149ab72   ........r.I._...
0x0000008e6cbfedb0:   0000008e6cbfee78 0000025fd645a874   x..l....t.E._...
0x0000008e6cbfedc0:   0000008e6cbfee08 0000000624f54f58   ...l....XO.$....
0x0000008e6cbfedd0:   0000025fc28db600 0000000000000000   ...._...........
0x0000008e6cbfede0:   0000000619125dd0 0000000624fb5900   .].......Y.$....
0x0000008e6cbfedf0:   0000000000000000 0000000624fb5900   .........Y.$....
0x0000008e6cbfee00:   0000000624f54288 0000025fdd338800   .B.$......3._...
0x0000008e6cbfee10:   0000000624f54f58 0000025fdd338800   XO.$......3._...
0x0000008e6cbfee20:   0000008e6cbfee78 0000025fdd33899a   x..l......3._...
0x0000008e6cbfee30:   fffffffffffffff7 0000025fc29a7191   .........q.._...
0x0000008e6cbfee40:   0000000000000006 0000025fc29ab810   ............_...
0x0000008e6cbfee50:   0000025fc28ddb78 0000000624fb41d8   x..._....A.$....
0x0000008e6cbfee60:   0000025fc29a7260 fffffffffffffff7   `r.._...........

Instructions: (pc=0x00007ffb7780a47c)
  0x00007ffb7780a37c:   cc cc cc cc 4c 8b c2 48 63 15 ae e4 86 00 48 ff
  0x00007ffb7780a38c:   25 1f 45 80 00 cc cc cc cc cc cc cc cc cc cc cc
  0x00007ffb7780a39c:   cc cc cc cc 4c 8b c2 48 63 15 4a e5 86 00 48 ff
  0x00007ffb7780a3ac:   25 ff 44 80 00 cc cc cc cc cc cc cc cc cc cc cc
  0x00007ffb7780a3bc:   cc cc cc cc 4c 8b c2 48 63 15 62 e5 86 00 48 ff
  0x00007ffb7780a3cc:   25 df 44 80 00 cc cc cc cc cc cc cc cc cc cc cc
  0x00007ffb7780a3dc:   cc cc cc cc 4c 8b c2 48 63 15 66 e5 86 00 48 ff
  0x00007ffb7780a3ec:   25 bf 44 80 00 cc cc cc cc cc cc cc cc cc cc cc
  0x00007ffb7780a3fc:   cc cc cc cc 4c 8b c2 48 63 15 fe e4 86 00 48 ff
  0x00007ffb7780a40c:   25 9f 44 80 00 cc cc cc cc cc cc cc cc cc cc cc
  0x00007ffb7780a41c:   cc cc cc cc 48 63 05 fd e4 86 00 89 14 08 c3 cc
  0x00007ffb7780a42c:   cc cc cc cc 48 63 05 0d e5 86 00 89 14 08 c3 cc
  0x00007ffb7780a43c:   cc cc cc cc 48 63 05 b9 e4 86 00 89 14 08 c3 cc
  0x00007ffb7780a44c:   cc cc cc cc 44 8b c2 8b 15 5f e4 86 00 e9 42 03
  0x00007ffb7780a45c:   2f 00 cc cc 40 53 48 83 ec 20 8b da 48 63 15 cd
  0x00007ffb7780a46c:   e3 86 00 ff 15 73 36 80 00 48 63 0d 18 e4 86 00
=>0x00007ffb7780a47c:   89 1c 01 48 83 c4 20 5b c3 cc cc cc cc cc cc cc
  0x00007ffb7780a48c:   cc cc cc cc 48 63 05 31 e4 86 00 48 89 14 08 c3
  0x00007ffb7780a49c:   cc cc cc cc 48 63 05 a5 e4 86 00 c6 04 08 01 c3
  0x00007ffb7780a4ac:   cc cc cc cc 4c 8b c2 48 63 15 b2 e5 86 00 48 ff
  0x00007ffb7780a4bc:   25 ef 43 80 00 cc cc cc cc cc cc cc cc cc cc cc
  0x00007ffb7780a4cc:   cc cc cc cc 4c 8b c2 48 63 15 1a e5 86 00 48 ff
  0x00007ffb7780a4dc:   25 cf 43 80 00 cc cc cc cc cc cc cc cc cc cc cc
  0x00007ffb7780a4ec:   cc cc cc cc 4c 8b c2 48 63 15 46 e4 86 00 48 ff
  0x00007ffb7780a4fc:   25 af 43 80 00 cc cc cc cc cc cc cc cc cc cc cc
  0x00007ffb7780a50c:   cc cc cc cc 48 83 ec 48 48 8b 0d 65 f1 8b 00 48
  0x00007ffb7780a51c:   8d 05 66 88 62 00 48 89 44 24 20 48 8d 54 24 20
  0x00007ffb7780a52c:   8b 05 2e af 89 00 89 44 24 2c 0f b6 05 5a d2 86
  0x00007ffb7780a53c:   00 88 44 24 31 8b 05 1d b5 85 00 89 44 24 34 c7
  0x00007ffb7780a54c:   44 24 28 08 00 00 00 c6 44 24 30 00 e8 d3 3b fd
  0x00007ffb7780a55c:   ff 48 83 c4 48 c3 cc cc cc cc cc cc cc cc cc cc
  0x00007ffb7780a56c:   cc cc cc cc 4c 8b c2 8b 15 87 e4 86 00 e9 d2 f8


Stack slot to memory mapping:

stack at sp + 0 slots: 0x0000000624809060 is an oop: java.net.Socket$SocketOutputStream 
{0x0000000624809060} - klass: 'java/net/Socket$SocketOutputStream' - flags: 

 - ---- fields (total size 3 words):
 - private final 'parent' 'Ljava/net/Socket;' @12  a 'java/net/Socket'{0x00000006248085d0} (0xc49010ba)
 - private final 'out' 'Ljava/io/OutputStream;' @16  a 'sun/nio/ch/NioSocketImpl$2'{0x0000000624809078} (0xc490120f)
stack at sp + 1 slots: 0x0000000617540530 is an oop: java.lang.Thread 
{0x0000000617540530} - klass: 'java/lang/Thread' - flags: 

 - ---- fields (total size 14 words):
 - 'threadLocalRandomProbe' 'I' @12  0 (0x00000000)
 - private volatile 'eetop' 'J' @16  2610289439136 (0x0000025fc15ff1a0)
 - private final 'tid' 'J' @24  0 (0x0000000000000000)
 - 'threadLocalRandomSeed' 'J' @32  0 (0x0000000000000000)
 - injected 'jvmti_thread_state' 'J' @40  0 (0x0000000000000000)
 - 'threadLocalRandomSecondarySeed' 'I' @48  0 (0x00000000)
 - injected 'jvmti_VTMS_transition_disable_count' 'I' @52  0 (0x00000000)
 - injected 'jfr_epoch' 'S' @56  0 (0x0000)
 - volatile 'interrupted' 'Z' @58  false (0x00)
 - injected 'jvmti_is_in_VTMS_transition' 'Z' @59  false (0x00)
 - private volatile 'name' 'Ljava/lang/String;' @60  null (0x00000000)
 - private volatile 'contextClassLoader' 'Ljava/lang/ClassLoader;' @64  null (0x00000000)
 - private final 'holder' 'Ljava/lang/Thread$FieldHolder;' @68  null (0x00000000)
 - 'threadLocals' 'Ljava/lang/ThreadLocal$ThreadLocalMap;' @72  a 'java/lang/ThreadLocal$ThreadLocalMap'{0x0000000617540678} (0xc2ea80cf)
 - 'inheritableThreadLocals' 'Ljava/lang/ThreadLocal$ThreadLocalMap;' @76  null (0x00000000)
 - private 'scopedValueBindings' 'Ljava/lang/Object;' @80  null (0x00000000)
 - final 'interruptLock' 'Ljava/lang/Object;' @84  null (0x00000000)
 - private volatile 'parkBlocker' 'Ljava/lang/Object;' @88  null (0x00000000)
 - private 'nioBlocker' 'Lsun/nio/ch/Interruptible;' @92  null (0x00000000)
 - private 'cont' 'Ljdk/internal/vm/Continuation;' @96  null (0x00000000)
 - private volatile 'uncaughtExceptionHandler' 'Ljava/lang/Thread$UncaughtExceptionHandler;' @100  null (0x00000000)
 - private 'container' 'Ljdk/internal/vm/ThreadContainer;' @104  null (0x00000000)
 - private volatile 'headStackableScopes' 'Ljdk/internal/vm/StackableScope;' @108  null (0x00000000)
stack at sp + 2 slots: 0x0000000624808608 is an oop: sun.nio.ch.NioSocketImpl 
{0x0000000624808608} - klass: 'sun/nio/ch/NioSocketImpl' - flags: 

 - ---- fields (total size 10 words):
 - protected 'port' 'I' @12  64276 (0x0000fb14)
 - protected 'localport' 'I' @16  5140 (0x00001414)
 - protected 'fd' 'Ljava/io/FileDescriptor;' @20  a 'java/io/FileDescriptor'{0x00000006248086c8} (0xc49010d9)
 - protected 'address' 'Ljava/net/InetAddress;' @24  a 'java/net/Inet4Address'{0x0000000624808708} (0xc49010e1)
 - private volatile 'state' 'I' @28  3 (0x00000003)
 - private 'readerThread' 'J' @32  0 (0x0000000000000000)
 - private 'writerThread' 'J' @40  0 (0x0000000000000000)
 - private volatile 'timeout' 'I' @48  0 (0x00000000)
 - private final 'server' 'Z' @52  false (0x00)
 - private 'stream' 'Z' @53  true (0x01)
 - private volatile 'nonBlocking' 'Z' @54  false (0x00)
 - private 'isReuseAddress' 'Z' @55  false (0x00)
 - private volatile 'isInputClosed' 'Z' @56  false (0x00)
 - private volatile 'isOutputClosed' 'Z' @57  false (0x00)
 - private 'readEOF' 'Z' @58  false (0x00)
 - private 'connectionReset' 'Z' @59  false (0x00)
 - private final 'readLock' 'Ljava/util/concurrent/locks/ReentrantLock;' @60  a 'java/util/concurrent/locks/ReentrantLock'{0x0000000624808658} (0xc49010cb)
 - private final 'writeLock' 'Ljava/util/concurrent/locks/ReentrantLock;' @64  a 'java/util/concurrent/locks/ReentrantLock'{0x0000000624808688} (0xc49010d1)
 - private final 'stateLock' 'Ljava/lang/Object;' @68  a 'java/lang/Object'{0x00000006248086b8} (0xc49010d7)
 - private 'cleaner' 'Ljava/lang/ref/Cleaner$Cleanable;' @72  a 'jdk/internal/ref/CleanerImpl$PhantomCleanableRef'{0x00000006248087d8} (0xc49010fb)
stack at sp + 3 slots: 0xc49010c100000018 is an unknown value
stack at sp + 4 slots: 0x0000025fcb1893f8 points into unknown readable memory: 0x0000000624f54f58 | 58 4f f5 24 06 00 00 00
stack at sp + 5 slots: 0x00007ffb778a941b jvm.dll
stack at sp + 6 slots: 0x0000001800000018 is an unknown value
stack at sp + 7 slots: 0x00000006248090b0 is an oop: [B 
{0x00000006248090b0} - klass: {type array byte} - flags: is_cloneable_fast 

 - length: 1024
 -   0: 2  
 -   1: 2a *
 -   2: 0  
 -   3: 10  
 -   4: 6a j
 -   5: 61 a
 -   6: 76 v
 -   7: 61 a
 -   8: 2e .
 -   9: 6c l
 -  10: 61 a
 -  11: 6e n
 -  12: 67 g
 -  13: 2e .
 -  14: 54 T
 -  15: 68 h
 -  16: 72 r
 -  17: 65 e
 -  18: 61 a
 -  19: 64 d
 -  20: 0  
 -  21: 0  
 -  22: 0  
 -  23: 0  
 -  24: 68 h
 -  25: 6f o
 -  26: 64 d
 -  27: 54 T
 -  28: 79 y
 -  29: 70 p
 -  30: 65 e
 -  31: 46 F
 -  32: 6f o
 -  33: 72 r
 -  34: 6d m
 -  35: 0  
 -  36: 0  
 -  37: 0  
 -  38: 0  
 -  39: 73 s
 -  40: 63 c
 -  41: 72 r
 -  42: 69 i
 -  43: 70 p
 -  44: 74 t
 -  45: 6f o
 -  46: 72 r
 -  47: 0  
 -  48: 0  
 -  49: 0  
 -  50: 0  
 -  51: 65 e
 -  52: 73 s
 -  53: 73 s
 -  54: 6f o
 -  55: 72 r
 -  56: 0  
 -  57: 0  
 -  58: 0  
 -  59: 0  
 -  60: 0  
 -  61: 0  
 -  62: 0  
 -  63: 0  
 -  64: 0  
 -  65: 2  
 -  66: ffffffc2  
 -  67: ffffffca  
 -  68: fffffffe  
 -  69: ffffffba  
 -  70: ffffffbe  
 -  71: 0  
 -  72: 0  
 -  73: 0  
 -  74: 34 4
 -  75: 0  
 -  76: 1e  
 -  77: a  
 -  78: 0  
 -  79: 4  
 -  80: 0  
 -  81: 18  
 -  82: 9  
 -  83: 0  
 -  84: 3  
 -  85: 0  
 -  86: 19  
 -  87: 7  
 -  88: 0  
 -  89: 1a  
 -  90: 7  
 -  91: 0  
 -  92: 1b  
 -  93: 7  
 -  94: 0  
 -  95: 1c  
 -  96: 1  
 -  97: 0  
 -  98: 10  
 -  99: 73 s
 - 100: 65 e
 - 101: 72 r
 - 102: 69 i
 - 103: 61 a
 - 104: 6c l
 - 105: 56 V
 - 106: 65 e
 - 107: 72 r
 - 108: 73 s
 - 109: 69 i
 - 110: 6f o
 - 111: 6e n
 - 112: 55 U
 - 113: 49 I
 - 114: 44 D
 - 115: 1  
 - 116: 0  
 - 117: 1  
 - 118: 4a J
 - 119: 1  
 - 120: 0  
 - 121: d  
 - 122: 43 C
 - 123: 6f o
 - 124: 6e n
 - 125: 73 s
 - 126: 74 t
 - 127: 61 a
 - 128: 6e n
 - 129: 74 t
 - 130: 56 V
 - 131: 61 a
 - 132: 6c l
 - 133: 75 u
 - 134: 65 e
 - 135: 5  
 - 136: ffffffb1  
 - 137: ffffffe8  
 - 138: ffffff92  
 - 139: ffffff9d  
 - 140: 6  
 - 141: ffffff94  
 - 142: ffffff8a  
 - 143: ffffffd0  
 - 144: 1  
 - 145: 0  
 - 146: 2  
 - 147: 6d m
 - 148: 64 d
 - 149: 1  
 - 150: 0  
 - 151: 31 1
 - 152: 4c L
 - 153: 6f o
 - 154: 72 r
 - 155: 67 g
 - 156: 2f /
 - 157: 6f o
 - 158: 70 p
 - 159: 65 e
 - 160: 6e n
 - 161: 6a j
 - 162: 64 d
 - 163: 6b k
 - 164: 2f /
 - 165: 6a j
 - 166: 6d m
 - 167: 68 h
 - 168: 2f /
 - 169: 72 r
 - 170: 65 e
 - 171: 73 s
 - 172: 75 u
 - 173: 6c l
 - 174: 74 t
 - 175: 73 s
 - 176: 2f /
 - 177: 42 B
 - 178: 65 e
 - 179: 6e n
 - 180: 63 c
 - 181: 68 h
 - 182: 6d m
 - 183: 61 a
 - 184: 72 r
 - 185: 6b k
 - 186: 52 R
 - 187: 65 e
 - 188: 73 s
 - 189: 75 u
 - 190: 6c l
 - 191: 74 t
 - 192: 4d M
 - 193: 65 e
 - 194: 74 t
 - 195: 61 a
 - 196: 44 D
 - 197: 61 a
 - 198: 74 t
 - 199: 61 a
 - 200: 3b ;
 - 201: 1  
 - 202: 0  
 - 203: 6  
 - 204: 3c <
 - 205: 69 i
 - 206: 6e n
 - 207: 69 i
 - 208: 74 t
 - 209: 3e >
 - 210: 1  
 - 211: 0  
 - 212: 34 4
 - 213: 28 (
 - 214: 4c L
 - 215: 6f o
 - 216: 72 r
 - 217: 67 g
 - 218: 2f /
 - 219: 6f o
 - 220: 70 p
 - 221: 65 e
 - 222: 6e n
 - 223: 6a j
 - 224: 64 d
 - 225: 6b k
 - 226: 2f /
 - 227: 6a j
 - 228: 6d m
 - 229: 68 h
 - 230: 2f /
 - 231: 72 r
 - 232: 65 e
 - 233: 73 s
 - 234: 75 u
 - 235: 6c l
 - 236: 74 t
 - 237: 73 s
 - 238: 2f /
 - 239: 42 B
 - 240: 65 e
 - 241: 6e n
 - 242: 63 c
 - 243: 68 h
 - 244: 6d m
 - 245: 61 a
 - 246: 72 r
 - 247: 6b k
 - 248: 52 R
 - 249: 65 e
 - 250: 73 s
 - 251: 75 u
 - 252: 6c l
 - 253: 74 t
 - 254: 4d M
 - 255: 65 e
 - <768 more elements, increase MaxElementPrintSize to print>

Lock stack of current Java thread (top to bottom):
LockStack[0]: java.lang.Class 
{0x0000000624f54288} - klass: 'java/lang/Class' - flags: 

 - ---- fields (total size 38 words):
 - private volatile transient 'classRedefinedCount' 'I' @12  1 (0x00000001)
 - injected 'klass' 'J' @16  2609210120112 (0x0000025f810ad7b0)
 - injected 'array_klass' 'J' @24  0 (0x0000000000000000)
 - injected 'oop_size' 'I' @32  38 (0x00000026)
 - injected 'static_oop_field_count' 'I' @36  39 (0x00000027)
 - private volatile transient 'cachedConstructor' 'Ljava/lang/reflect/Constructor;' @40  null (0x00000000)
 - private transient 'name' 'Ljava/lang/String;' @44  "org.graalvm.visualvm.lib.jfluid.server.ProfilerServer"{0x0000000624f56af8} (0xc49ead5f)
 - private transient 'module' 'Ljava/lang/Module;' @48  a 'java/lang/Module'{0x00000006226e23e8} (0xc44dc47d)
 - private final 'classLoader' 'Ljava/lang/ClassLoader;' @52  null (0x00000000)
 - private transient 'classData' 'Ljava/lang/Object;' @56  null (0x00000000)
 - private transient 'signers' '[Ljava/lang/Object;' @60  null (0x00000000)
 - private transient 'packageName' 'Ljava/lang/String;' @64  null (0x00000000)
 - private final 'componentType' 'Ljava/lang/Class;' @68  null (0x00000000)
 - private volatile transient 'reflectionData' 'Ljava/lang/ref/SoftReference;' @72  null (0x00000000)
 - private volatile transient 'genericInfo' 'Lsun/reflect/generics/repository/ClassRepository;' @76  null (0x00000000)
 - private volatile transient 'enumConstants' '[Ljava/lang/Object;' @80  null (0x00000000)
 - private volatile transient 'enumConstantDirectory' 'Ljava/util/Map;' @84  null (0x00000000)
 - private volatile transient 'annotationData' 'Ljava/lang/Class$AnnotationData;' @88  null (0x00000000)
 - private volatile transient 'annotationType' 'Lsun/reflect/annotation/AnnotationType;' @92  null (0x00000000)
 - transient 'classValueMap' 'Ljava/lang/ClassValue$ClassValueMap;' @96  null (0x00000000)
 - injected 'protection_domain' 'Ljava/lang/Object;' @100  null (0x00000000)
 - injected 'source_file' 'Ljava/lang/Object;' @104  null (0x00000000)
 - injected '<init_lock>' 'Ljava/lang/Object;' @108  null (0x00000000)
 - signature: Lorg/graalvm/visualvm/lib/jfluid/server/ProfilerServer;
 - ---- static fields (39):
 - private static 'messages' 'Ljava/util/ResourceBundle;' @112  a 'java/util/PropertyResourceBundle'{0x0000000624f69ab0} (0xc49ed356)
 - private static 'ENTER_TO_SHUTDOWN_MSG' 'Ljava/lang/String;' @116  "Press ENTER to shut down the target JVM..."{0x0000000624f72060} (0xc49ee40c)
 - private static 'MAIN_CLASS_NOT_PUBLIC_MSG' 'Ljava/lang/String;' @120  "Main class {0} is not public.\x0AProfiler can not start it"{0x0000000624f72128} (0xc49ee425)
 - private static 'INCORRECT_MAIN_MODIFIERS_MSG' 'Ljava/lang/String;' @124  "Method {0}.main(String args[]) has incorrect modifiers"{0x0000000624f723c8} (0xc49ee479)
 - private static 'UNEXPECTED_EXCEPTION_MSG' 'Ljava/lang/String;' @128  "Target application threw an unexpected exception: {0}"{0x0000000624f72498} (0xc49ee493)
 - private static 'ELAPSED_TIME_MSG' 'Ljava/lang/String;' @132  "Main application thread elapsed time: {0} ms."{0x0000000624f72560} (0xc49ee4ac)
 - private static 'CONNECTION_MSG' 'Ljava/lang/String;' @136  "Profiler Agent: Established connection with the tool"{0x0000000624f72620} (0xc49ee4c4)
 - private static 'WAITING_ON_PORT_MSG' 'Ljava/lang/String;' @140  "Profiler Agent: Waiting for connection on port {0} (Protocol version: {1})"{0x0000000624f726e8} (0xc49ee4dd)
 - private static 'WAITING_ON_PORT_TIMEOUT_MSG' 'Ljava/lang/String;' @144  "Profiler Agent: Waiting for connection on port {0}, timeout {1} seconds (Protocol version: {2})"{0x0000000624f727d0} (0xc49ee4fa)
 - private static 'CONNECTION_EXCEPTION_MSG' 'Ljava/lang/String;' @148  "Profiler Agent Error: Exception when trying to establish connection with client:\x0A{0}"{0x0000000624f728c8} (0xc49ee519)
 - private static 'CONNECTION_EXCEPTION_BIND_MSG' 'Ljava/lang/String;' @152  "Profiler Agent Error: Make sure the previously profiled process has been fully terminated"{0x0000000624f729c0} (0xc49ee538)
 - private static 'CONNECTION_TIMEOUT_MSG' 'Ljava/lang/String;' @156  "Profiler Agent Error: Timed out trying to establish connection with client"{0x0000000624f72ab8} (0xc49ee557)
 - private static 'AGENT_ERROR_MSG' 'Ljava/lang/String;' @160  "Profiler Agent Error: {0}"{0x0000000624f72b98} (0xc49ee573)
 - private static 'CONNECTION_INTERRUPTED_MSG' 'Ljava/lang/String;' @164  "Profiler Agent Error: Connection with client interrupted"{0x0000000624f72c50} (0xc49ee58a)
 - private static 'COMMAND_EXCEPTION_MSG' 'Ljava/lang/String;' @168  "Profiler Agent Error: Exception when handling command from client:\x0A{0}"{0x0000000624f72d20} (0xc49ee5a4)
 - private static 'RESPONSE_EXCEPTION_MSG' 'Ljava/lang/String;' @172  "Profiler Agent Error: Exception when trying to send response or command to client:\x0A{0}"{0x0000000624f72e00} (0xc49ee5c0)
 - private static 'CONNECTION_CLOSED_MSG' 'Ljava/lang/String;' @176  "Profiler Agent: Connection with agent closed"{0x0000000624f72ef0} (0xc49ee5de)
 - private static 'CONNECTION_CLOSED_EX_MSG' 'Ljava/lang/String;' @180  "Profiler Agent: Connection with agent closed (ProfilingSessionStatus was null)"{0x0000000624f72fb8} (0xc49ee5f7)
 - private static 'INCORRECT_AGENT_ID_MSG' 'Ljava/lang/String;' @184  "Profiler Agent Warning: Wrong agentId specified: {0}"{0x0000000624f730a0} (0xc49ee614)
 - private static 'THREAD_EXCEPTION_MSG' 'Ljava/lang/String;' @188  "Profiler Agent Error: Exception in executeInSeparateThread()"{0x0000000624f73170} (0xc49ee62e)
 - private static 'THREAD_WAIT_EXCEPTION_MSG' 'Ljava/lang/String;' @192  "Profiler Agent Error: Exception in wait in SeparateCmdExecutionThread"{0x0000000624f73248} (0xc49ee649)
 - private static 'LOCAL_SESSION_MSG' 'Ljava/lang/String;' @196  "Profiler Agent: Local accelerated session"{0x0000000624f73320} (0xc49ee664)
 - private static 'REMOTE_SESSION_MSG' 'Ljava/lang/String;' @200  "Profiler Agent: Standard session"{0x0000000624f73418} (0xc49ee683)
 - public static final 'ATTACH_DYNAMIC' 'I' @268  0 (0x00000000)
 - public static final 'ATTACH_DIRECT' 'I' @272  1 (0x00000001)
 - private static volatile 'profilerInterfaceInitialized' 'Z' @292  true (0x01)
 - private static volatile 'connectionOpen' 'Z' @293  true (0x01)
 - private static volatile 'connectionFailed' 'Z' @294  false (0x00)
 - private static volatile 'detachCommandReceived' 'Z' @295  false (0x00)
 - private static 'profilerServer' 'Lorg/graalvm/visualvm/lib/jfluid/server/ProfilerServer;' @204  a 'org/graalvm/visualvm/lib/jfluid/server/ProfilerServer'{0x0000000624fb5900} (0xc49f6b20)
 - private static 'status' 'Lorg/graalvm/visualvm/lib/jfluid/global/ProfilingSessionStatus;' @208  a 'org/graalvm/visualvm/lib/jfluid/global/ProfilingSessionStatus'{0x0000000624fb5ad0} (0xc49f6b5a)
 - private static volatile 'startTargetApp' 'Z' @296  false (0x00)
 - private static volatile 'targetAppMainThreadComplete' 'Z' @297  false (0x00)
 - private static volatile 'startupException' 'Ljava/lang/Exception;' @212  null (0x00000000)
 - private static final 'targetAppRunningLock' 'Ljava/lang/Object;' @216  a 'java/lang/Object'{0x0000000624f54f18} (0xc49ea9e3)
 - private static 'mainThread' 'Ljava/lang/Thread;' @220  null (0x00000000)
 - private static 'separateCmdExecutionThread' 'Lorg/graalvm/visualvm/lib/jfluid/server/ProfilerServer$SeparateCmdExecutionThread;' @224  a 'org/graalvm/visualvm/lib/jfluid/server/ProfilerServer$SeparateCmdExecutionThread'{0x0000000624fb8230} (0xc49f7046)
 - private static 'shutdownWaitThread' 'Lorg/graalvm/visualvm/lib/jfluid/server/ProfilerServer$ShutdownWaitThread;' @228  a 'org/graalvm/visualvm/lib/jfluid/server/ProfilerServer$ShutdownWaitThread'{0x0000000624fb5498} (0xc49f6a93)
 - static final 'execInSeparateThreadLock' 'Ljava/lang/Object;' @232  a 'java/lang/Object'{0x0000000624f54f28} (0xc49ea9e5)
 - static 'execInSeparateThreadOpCode' 'I' @276  40 (0x00000028)
 - private static volatile 'preemptExit' 'Z' @298  true (0x01)
 - private static 'shutdownOK' 'Z' @299  false (0x00)
 - private static final 'shutdownLock' 'Ljava/lang/Object;' @236  a 'java/lang/Object'{0x0000000624f54f38} (0xc49ea9e7)
 - private static final 'resultsNotifiedLock' 'Ljava/lang/Object;' @240  a 'java/lang/Object'{0x0000000624f54f48} (0xc49ea9e9)
 - private static 'resultsNotified' 'Z' @300  true (0x01)
 - private static 'resourcesInitialized' 'Z' @301  true (0x01)
 - private static '_fullJFluidPath' 'Ljava/lang/String;' @244  "D:\visualvm_22\visualvm_22\visualvm\lib"{0x0000000624f53700} (0xc49ea6e0)
 - private static '_portNo' 'I' @280  5140 (0x00001414)
 - private static '_activateCode' 'I' @284  0 (0x00000000)
 - private static '_timeOut' 'I' @288  0 (0x00000000)
 - private static 'lastResponse' 'Lorg/graalvm/visualvm/lib/jfluid/wireprotocol/Response;' @248  null (0x00000000)
 - private static final 'responseLock' 'Ljava/lang/Object;' @252  a 'java/lang/Object'{0x0000000624f54f58} (0xc49ea9eb)
 - static synthetic 'array$Ljava$lang$String' 'Ljava/lang/Class;' @256  null (0x00000000)
 - static synthetic 'class$java$lang$Class' 'Ljava/lang/Class;' @260  null (0x00000000)
 - static synthetic 'class$java$lang$ClassLoader' 'Ljava/lang/Class;' @264  null (0x00000000)


Compiled method (n/a) 152964 3596     n 0       java.lang.Object::wait0 (native)
 total in heap  [0x0000025fddc2c288,0x0000025fddc2c4e0] = 600
 relocation     [0x0000025fddc2c360,0x0000025fddc2c370] = 16
 main code      [0x0000025fddc2c380,0x0000025fddc2c4da] = 346
 stub code      [0x0000025fddc2c4da,0x0000025fddc2c4e0] = 6

[Constant Pool (empty)]

[MachCode]
[Entry Point]
  # {method} {0x0000025fc28d9290} 'wait0' '(J)V' in 'java/lang/Object'
  # this:     rdx:rdx   = 'java/lang/Object'
  # parm0:    r8:r8     = long
  #           [sp+0x70]  (sp of caller)
  0x0000025fddc2c380: 6690 448b | 5208 443b 

  0x0000025fddc2c388: ;   {runtime_call Shared Runtime ic_miss_blob}
  0x0000025fddc2c388: 5008 0f85 | d023 75ff 
[Verified Entry Point]
  0x0000025fddc2c390: 8984 2400 | 80ff ff55 | 488b ec48 | 83ec 6090 | 4181 7f20 | 0100 0000 

  0x0000025fddc2c3a8: ;   {runtime_call StubRoutines (final stubs)}
  0x0000025fddc2c3a8: 7405 e851 | 9573 ff48 | 8954 2420 | 4883 fa00 | 488d 5424 | 2048 0f44 | 5424 204c | 8d15 a400 
  0x0000025fddc2c3c8: 0000 4d89 | 97b0 0300 | 00c5 f877 | 4989 a7a8 | 0300 0049 | 8d8f c803 | 0000 41c7 | 8754 0400 
  0x0000025fddc2c3e8: 0004 0000 

  0x0000025fddc2c3ec: ;   {runtime_call}
  0x0000025fddc2c3ec: 0048 b8d0 | 928a 77fb | 7f00 00ff | d0c5 f877 | 41c7 8754 | 0400 0005 | 0000 00f0 | 8344 24c0 
  0x0000025fddc2c40c: 0049 3b6f | 280f 870e | 0000 0041 | 83bf 5004 | 0000 000f | 8423 0000 | 00c5 f877 | 498b cf4c 
  0x0000025fddc2c42c: 8be4 4883 | ec20 4883 

  0x0000025fddc2c434: ;   {runtime_call}
  0x0000025fddc2c434: e4f0 48b8 | c0ba 8077 | fb7f 0000 | ffd0 498b | e44d 33e4 | 41c7 8754 | 0400 0008 | 0000 004d 
  0x0000025fddc2c454: 8b97 7005 | 0000 4983 | fa00 740e | 49c7 8770 | 0500 0000 | 0000 0041 | ffe2 4183 | bfd0 0400 
  0x0000025fddc2c474: 0002 0f84 | 3c00 0000 | 49c7 87a8 | 0300 0000 | 0000 0049 | c787 b003 | 0000 0000 | 0000 c5f8 
  0x0000025fddc2c494: 7749 8b8f | 3804 0000 | c781 0001 | 0000 0000 | 0000 c949 | 837f 0800 | 0f85 0100 

  0x0000025fddc2c4b0: ;   {runtime_call StubRoutines (initial stubs)}
  0x0000025fddc2c4b0: 0000 c3e9 | 084a 70ff | c5f8 774c | 8be4 4883 | ec20 4883 

  0x0000025fddc2c4c4: ;   {runtime_call}
  0x0000025fddc2c4c4: e4f0 48b8 | 6058 b877 | fb7f 0000 | ffd0 498b | e44d 33e4 | eba2 f4f4 | f4f4 f4f4 
[/MachCode]


Compiled method (c1) 152969 3711   !   3       java.lang.Object::wait (59 bytes)
 total in heap  [0x0000025fd64dcd88,0x0000025fd64dd488] = 1792
 relocation     [0x0000025fd64dce60,0x0000025fd64dcee8] = 136
 main code      [0x0000025fd64dcf00,0x0000025fd64dd418] = 1304
 stub code      [0x0000025fd64dd418,0x0000025fd64dd478] = 96
 metadata       [0x0000025fd64dd478,0x0000025fd64dd488] = 16
 immutable data [0x0000025fc8190990,0x0000025fc8190ad8] = 328
 dependencies   [0x0000025fc8190990,0x0000025fc8190998] = 8
 nul chk table  [0x0000025fc8190998,0x0000025fc81909a8] = 16
 handler table  [0x0000025fc81909a8,0x0000025fc81909c0] = 24
 scopes pcs     [0x0000025fc81909c0,0x0000025fc8190a70] = 176
 scopes data    [0x0000025fc8190a70,0x0000025fc8190ad8] = 104

[Constant Pool (empty)]

[MachCode]
[Instructions begin]
  0x0000025fd64dcf00: 6666 660f | 1f84 0000 | 0000 0066 | 6666 9066 | 6690 448b | 5208 443b 

  0x0000025fd64dcf18: ;   {runtime_call Shared Runtime ic_miss_blob}
  0x0000025fd64dcf18: 5008 0f85 | 4018 ea06 
[Verified Entry Point]
  0x0000025fd64dcf20: 8984 2400 | 80ff ff55 | 4883 ec50 | 4181 7f20 | 0100 0000 

  0x0000025fd64dcf34: ;   {runtime_call StubRoutines (final stubs)}
  0x0000025fd64dcf34: 7405 e8c5 

  0x0000025fd64dcf38: ;   {metadata(method data for {method} {0x0000025fc28d91f8} 'wait' '(J)V' in 'java/lang/Object')}
  0x0000025fd64dcf38: 89e8 0648 | be50 bf8d | c25f 0200 | 008b becc | 0000 0083 | c702 89be | cc00 0000 | 81e7 fe07 
  0x0000025fd64dcf58: 0000 85ff | 0f84 0404 | 0000 498b | f0bf 0000 | 0000 483b 

  0x0000025fd64dcf6c: ;   {metadata(method data for {method} {0x0000025fc28d91f8} 'wait' '(J)V' in 'java/lang/Object')}
  0x0000025fd64dcf6c: f748 be50 | bf8d c25f | 0200 00bf | 2001 0000 | 7c05 bf10 | 0100 0048 | 8b1c 3e48 | 8d5b 0148 
  0x0000025fd64dcf8c: 891c 3e0f | 8c67 0200 

  0x0000025fd64dcf94: ;   {metadata(method data for {method} {0x0000025fc28d91f8} 'wait' '(J)V' in 'java/lang/Object')}
  0x0000025fd64dcf94: 0048 be50 | bf8d c25f | 0200 0048 | 8386 4001 | 0000 0149 | 8bb7 9003 | 0000 488b | 3648 85f6 
  0x0000025fd64dcfb4: ;   {metadata(method data for {method} {0x0000025fc28d91f8} 'wait' '(J)V' in 'java/lang/Object')}
  0x0000025fd64dcfb4: 48b8 50bf | 8dc2 5f02 | 0000 750c | 8088 4901 | 0000 01e9 | ae00 0000 | 8b4e 0849 | ba00 0000 
  0x0000025fd64dcfd4: 805f 0200 | 0049 03ca | 483b 8858 | 0100 0075 | 0d48 8380 | 6001 0000 | 01e9 6000 | 0000 483b 
  0x0000025fd64dcff4: 8868 0100 | 0075 0d48 | 8380 7001 | 0000 01e9 | 4a00 0000 | 4883 b858 | 0100 0000 | 7517 4889 
  0x0000025fd64dd014: 8858 0100 | 0048 c780 | 6001 0000 | 0100 0000 | e929 0000 | 0048 83b8 | 6801 0000 | 0075 1748 
  0x0000025fd64dd034: 8988 6801 | 0000 48c7 | 8070 0100 | 0001 0000 | 00e9 0800 | 0000 4883 | 8050 0100 

  0x0000025fd64dd050: ;   {metadata('java/lang/VirtualThread')}
  0x0000025fd64dd050: 0001 48b9 | f07e 1880 | 5f02 0000 | 8b5e 0849 | ba00 0000 | 805f 0200 | 0049 03da | 483b cb0f 
  0x0000025fd64dd070: 8505 0000 | 00e9 0500 | 0000 4833 | ffeb 05bf | 0100 0000 

  0x0000025fd64dd084: ;   {metadata(method data for {method} {0x0000025fc28d91f8} 'wait' '(J)V' in 'java/lang/Object')}
  0x0000025fd64dd084: 85ff 48bf | 50bf 8dc2 | 5f02 0000 | bb80 0100 | 0074 05bb | 9001 0000 | 488b 041f | 488d 4001 
  0x0000025fd64dd0a4: 4889 041f | 0f84 1701 | 0000 4885 

  0x0000025fd64dd0b0: ;   {metadata(method data for {method} {0x0000025fc28d91f8} 'wait' '(J)V' in 'java/lang/Object')}
  0x0000025fd64dd0b0: f648 bb50 | bf8d c25f | 0200 0075 | 0c80 8b99 | 0100 0001 | e9ae 0000 | 008b 4608 | 49ba 0000 
  0x0000025fd64dd0d0: 0080 5f02 | 0000 4903 | c248 3b83 | a801 0000 | 750d 4883 | 83b0 0100 | 0001 e960 | 0000 0048 
  0x0000025fd64dd0f0: 3b83 b801 | 0000 750d | 4883 83c0 | 0100 0001 | e94a 0000 | 0048 83bb | a801 0000 | 0075 1748 
  0x0000025fd64dd110: 8983 a801 | 0000 48c7 | 83b0 0100 | 0001 0000 | 00e9 2900 | 0000 4883 | bbb8 0100 | 0000 7517 
  0x0000025fd64dd130: 4889 83b8 | 0100 0048 | c783 c001 | 0000 0100 | 0000 e908 | 0000 0048 | 8383 a001 

  0x0000025fd64dd14c: ;   {metadata('java/lang/VirtualThread')}
  0x0000025fd64dd14c: 0000 0148 | b8f0 7e18 | 805f 0200 | 008b 7e08 | 49ba 0000 | 0080 5f02 | 0000 4903 | fa48 3bc7 
  0x0000025fd64dd16c: 0f85 1502 | 0000 e900 | 0000 0048 | 8974 2428 

  0x0000025fd64dd17c: ;   {metadata(method data for {method} {0x0000025fc28d91f8} 'wait' '(J)V' in 'java/lang/Object')}
  0x0000025fd64dd17c: 488b fa48 | bb50 bf8d | c25f 0200 | 0048 8383 | d001 0000 | 0166 0f1f 

  0x0000025fd64dd194: ;   {optimized virtual_call}
  0x0000025fd64dd194: 4400 00e8 

  0x0000025fd64dd198: ; ImmutableOopMap {[40]=Oop }
                      ;*invokevirtual wait0 {reexecute=0 rethrow=0 return_oop=0}
                      ; - java.lang.Object::wait@37 (line 382)
  0x0000025fd64dd198: c418 ea06 

  0x0000025fd64dd19c: ;   {post_call_nop}
  0x0000025fd64dd19c: 0f1f 8400 | 1404 0000 

  0x0000025fd64dd1a4: ;   {metadata(method data for {method} {0x0000025fc28d91f8} 'wait' '(J)V' in 'java/lang/Object')}
  0x0000025fd64dd1a4: 49b8 50bf | 8dc2 5f02 | 0000 41ff | 8000 0200 | 0048 83c4 

  0x0000025fd64dd1b8: ;   {poll_return}
  0x0000025fd64dd1b8: 505d 493b | 6728 0f87 | cc01 0000 | c348 8bf2 

  0x0000025fd64dd1c8: ;   {metadata(method data for {method} {0x0000025fc28d91f8} 'wait' '(J)V' in 'java/lang/Object')}
  0x0000025fd64dd1c8: 48bf 50bf | 8dc2 5f02 | 0000 4883 | 8748 0200 | 0001 0f1f 

  0x0000025fd64dd1dc: ;   {optimized virtual_call}
  0x0000025fd64dd1dc: 4400 00e8 

  0x0000025fd64dd1e0: ; ImmutableOopMap {}
                      ;*invokevirtual wait0 {reexecute=0 rethrow=0 return_oop=0}
                      ; - java.lang.Object::wait@55 (line 389)
  0x0000025fd64dd1e0: acf1 7407 

  0x0000025fd64dd1e4: ;   {post_call_nop}
  0x0000025fd64dd1e4: 0f1f 8400 | 5c04 0001 | 4883 c450 

  0x0000025fd64dd1f0: ;   {poll_return}
  0x0000025fd64dd1f0: 5d49 3b67 | 280f 87ab | 0100 00c3 | 0f1f 4000 

  0x0000025fd64dd200: ;   {no_reloc}
  0x0000025fd64dd200: e9c6 0100 | 0000 0000 | 0000 498b | 87c8 0100 | 0048 8d78 | 2849 3bbf | d801 0000 | 0f87 b301 
  0x0000025fd64dd220: 0000 4989 | bfc8 0100 | 0048 c700 | 0100 0000 | 488b ca49 | ba00 0000 | 805f 0200 | 0049 2bca 
  0x0000025fd64dd240: 8948 0848 | 33c9 8948 | 0c48 33c9 | 4889 4810 | 4889 4818 | 4889 4820 

  0x0000025fd64dd258: ;   {metadata(method data for {method} {0x0000025fc28d91f8} 'wait' '(J)V' in 'java/lang/Object')}
  0x0000025fd64dd258: 4c8b c048 | ba50 bf8d | c25f 0200 | 0048 8382 | 3001 0000 

  0x0000025fd64dd26c: ;   {oop("timeout value is negative"{0x00000007ffc178e0})}
  0x0000025fd64dd26c: 0149 b8e0 | 78c1 ff07 | 0000 0048 | 8bd0 4889 

  0x0000025fd64dd27c: ;   {optimized virtual_call}
  0x0000025fd64dd27c: 4424 30e8 

  0x0000025fd64dd280: ; ImmutableOopMap {[48]=Oop }
                      ;*invokespecial <init> {reexecute=0 rethrow=0 return_oop=0}
                      ; - java.lang.Object::wait@12 (line 377)
  0x0000025fd64dd280: dc17 ea06 

  0x0000025fd64dd284: ;   {post_call_nop}
  0x0000025fd64dd284: 0f1f 8400 | fc04 0002 | 488b 4424 | 30e9 7801 | 0000 498b | 8708 0500 | 004d 33d2 | 4d89 9708 
  0x0000025fd64dd2a4: 0500 004d | 33d2 4d89 | 9710 0500 | 0048 3b06 

  0x0000025fd64dd2b4: ;   {metadata(method data for {method} {0x0000025fc28d91f8} 'wait' '(J)V' in 'java/lang/Object')}
  0x0000025fd64dd2b4: 488b d648 | bf50 bf8d | c25f 0200 | 008b 5208 | 49ba 0000 | 0080 5f02 | 0000 4903 | d248 3b97 
  0x0000025fd64dd2d4: 2002 0000 | 750d 4883 | 8728 0200 | 0001 e960 | 0000 0048 | 3b97 3002 | 0000 750d | 4883 8738 
  0x0000025fd64dd2f4: 0200 0001 | e94a 0000 | 0048 83bf | 2002 0000 | 0075 1748 | 8997 2002 | 0000 48c7 | 8728 0200 
  0x0000025fd64dd314: 0001 0000 | 00e9 2900 | 0000 4883 | bf30 0200 | 0000 7517 | 4889 9730 | 0200 0048 | c787 3802 
  0x0000025fd64dd334: 0000 0100 | 0000 e908 | 0000 0048 | 8387 1802 | 0000 0148 | 8bd6 4889 

  0x0000025fd64dd34c: ;   {optimized virtual_call}
  0x0000025fd64dd34c: 4424 38e8 

  0x0000025fd64dd350: ; ImmutableOopMap {[56]=Oop }
                      ;*invokevirtual getAndClearInterrupt {reexecute=0 rethrow=0 return_oop=0}
                      ; - java.lang.Object::wait@46 (line 385)
  0x0000025fd64dd350: 0c17 ea06 

  0x0000025fd64dd354: ;   {post_call_nop}
  0x0000025fd64dd354: 0f1f 8400 | cc05 0003 | 488b 4424 | 38e9 a800 

  0x0000025fd64dd364: ;   {metadata({method} {0x0000025fc28d91f8} 'wait' '(J)V' in 'java/lang/Object')}
  0x0000025fd64dd364: 0000 49ba | f091 8dc2 | 5f02 0000 | 4c89 5424 | 0848 c704 | 24ff ffff 

  0x0000025fd64dd37c: ;   {runtime_call C1 Runtime counter_overflow_blob}
  0x0000025fd64dd37c: ffe8 5e7e 

  0x0000025fd64dd380: ; ImmutableOopMap {rdx=Oop }
                      ;*synchronization entry
                      ; - java.lang.Object::wait@-1 (line 376)
  0x0000025fd64dd380: f606 e9db | fbff ff48 

  0x0000025fd64dd388: ;   {runtime_call C1 Runtime throw_class_cast_exception_blob}
  0x0000025fd64dd388: 8934 24e8 

  0x0000025fd64dd38c: ; ImmutableOopMap {rdx=Oop }
                      ;*checkcast {reexecute=0 rethrow=0 return_oop=0}
                      ; - java.lang.Object::wait@31 (line 380)
  0x0000025fd64dd38c: d039 f606 

  0x0000025fd64dd390: ;   {internal_word}
  0x0000025fd64dd390: 49ba bad1 | 4dd6 5f02 | 0000 4d89 | 9760 0400 

  0x0000025fd64dd3a0: ;   {runtime_call SafepointBlob}
  0x0000025fd64dd3a0: 00e9 3a89 

  0x0000025fd64dd3a4: ;   {internal_word}
  0x0000025fd64dd3a4: ea06 49ba | f1d1 4dd6 | 5f02 0000 | 4d89 9760 

  0x0000025fd64dd3b4: ;   {runtime_call SafepointBlob}
  0x0000025fd64dd3b4: 0400 00e9 | 2489 ea06 

  0x0000025fd64dd3bc: ;   {metadata(nullptr)}
  0x0000025fd64dd3bc: 48ba 0000 | 0000 0000 | 0000 b800 

  0x0000025fd64dd3c8: ;   {runtime_call C1 Runtime load_klass_patching_blob}
  0x0000025fd64dd3c8: 0f05 0ae8 

  0x0000025fd64dd3cc: ; ImmutableOopMap {}
                      ;*new {reexecute=1 rethrow=0 return_oop=0}
                      ; - (reexecute) java.lang.Object::wait@6 (line 377)
  0x0000025fd64dd3cc: 105e f606 | e92b feff | ff48 8bd2 

  0x0000025fd64dd3d8: ;   {runtime_call C1 Runtime fast_new_instance_blob}
  0x0000025fd64dd3d8: e883 1ef6 

  0x0000025fd64dd3dc: ; ImmutableOopMap {}
                      ;*new {reexecute=0 rethrow=0 return_oop=0}
                      ; - java.lang.Object::wait@6 (line 377)
  0x0000025fd64dd3dc: 06e9 76fe 

  0x0000025fd64dd3e0: ;   {runtime_call C1 Runtime throw_null_pointer_exception_blob}
  0x0000025fd64dd3e0: ffff e879 

  0x0000025fd64dd3e4: ; ImmutableOopMap {rsi=Oop rax=Oop }
                      ;*invokevirtual getAndClearInterrupt {reexecute=0 rethrow=0 return_oop=0}
                      ; - java.lang.Object::wait@46 (line 385)
  0x0000025fd64dd3e4: 15f6 0648 | 8b74 2428 | e9a5 feff | ff49 8b87 | 0805 0000 | 49c7 8708 | 0500 0000 | 0000 0049 
  0x0000025fd64dd404: c787 1005 | 0000 0000 | 0000 4883 

  0x0000025fd64dd410: ;   {runtime_call C1 Runtime unwind_exception_blob}
  0x0000025fd64dd410: c450 5de9 | 4806 f606 
[Stub Code]
  0x0000025fd64dd418: ;   {no_reloc}
  0x0000025fd64dd418: 48bb 0000 | 0000 0000 

  0x0000025fd64dd420: ;   {runtime_call nmethod}
  0x0000025fd64dd420: 0000 e9fb 

  0x0000025fd64dd424: ;   {static_stub}
  0x0000025fd64dd424: ffff ff48 | bb00 0000 | 0000 0000 

  0x0000025fd64dd430: ;   {runtime_call nmethod}
  0x0000025fd64dd430: 00e9 fbff 

  0x0000025fd64dd434: ;   {static_stub}
  0x0000025fd64dd434: ffff 48bb | 0000 0000 | 0000 0000 

  0x0000025fd64dd440: ;   {runtime_call nmethod}
  0x0000025fd64dd440: e9fb ffff 

  0x0000025fd64dd444: ;   {runtime_call C1 Runtime handle_exception_from_callee_blob}
  0x0000025fd64dd444: ffe8 1633 

  0x0000025fd64dd448: ;   {external_word}
  0x0000025fd64dd448: f606 48b9 | f8eb de77 | fb7f 0000 | 4883 e4f0 

  0x0000025fd64dd458: ;   {runtime_call}
  0x0000025fd64dd458: 48b8 b0a9 | a577 fb7f | 0000 ffd0 

  0x0000025fd64dd464: ;   {section_word}
  0x0000025fd64dd464: f449 ba65 | d44d d65f | 0200 0041 

  0x0000025fd64dd470: ;   {runtime_call DeoptimizationBlob}
  0x0000025fd64dd470: 52e9 0a7e | ea06 f4f4 
[/MachCode]


Compiled method (c1) 152984 3483  s!   3       org.graalvm.visualvm.lib.jfluid.server.ProfilerServer::getLastResponse (68 bytes)
 total in heap  [0x0000025fd645a388,0x0000025fd645ad28] = 2464
 relocation     [0x0000025fd645a460,0x0000025fd645a4e8] = 136
 main code      [0x0000025fd645a500,0x0000025fd645aca8] = 1960
 stub code      [0x0000025fd645aca8,0x0000025fd645ad00] = 88
 oops           [0x0000025fd645ad00,0x0000025fd645ad08] = 8
 metadata       [0x0000025fd645ad08,0x0000025fd645ad28] = 32
 immutable data [0x0000025fc6f04bc0,0x0000025fc6f04d48] = 392
 dependencies   [0x0000025fc6f04bc0,0x0000025fc6f04bd0] = 16
 nul chk table  [0x0000025fc6f04bd0,0x0000025fc6f04be0] = 16
 handler table  [0x0000025fc6f04be0,0x0000025fc6f04c38] = 88
 scopes pcs     [0x0000025fc6f04c38,0x0000025fc6f04ce8] = 176
 scopes data    [0x0000025fc6f04ce8,0x0000025fc6f04d48] = 96

[Constant Pool (empty)]

[MachCode]
[Verified Entry Point]
  # {method} {0x0000025fc29755a8} 'getLastResponse' '()Lorg/graalvm/visualvm/lib/jfluid/wireprotocol/Response;' in 'org/graalvm/visualvm/lib/jfluid/server/ProfilerServer'
  #           [sp+0x70]  (sp of caller)
  0x0000025fd645a500: 8984 2400 | 80ff ff55 | 4883 ec60 | 4181 7f20 | 0100 0000 

  0x0000025fd645a514: ;   {runtime_call StubRoutines (final stubs)}
  0x0000025fd645a514: 7405 e8e5 

  0x0000025fd645a518: ;   {oop(a 'java/lang/Class'{0x0000000624f54288} = 'org/graalvm/visualvm/lib/jfluid/server/ProfilerServer')}
  0x0000025fd645a518: b3f0 0649 | b888 42f5 | 2406 0000 | 0048 8d54 | 2438 4c89 | 4208 498b | 0041 8bb7 | 5806 0000 
  0x0000025fd645a538: 81fe a806 | 0000 0f8d | d005 0000 | 4d3b 4437 | f80f 8425 | 0000 00a8 | 020f 85bd | 0500 0048 
  0x0000025fd645a558: 8bf0 4883 | e6fe 4883 | c801 f049 | 0fb1 300f | 85a7 0500 | 0041 8bb7 | 5806 0000 | 4d89 0437 
  0x0000025fd645a578: 83c6 0841 | 89b7 5806 

  0x0000025fd645a580: ;   {metadata(method data for {method} {0x0000025fc29755a8} 'getLastResponse' '()Lorg/graalvm/visualvm/lib/jfluid/wireprotocol/Response;' in 'org/graalvm/visualvm/lib/jfluid/server/ProfilerServer')}
  0x0000025fd645a580: 0000 48b8 | 80d0 8cc2 | 5f02 0000 | 448b 80cc | 0000 0041 | 83c0 0244 | 8980 cc00 | 0000 4181 
  0x0000025fd645a5a0: e0fe 0700 | 0045 85c0 | 0f84 7905 

  0x0000025fd645a5ac: ;   {oop(a 'java/lang/Object'{0x0000000624f54f58})}
  0x0000025fd645a5ac: 0000 49b8 | 584f f524 | 0600 0000 | 488d 5424 | 484c 8942 | 0849 8b00 | 418b b758 | 0600 0081 
  0x0000025fd645a5cc: fea8 0600 | 000f 8d71 | 0500 004d | 3b44 37f8 | 0f84 2500 | 0000 a802 | 0f85 5e05 | 0000 488b 
  0x0000025fd645a5ec: f048 83e6 | fe48 83c8 | 01f0 490f | b130 0f85 | 4805 0000 | 418b b758 | 0600 004d | 8904 3783 
  0x0000025fd645a60c: c608 4189 | b758 0600 

  0x0000025fd645a614: ;   {oop(a 'java/lang/Class'{0x0000000624f54288} = 'org/graalvm/visualvm/lib/jfluid/server/ProfilerServer')}
  0x0000025fd645a614: 0049 b888 | 42f5 2406 | 0000 0045 | 8b80 f800 | 0000 49c1 | e003 4d85 

  0x0000025fd645a62c: ;   {metadata(method data for {method} {0x0000025fc29755a8} 'getLastResponse' '()Lorg/graalvm/visualvm/lib/jfluid/wireprotocol/Response;' in 'org/graalvm/visualvm/lib/jfluid/server/ProfilerServer')}
  0x0000025fd645a62c: c049 b880 | d08c c25f | 0200 00ba | 1001 0000 | 7505 ba20 | 0100 0049 | 8b34 1048 | 8d76 0149 
  0x0000025fd645a64c: 8934 100f | 852f 0300 | 00e9 b200 | 0000 660f | 1f44 0000 

  0x0000025fd645a660: ;   {metadata(method data for {method} {0x0000025fc29755a8} 'getLastResponse' '()Lorg/graalvm/visualvm/lib/jfluid/wireprotocol/Response;' in 'org/graalvm/visualvm/lib/jfluid/server/ProfilerServer')}
  0x0000025fd645a660: 48b8 80d0 | 8cc2 5f02 | 0000 ff80 | 6001 0000 | 41b8 0000 | 0000 e921 | 0000 0049 | 8b87 0805 
  0x0000025fd645a680: 0000 4d33 | d24d 8997 | 0805 0000 | 4d33 d24d | 8997 1005 | 0000 41b8 | 0100 0000 | 4585 c0ba 
  0x0000025fd645a6a0: 0200 0000 | 7505 ba00 

  0x0000025fd645a6a8: ;   {metadata(method data for {method} {0x0000025fc29755a8} 'getLastResponse' '()Lorg/graalvm/visualvm/lib/jfluid/wireprotocol/Response;' in 'org/graalvm/visualvm/lib/jfluid/server/ProfilerServer')}
  0x0000025fd645a6a8: 0000 0048 | be80 d08c | c25f 0200 | 008b bed0 | 0000 0003 | fa89 bed0 | 0000 0085 | d275 05bf 
  0x0000025fd645a6c8: 0200 0000 | 81e7 fe3f | 0000 85ff | 0f84 8104 | 0000 4d8b 

  0x0000025fd645a6dc: ; ImmutableOopMap {[64]=Oop [80]=Oop }
                      ;*ifne {reexecute=1 rethrow=0 return_oop=0}
                      ; - (reexecute) org.graalvm.visualvm.lib.jfluid.server.ProfilerServer::getLastResponse@29 (line 444)
                      ;   {poll}
  0x0000025fd645a6dc: 5730 4185 | 0245 85c0 

  0x0000025fd645a6e4: ;   {metadata(method data for {method} {0x0000025fc29755a8} 'getLastResponse' '()Lorg/graalvm/visualvm/lib/jfluid/wireprotocol/Response;' in 'org/graalvm/visualvm/lib/jfluid/server/ProfilerServer')}
  0x0000025fd645a6e4: 49b8 80d0 | 8cc2 5f02 | 0000 ba88 | 0100 0074 | 05ba 7801 | 0000 498b | 3410 488d | 7601 4989 
  0x0000025fd645a704: 3410 0f84 | 7501 0000 

  0x0000025fd645a70c: ;   {oop(a 'java/lang/Object'{0x0000000624f54f58})}
  0x0000025fd645a70c: 48ba 584f | f524 0600 | 0000 4c8b 

  0x0000025fd645a718: ;   {metadata(method data for {method} {0x0000025fc29755a8} 'getLastResponse' '()Lorg/graalvm/visualvm/lib/jfluid/wireprotocol/Response;' in 'org/graalvm/visualvm/lib/jfluid/server/ProfilerServer')}
  0x0000025fd645a718: c248 be80 | d08c c25f | 0200 0045 | 8b40 0849 | ba00 0000 | 805f 0200 | 004d 03c2 | 4c3b 8638 
  0x0000025fd645a738: 0100 0075 | 0d48 8386 | 4001 0000 | 01e9 6000 | 0000 4c3b | 8648 0100 | 0075 0d48 | 8386 5001 
  0x0000025fd645a758: 0000 01e9 | 4a00 0000 | 4883 be38 | 0100 0000 | 7517 4c89 | 8638 0100 | 0048 c786 | 4001 0000 
  0x0000025fd645a778: 0100 0000 | e929 0000 | 0048 83be | 4801 0000 | 0075 174c | 8986 4801 | 0000 48c7 | 8650 0100 
  0x0000025fd645a798: 0001 0000 | 00e9 0800 | 0000 4883 | 8630 0100 

  0x0000025fd645a7a8: ;   {metadata(method data for {method} {0x0000025fc28d90d8} 'wait' '()V' in 'java/lang/Object')}
  0x0000025fd645a7a8: 0001 49b8 | d0bd 8dc2 | 5f02 0000 | 418b b0cc | 0000 0083 | c602 4189 | b0cc 0000 | 0081 e6fe 
  0x0000025fd645a7c8: ff1f 0085 | f60f 84a9 | 0300 004c 

  0x0000025fd645a7d4: ;   {metadata(method data for {method} {0x0000025fc28d90d8} 'wait' '()V' in 'java/lang/Object')}
  0x0000025fd645a7d4: 8bc2 48be | d0bd 8dc2 | 5f02 0000 | 458b 4008 | 49ba 0000 | 0080 5f02 | 0000 4d03 | c24c 3b86 
  0x0000025fd645a7f4: 1801 0000 | 750d 4883 | 8620 0100 | 0001 e960 | 0000 004c | 3b86 2801 | 0000 750d | 4883 8630 
  0x0000025fd645a814: 0100 0001 | e94a 0000 | 0048 83be | 1801 0000 | 0075 174c | 8986 1801 | 0000 48c7 | 8620 0100 
  0x0000025fd645a834: 0001 0000 | 00e9 2900 | 0000 4883 | be28 0100 | 0000 7517 | 4c89 8628 | 0100 0048 | c786 3001 
  0x0000025fd645a854: 0000 0100 | 0000 e908 | 0000 0048 | 8386 1001 | 0000 0141 | b800 0000 

  0x0000025fd645a86c: ;   {optimized virtual_call}
  0x0000025fd645a86c: 0066 90e8 

  0x0000025fd645a870: ; ImmutableOopMap {[64]=Oop [80]=Oop }
                      ;*invokevirtual wait {reexecute=0 rethrow=0 return_oop=0}
                      ; - java.lang.Object::wait@2 (line 351)
                      ; - org.graalvm.visualvm.lib.jfluid.server.ProfilerServer::getLastResponse@17 (line 438)
  0x0000025fd645a870: ac26 0800 

  0x0000025fd645a874: ;   {post_call_nop}
  0x0000025fd645a874: 0f1f 8400 | ec04 0001 | e9df fdff 

  0x0000025fd645a880: ;   {oop(a 'java/lang/Class'{0x0000000624f54288} = 'org/graalvm/visualvm/lib/jfluid/server/ProfilerServer')}
  0x0000025fd645a880: ff49 b888 | 42f5 2406 | 0000 0045 | 8b80 f800 | 0000 49c1 | e003 4d85 

  0x0000025fd645a898: ;   {metadata(method data for {method} {0x0000025fc29755a8} 'getLastResponse' '()Lorg/graalvm/visualvm/lib/jfluid/wireprotocol/Response;' in 'org/graalvm/visualvm/lib/jfluid/server/ProfilerServer')}
  0x0000025fd645a898: c049 b880 | d08c c25f | 0200 00ba | 9801 0000 | 7505 baa8 | 0100 0049 | 8b34 1048 | 8d76 0149 
  0x0000025fd645a8b8: 8934 100f | 85c3 0000 

  0x0000025fd645a8c0: ;   {oop(a 'java/lang/Class'{0x00000007ffc7c4d8} = 'java/lang/System')}
  0x0000025fd645a8c0: 0049 b8d8 | c4c7 ff07 | 0000 0041 | 8b50 7448 | c1e2 0348 | 3b02 4c8b 

  0x0000025fd645a8d8: ;   {metadata(method data for {method} {0x0000025fc29755a8} 'getLastResponse' '()Lorg/graalvm/visualvm/lib/jfluid/wireprotocol/Response;' in 'org/graalvm/visualvm/lib/jfluid/server/ProfilerServer')}
  0x0000025fd645a8d8: c248 be80 | d08c c25f | 0200 0045 | 8b40 0849 | ba00 0000 | 805f 0200 | 004d 03c2 | 4c3b 86c0 
  0x0000025fd645a8f8: 0100 0075 | 0d48 8386 | c801 0000 | 01e9 6000 | 0000 4c3b | 86d0 0100 | 0075 0d48 | 8386 d801 
  0x0000025fd645a918: 0000 01e9 | 4a00 0000 | 4883 bec0 | 0100 0000 | 7517 4c89 | 86c0 0100 | 0048 c786 | c801 0000 
  0x0000025fd645a938: 0100 0000 | e929 0000 | 0048 83be | d001 0000 | 0075 174c | 8986 d001 | 0000 48c7 | 86d8 0100 
  0x0000025fd645a958: 0001 0000 | 00e9 0800 | 0000 4883 | 86b8 0100 

  0x0000025fd645a968: ;   {oop("Profiler Agent Error: lastResponse == null - internal error?"{0x0000000624e72070})}
  0x0000025fd645a968: 0001 49b8 | 7020 e724 | 0600 0000 

  0x0000025fd645a974: ;   {optimized virtual_call}
  0x0000025fd645a974: 6666 90e8 

  0x0000025fd645a978: ; ImmutableOopMap {[64]=Oop [80]=Oop }
                      ;*invokevirtual println {reexecute=0 rethrow=0 return_oop=0}
                      ; - org.graalvm.visualvm.lib.jfluid.server.ProfilerServer::getLastResponse@43 (line 447)
  0x0000025fd645a978: e440 f206 

  0x0000025fd645a97c: ;   {post_call_nop}
  0x0000025fd645a97c: 0f1f 8400 | f405 0002 

  0x0000025fd645a984: ;   {oop(a 'java/lang/Class'{0x0000000624f54288} = 'org/graalvm/visualvm/lib/jfluid/server/ProfilerServer')}
  0x0000025fd645a984: 48b8 8842 | f524 0600 | 0000 8bb0 | f800 0000 | 48c1 e603 | 410f be7f | 4885 ff0f | 85fd 0100 
  0x0000025fd645a9a4: 00c7 80f8 | 0000 0000 

  0x0000025fd645a9ac: ;   {oop(a 'java/lang/Object'{0x0000000624f54f58})}
  0x0000025fd645a9ac: 0000 0048 | b858 4ff5 | 2406 0000 | 0048 8d44 | 2448 488b | 5808 418b | bf58 0600 | 0049 3b5c 
  0x0000025fd645a9cc: 3ff8 0f85 | f001 0000 | 4183 af58 | 0600 0008 | 493b 5c3f | f00f 842a | 0000 0048 | 8b03 a802 
  0x0000025fd645a9ec: 0f85 1200 | 0000 488b | f848 83cf | 01f0 480f | b13b 0f84 | 0d00 0000 | 4183 8758 | 0600 0008 
  0x0000025fd645aa0c: e9b3 0100 

  0x0000025fd645aa10: ;   {metadata(method data for {method} {0x0000025fc29755a8} 'getLastResponse' '()Lorg/graalvm/visualvm/lib/jfluid/wireprotocol/Response;' in 'org/graalvm/visualvm/lib/jfluid/server/ProfilerServer')}
  0x0000025fd645aa10: 0048 b880 | d08c c25f | 0200 00ff | 80e8 0100 | 0048 8d44 | 2438 488b | 5808 418b | bf58 0600 
  0x0000025fd645aa30: 0049 3b5c | 3ff8 0f85 | 9b01 0000 | 4183 af58 | 0600 0008 | 493b 5c3f | f00f 842a | 0000 0048 
  0x0000025fd645aa50: 8b03 a802 | 0f85 1200 | 0000 488b | f848 83cf | 01f0 480f | b13b 0f84 | 0d00 0000 | 4183 8758 
  0x0000025fd645aa70: 0600 0008 | e95e 0100 | 0048 8bc6 | 4883 c460 

  0x0000025fd645aa80: ;   {poll_return}
  0x0000025fd645aa80: 5d49 3b67 | 280f 875f | 0100 00c3 | 498b 8708 | 0500 004d | 33d2 4d89 | 9708 0500 | 004d 33d2 
  0x0000025fd645aaa0: 4d89 9710 | 0500 0048 

  0x0000025fd645aaa8: ;   {oop(a 'java/lang/Object'{0x0000000624f54f58})}
  0x0000025fd645aaa8: 8bf0 48b8 | 584f f524 | 0600 0000 | 488d 4424 | 4848 8b58 | 0841 8bbf | 5806 0000 | 493b 5c3f 
  0x0000025fd645aac8: f80f 8531 | 0100 0041 | 83af 5806 | 0000 0849 | 3b5c 3ff0 | 0f84 2a00 | 0000 488b | 03a8 020f 
  0x0000025fd645aae8: 8512 0000 | 0048 8bf8 | 4883 cf01 | f048 0fb1 | 3b0f 840d | 0000 0041 | 8387 5806 | 0000 08e9 
  0x0000025fd645ab08: f400 0000 | 488b c6e9 | 1c01 0000 | 4c89 4424 | 0848 8914 

  0x0000025fd645ab1c: ;   {runtime_call C1 Runtime monitorenter_nofpu_blob}
  0x0000025fd645ab1c: 24e8 3e6e 

  0x0000025fd645ab20: ; ImmutableOopMap {r8=Oop [64]=Oop }
                      ;*synchronization entry
                      ; - org.graalvm.visualvm.lib.jfluid.server.ProfilerServer::getLastResponse@-1 (line 429)
  0x0000025fd645ab20: fe06 e95b 

  0x0000025fd645ab24: ;   {metadata({method} {0x0000025fc29755a8} 'getLastResponse' '()Lorg/graalvm/visualvm/lib/jfluid/wireprotocol/Response;' in 'org/graalvm/visualvm/lib/jfluid/server/ProfilerServer')}
  0x0000025fd645ab24: faff ff49 | baa0 5597 | c25f 0200 | 004c 8954 | 2408 48c7 | 0424 ffff 

  0x0000025fd645ab3c: ;   {runtime_call C1 Runtime counter_overflow_blob}
  0x0000025fd645ab3c: ffff e89d 

  0x0000025fd645ab40: ; ImmutableOopMap {[64]=Oop }
                      ;*synchronization entry
                      ; - org.graalvm.visualvm.lib.jfluid.server.ProfilerServer::getLastResponse@-1 (line 429)
  0x0000025fd645ab40: a6fe 06e9 | 66fa ffff | 4c89 4424 | 0848 8914 

  0x0000025fd645ab50: ;   {runtime_call C1 Runtime monitorenter_nofpu_blob}
  0x0000025fd645ab50: 24e8 0a6e 

  0x0000025fd645ab54: ; ImmutableOopMap {r8=Oop [64]=Oop [80]=Oop }
                      ;*monitorenter {reexecute=0 rethrow=0 return_oop=0}
                      ; - org.graalvm.visualvm.lib.jfluid.server.ProfilerServer::getLastResponse@5 (line 429)
  0x0000025fd645ab54: fe06 e9ba 

  0x0000025fd645ab58: ;   {metadata({method} {0x0000025fc29755a8} 'getLastResponse' '()Lorg/graalvm/visualvm/lib/jfluid/wireprotocol/Response;' in 'org/graalvm/visualvm/lib/jfluid/server/ProfilerServer')}
  0x0000025fd645ab58: faff ff49 | baa0 5597 | c25f 0200 | 004c 8954 | 2408 48c7 | 0424 1d00 

  0x0000025fd645ab70: ;   {runtime_call C1 Runtime counter_overflow_blob}
  0x0000025fd645ab70: 0000 e869 

  0x0000025fd645ab74: ; ImmutableOopMap {[64]=Oop [80]=Oop }
                      ;*ifne {reexecute=1 rethrow=0 return_oop=0}
                      ; - (reexecute) org.graalvm.visualvm.lib.jfluid.server.ProfilerServer::getLastResponse@29 (line 444)
  0x0000025fd645ab74: a6fe 06e9 | 5efb ffff 

  0x0000025fd645ab7c: ;   {metadata({method} {0x0000025fc28d90d8} 'wait' '()V' in 'java/lang/Object')}
  0x0000025fd645ab7c: 49ba d090 | 8dc2 5f02 | 0000 4c89 | 5424 0848 | c704 24ff 

  0x0000025fd645ab90: ;   {runtime_call C1 Runtime counter_overflow_blob}
  0x0000025fd645ab90: ffff ffe8 

  0x0000025fd645ab94: ; ImmutableOopMap {rdx=Oop [64]=Oop [80]=Oop }
                      ;*synchronization entry
                      ; - java.lang.Object::wait@-1 (line 351)
                      ; - org.graalvm.visualvm.lib.jfluid.server.ProfilerServer::getLastResponse@17 (line 438)
  0x0000025fd645ab94: 48a6 fe06 | e936 fcff 

  0x0000025fd645ab9c: ;   {runtime_call C1 Runtime throw_null_pointer_exception_blob}
  0x0000025fd645ab9c: ffe8 be3d 

  0x0000025fd645aba0: ; ImmutableOopMap {rdx=Oop [64]=Oop [80]=Oop }
                      ;*invokevirtual println {reexecute=0 rethrow=0 return_oop=0}
                      ; - org.graalvm.visualvm.lib.jfluid.server.ProfilerServer::getLastResponse@43 (line 447)
  0x0000025fd645aba0: fe06 8bb8 | f800 0000 | 48c1 e703 | 4883 ff00 | 0f84 effd | ffff 4889 

  0x0000025fd645abb8: ;   {runtime_call g1_pre_barrier_slow}
  0x0000025fd645abb8: 3c24 e821 | acfe 06e9 | e1fd ffff | 488d 4424 | 4848 8904 

  0x0000025fd645abcc: ;   {runtime_call C1 Runtime monitorexit_nofpu_blob}
  0x0000025fd645abcc: 24e8 8e77 | fe06 e93a | feff ff48 | 8d44 2438 | 4889 0424 

  0x0000025fd645abe0: ;   {runtime_call C1 Runtime monitorexit_nofpu_blob}
  0x0000025fd645abe0: e87b 77fe | 06e9 8ffe 

  0x0000025fd645abe8: ;   {internal_word}
  0x0000025fd645abe8: ffff 49ba | 81aa 45d6 | 5f02 0000 | 4d89 9760 

  0x0000025fd645abf8: ;   {runtime_call SafepointBlob}
  0x0000025fd645abf8: 0400 00e9 | e0b0 f206 | 488d 4424 | 4848 8904 

  0x0000025fd645ac08: ;   {runtime_call C1 Runtime monitorexit_nofpu_blob}
  0x0000025fd645ac08: 24e8 5277 | fe06 e9f9 | feff ff49 | 8b87 0805 | 0000 49c7 | 8708 0500 | 0000 0000 | 0049 c787 
  0x0000025fd645ac28: 1005 0000 | 0000 0000 | 488b d848 | 8d44 2438 | 488b 7008 | 418b bf58 | 0600 0049 | 3b74 3ff8 
  0x0000025fd645ac48: 0f85 4a00 | 0000 4183 | af58 0600 | 0008 493b | 743f f00f | 842a 0000 | 0048 8b06 | a802 0f85 
  0x0000025fd645ac68: 1200 0000 | 488b f848 | 83cf 01f0 | 480f b13e | 0f84 0d00 | 0000 4183 | 8758 0600 | 0008 e90d 
  0x0000025fd645ac88: 0000 0048 | 8bc3 4883 

  0x0000025fd645ac90: ;   {runtime_call C1 Runtime unwind_exception_blob}
  0x0000025fd645ac90: c460 5de9 | c82d fe06 | 488d 4424 | 3848 8904 

  0x0000025fd645aca0: ;   {runtime_call C1 Runtime monitorexit_nofpu_blob}
  0x0000025fd645aca0: 24e8 ba76 | fe06 ebe3 
[Stub Code]
  0x0000025fd645aca8: ;   {no_reloc}
  0x0000025fd645aca8: 0f1f 4400 

  0x0000025fd645acac: ;   {static_stub}
  0x0000025fd645acac: 0048 bb00 | 0000 0000 

  0x0000025fd645acb4: ;   {runtime_call nmethod}
  0x0000025fd645acb4: 0000 00e9 | fbff ffff 

  0x0000025fd645acbc: ;   {static_stub}
  0x0000025fd645acbc: 48bb f091 | 8dc2 5f02 

  0x0000025fd645acc4: ;   {runtime_call I2C/C2I adapters}
  0x0000025fd645acc4: 0000 e9eb 

  0x0000025fd645acc8: ;   {runtime_call C1 Runtime handle_exception_from_callee_blob}
  0x0000025fd645acc8: baf2 06e8 | 905a fe06 

  0x0000025fd645acd0: ;   {external_word}
  0x0000025fd645acd0: 48b9 f8eb | de77 fb7f | 0000 4883 

  0x0000025fd645acdc: ;   {runtime_call}
  0x0000025fd645acdc: e4f0 48b8 | b0a9 a577 | fb7f 0000 

  0x0000025fd645ace8: ;   {section_word}
  0x0000025fd645ace8: ffd0 f449 | baeb ac45 | d65f 0200 

  0x0000025fd645acf4: ;   {runtime_call DeoptimizationBlob}
  0x0000025fd645acf4: 0041 52e9 | 84a5 f206 | f4f4 f4f4 
[/MachCode]


---------------  P R O C E S S  ---------------

Threads class SMR info:
_java_thread_list=0x0000025fc129c070, length=25, elements={
0x0000025fefbd2510, 0x0000025fefbd4e60, 0x0000025fefbd57a0, 0x0000025fefbd5fe0,
0x0000025fefbe2780, 0x0000025fefbe6ed0, 0x0000025fefbe9950, 0x0000025fefbea210,
0x0000025fc113a3f0, 0x0000025fc148fb50, 0x0000025fc1490510, 0x0000025fc6e2d820,
0x0000025fc1bf3290, 0x0000025fc6e8ae70, 0x0000025fc75578e0, 0x0000025fc6e8b5b0,
0x0000025fc6e8bcf0, 0x0000025fc746d100, 0x0000025fc746d850, 0x0000025fc746c9b0,
0x0000025fc746ac70, 0x0000025fc746c260, 0x0000025fc15fbe70, 0x0000025fc15fd460,
0x0000025fc15ff1a0
}

Java Threads: ( => current thread )
  0x0000025fefbd2510 JavaThread "Reference Handler"          daemon [_thread_blocked, id=13044, stack(0x0000008e6d300000,0x0000008e6d400000) (1024K)]
  0x0000025fefbd4e60 JavaThread "Finalizer"                  daemon [_thread_blocked, id=25012, stack(0x0000008e6d400000,0x0000008e6d500000) (1024K)]
  0x0000025fefbd57a0 JavaThread "Signal Dispatcher"          daemon [_thread_blocked, id=14528, stack(0x0000008e6d500000,0x0000008e6d600000) (1024K)]
  0x0000025fefbd5fe0 JavaThread "Attach Listener"            daemon [_thread_blocked, id=22196, stack(0x0000008e6d600000,0x0000008e6d700000) (1024K)]
  0x0000025fefbe2780 JavaThread "Service Thread"             daemon [_thread_blocked, id=25080, stack(0x0000008e6d700000,0x0000008e6d800000) (1024K)]
  0x0000025fefbe6ed0 JavaThread "Monitor Deflation Thread"   daemon [_thread_blocked, id=5024, stack(0x0000008e6d800000,0x0000008e6d900000) (1024K)]
  0x0000025fefbe9950 JavaThread "C2 CompilerThread0"         daemon [_thread_blocked, id=19180, stack(0x0000008e6d900000,0x0000008e6da00000) (1024K)]
  0x0000025fefbea210 JavaThread "C1 CompilerThread0"         daemon [_thread_blocked, id=488, stack(0x0000008e6da00000,0x0000008e6db00000) (1024K)]
  0x0000025fc113a3f0 JavaThread "Common-Cleaner"             daemon [_thread_blocked, id=16352, stack(0x0000008e6dc00000,0x0000008e6dd00000) (1024K)]
  0x0000025fc148fb50 JavaThread "Monitor Ctrl-Break"         daemon [_thread_in_native, id=18628, stack(0x0000008e6e100000,0x0000008e6e200000) (1024K)]
  0x0000025fc1490510 JavaThread "Notification Thread"        daemon [_thread_blocked, id=19332, stack(0x0000008e6e200000,0x0000008e6e300000) (1024K)]
  0x0000025fc6e2d820 JavaThread "JFR Recorder Thread"        daemon [_thread_in_native, id=12244, stack(0x0000008e6de00000,0x0000008e6df00000) (1024K)]
  0x0000025fc1bf3290 JavaThread "JFR Periodic Tasks"         daemon [_thread_blocked, id=11960, stack(0x0000008e6e900000,0x0000008e6ea00000) (1024K)]
  0x0000025fc6e8ae70 JavaThread "RMI TCP Accept-0"           daemon [_thread_in_native, id=12928, stack(0x0000008e6ea00000,0x0000008e6eb00000) (1024K)]
  0x0000025fc75578e0 JavaThread "RMI TCP Connection(1)-192.168.0.102" daemon [_thread_in_native, id=16296, stack(0x0000008e6eb00000,0x0000008e6ec00000) (1024K)]
  0x0000025fc6e8b5b0 JavaThread "RMI Scheduler(0)"           daemon [_thread_blocked, id=27924, stack(0x0000008e6ec00000,0x0000008e6ed00000) (1024K)]
  0x0000025fc6e8bcf0 JavaThread "JMX server connection timeout 46" daemon [_thread_blocked, id=28204, stack(0x0000008e6ed00000,0x0000008e6ee00000) (1024K)]
  0x0000025fc746d100 JavaThread "VirtualThread-unblocker"    daemon [_thread_blocked, id=27104, stack(0x0000008e6e400000,0x0000008e6e500000) (1024K)]
  0x0000025fc746d850 JavaThread "RMI TCP Connection(3)-192.168.0.102" daemon [_thread_in_native, id=11148, stack(0x0000008e6e000000,0x0000008e6e100000) (1024K)]
  0x0000025fc746c9b0 JavaThread "*** Profiler Agent Communication Thread" daemon [_thread_blocked, id=14680, stack(0x0000008e6f200000,0x0000008e6f300000) (1024K)]
  0x0000025fc746ac70 JavaThread "*** JFluid Monitor thread ***" daemon [_thread_blocked, id=25232, stack(0x0000008e6f300000,0x0000008e6f400000) (1024K)]
  0x0000025fc746c260 JavaThread "*** Profiler Agent Special Execution Thread 6" daemon [_thread_blocked, id=9084, stack(0x0000008e6f400000,0x0000008e6f500000) (1024K)]
  0x0000025fc15fbe70 JavaThread "*** Profiler Agent Special Execution Thread 3" daemon [_thread_blocked, id=21268, stack(0x0000008e6f600000,0x0000008e6f700000) (1024K)]
  0x0000025fc15fd460 JavaThread "JMH-Shutdown-Timeout"       daemon [_thread_blocked, id=13880, stack(0x0000008e6c800000,0x0000008e6c900000) (1024K)]
=>0x0000025fc15ff1a0 JavaThread "<no-name - thread is attaching>"        [_thread_in_vm, id=24204, stack(0x0000008e6cb00000,0x0000008e6cc00000) (1024K)]
Total: 25

Other Threads:
  0x0000025fefbc2280 VMThread "VM Thread"                           [id=6196, stack(0x0000008e6d200000,0x0000008e6d300000) (1024K)]
  0x0000025fc10819e0 WatcherThread "VM Periodic Task Thread"        [id=3252, stack(0x0000008e6d100000,0x0000008e6d200000) (1024K)]
  0x0000025fcd6a7170 WorkerThread "GC Thread#0"                     [id=15776, stack(0x0000008e6cc00000,0x0000008e6cd00000) (1024K)]
  0x0000025fc1bff530 WorkerThread "GC Thread#1"                     [id=28208, stack(0x0000008e6db00000,0x0000008e6dc00000) (1024K)]
  0x0000025fc1bff8e0 WorkerThread "GC Thread#2"                     [id=23772, stack(0x0000008e6dd00000,0x0000008e6de00000) (1024K)]
  0x0000025fc1bffc90 WorkerThread "GC Thread#3"                     [id=13288, stack(0x0000008e6e300000,0x0000008e6e400000) (1024K)]
  0x0000025fc1c00040 WorkerThread "GC Thread#4"                     [id=23812, stack(0x0000008e6e500000,0x0000008e6e600000) (1024K)]
  0x0000025fc1c003f0 WorkerThread "GC Thread#5"                     [id=1972, stack(0x0000008e6e600000,0x0000008e6e700000) (1024K)]
  0x0000025fc12cb560 WorkerThread "GC Thread#6"                     [id=9756, stack(0x0000008e6e700000,0x0000008e6e800000) (1024K)]
  0x0000025fc12cb1b0 WorkerThread "GC Thread#7"                     [id=3724, stack(0x0000008e6e800000,0x0000008e6e900000) (1024K)]
  0x0000025fc12cb910 WorkerThread "GC Thread#8"                     [id=8308, stack(0x0000008e6ee00000,0x0000008e6ef00000) (1024K)]
  0x0000025fc12cbcc0 WorkerThread "GC Thread#9"                     [id=26108, stack(0x0000008e6ef00000,0x0000008e6f000000) (1024K)]
  0x0000025fc12ca6a0 WorkerThread "GC Thread#10"                    [id=2484, stack(0x0000008e6f000000,0x0000008e6f100000) (1024K)]
  0x0000025fc12cc070 WorkerThread "GC Thread#11"                    [id=12656, stack(0x0000008e6f100000,0x0000008e6f200000) (1024K)]
  0x0000025fcd6bbc20 ConcurrentGCThread "G1 Main Marker"            [id=13812, stack(0x0000008e6cd00000,0x0000008e6ce00000) (1024K)]
  0x0000025fcd6bcf40 WorkerThread "G1 Conc#0"                       [id=792, stack(0x0000008e6ce00000,0x0000008e6cf00000) (1024K)]
  0x0000025fcd6fe870 ConcurrentGCThread "G1 Refine#0"               [id=15688, stack(0x0000008e6cf00000,0x0000008e6d000000) (1024K)]
  0x0000025fefae9130 ConcurrentGCThread "G1 Service"                [id=500, stack(0x0000008e6d000000,0x0000008e6d100000) (1024K)]
Total: 18

Threads with active compile tasks:
Total: 0

VM state: not at safepoint (normal execution)

VM Mutex/Monitor currently owned by a thread: None

Heap address: 0x0000000605c00000, size: 8100 MB, Compressed Oops mode: Zero based, Oop shift amount: 3

CDS archive(s) mapped at: [0x0000025f80000000-0x0000025f80d40000-0x0000025f80d40000), size 13893632, SharedBaseAddress: 0x0000025f80000000, ArchiveRelocationMode: 1.
Compressed class space mapped at: 0x0000025f81000000-0x0000025fc1000000, reserved size: 1073741824
UseCompressedClassPointers 1, UseCompactObjectHeaders 0
Narrow klass pointer bits 32, Max shift 3
Narrow klass base: 0x0000025f80000000, Narrow klass shift: 0
Encoding Range: [0x0000025f80000000 - 0x0000026080000000), (4294967296 bytes)
Klass Range:    [0x0000025f80000000 - 0x0000025fc1000000), (1090519040 bytes)
Klass ID Range:  [8 - 1090519033) (1090519025)

GC Precious Log:
 CardTable entry size: 512
 Card Set container configuration: InlinePtr #cards 4 size 8 Array Of Cards #cards 32 size 80 Howl #buckets 8 coarsen threshold 7372 Howl Bitmap #cards 1024 size 144 coarsen threshold 921 Card regions per heap region 1 cards per card region 8192
 CPUs: 20 total, 20 available
 Memory: 32387M
 Large Page Support: Disabled
 NUMA Support: Disabled
 Compressed Oops: Enabled (Zero based)
 Heap Region Size: 4M
 Heap Min Capacity: 8M
 Heap Initial Capacity: 508M
 Heap Max Capacity: 8100M
 Pre-touch: Disabled
 Parallel Workers: 15
 Concurrent Workers: 4
 Concurrent Refinement Workers: 15
 Periodic GC: Disabled

Heap:
 garbage-first heap   total reserved 8294400K, committed 524288K, used 223444K [0x0000000605c00000, 0x0000000800000000)
  region size 4096K, 57 young (233472K), 2 survivors (8192K)
 Metaspace       used 10903K, committed 11200K, reserved 1114112K
  class space    used 969K, committed 1088K, reserved 1048576K

Heap Regions: E=young(eden), S=young(survivor), O=old, HS=humongous(starts), HC=humongous(continues), CS=collection set, F=free, TAMS=top-at-mark-start, PB=parsable bottom
|   0|0x0000000605c00000, 0x0000000605c00000, 0x0000000606000000|  0%| F|  |TAMS 0x0000000605c00000| PB 0x0000000605c00000| Untracked |  0
|   1|0x0000000606000000, 0x0000000606000000, 0x0000000606400000|  0%| F|  |TAMS 0x0000000606000000| PB 0x0000000606000000| Untracked |  0
|   2|0x0000000606400000, 0x0000000606400000, 0x0000000606800000|  0%| F|  |TAMS 0x0000000606400000| PB 0x0000000606400000| Untracked |  0
|   3|0x0000000606800000, 0x0000000606800000, 0x0000000606c00000|  0%| F|  |TAMS 0x0000000606800000| PB 0x0000000606800000| Untracked |  0
|   4|0x0000000606c00000, 0x0000000606c00000, 0x0000000607000000|  0%| F|  |TAMS 0x0000000606c00000| PB 0x0000000606c00000| Untracked |  0
|   5|0x0000000607000000, 0x0000000607000000, 0x0000000607400000|  0%| F|  |TAMS 0x0000000607000000| PB 0x0000000607000000| Untracked |  0
|   6|0x0000000607400000, 0x0000000607400000, 0x0000000607800000|  0%| F|  |TAMS 0x0000000607400000| PB 0x0000000607400000| Untracked |  0
|   7|0x0000000607800000, 0x0000000607800000, 0x0000000607c00000|  0%| F|  |TAMS 0x0000000607800000| PB 0x0000000607800000| Untracked |  0
|   8|0x0000000607c00000, 0x0000000607c00000, 0x0000000608000000|  0%| F|  |TAMS 0x0000000607c00000| PB 0x0000000607c00000| Untracked |  0
|   9|0x0000000608000000, 0x0000000608000000, 0x0000000608400000|  0%| F|  |TAMS 0x0000000608000000| PB 0x0000000608000000| Untracked |  0
|  10|0x0000000608400000, 0x0000000608400000, 0x0000000608800000|  0%| F|  |TAMS 0x0000000608400000| PB 0x0000000608400000| Untracked |  0
|  11|0x0000000608800000, 0x0000000608800000, 0x0000000608c00000|  0%| F|  |TAMS 0x0000000608800000| PB 0x0000000608800000| Untracked |  0
|  12|0x0000000608c00000, 0x0000000608c00000, 0x0000000609000000|  0%| F|  |TAMS 0x0000000608c00000| PB 0x0000000608c00000| Untracked |  0
|  13|0x0000000609000000, 0x0000000609000000, 0x0000000609400000|  0%| F|  |TAMS 0x0000000609000000| PB 0x0000000609000000| Untracked |  0
|  14|0x0000000609400000, 0x0000000609400000, 0x0000000609800000|  0%| F|  |TAMS 0x0000000609400000| PB 0x0000000609400000| Untracked |  0
|  15|0x0000000609800000, 0x0000000609800000, 0x0000000609c00000|  0%| F|  |TAMS 0x0000000609800000| PB 0x0000000609800000| Untracked |  0
|  16|0x0000000609c00000, 0x0000000609c00000, 0x000000060a000000|  0%| F|  |TAMS 0x0000000609c00000| PB 0x0000000609c00000| Untracked |  0
|  17|0x000000060a000000, 0x000000060a000000, 0x000000060a400000|  0%| F|  |TAMS 0x000000060a000000| PB 0x000000060a000000| Untracked |  0
|  18|0x000000060a400000, 0x000000060a400000, 0x000000060a800000|  0%| F|  |TAMS 0x000000060a400000| PB 0x000000060a400000| Untracked |  0
|  19|0x000000060a800000, 0x000000060a800000, 0x000000060ac00000|  0%| F|  |TAMS 0x000000060a800000| PB 0x000000060a800000| Untracked |  0
|  20|0x000000060ac00000, 0x000000060ac00000, 0x000000060b000000|  0%| F|  |TAMS 0x000000060ac00000| PB 0x000000060ac00000| Untracked |  0
|  21|0x000000060b000000, 0x000000060b000000, 0x000000060b400000|  0%| F|  |TAMS 0x000000060b000000| PB 0x000000060b000000| Untracked |  0
|  22|0x000000060b400000, 0x000000060b400000, 0x000000060b800000|  0%| F|  |TAMS 0x000000060b400000| PB 0x000000060b400000| Untracked |  0
|  23|0x000000060b800000, 0x000000060b800000, 0x000000060bc00000|  0%| F|  |TAMS 0x000000060b800000| PB 0x000000060b800000| Untracked |  0
|  24|0x000000060bc00000, 0x000000060bc00000, 0x000000060c000000|  0%| F|  |TAMS 0x000000060bc00000| PB 0x000000060bc00000| Untracked |  0
|  25|0x000000060c000000, 0x000000060c000000, 0x000000060c400000|  0%| F|  |TAMS 0x000000060c000000| PB 0x000000060c000000| Untracked |  0
|  26|0x000000060c400000, 0x000000060c400000, 0x000000060c800000|  0%| F|  |TAMS 0x000000060c400000| PB 0x000000060c400000| Untracked |  0
|  27|0x000000060c800000, 0x000000060c800000, 0x000000060cc00000|  0%| F|  |TAMS 0x000000060c800000| PB 0x000000060c800000| Untracked |  0
|  28|0x000000060cc00000, 0x000000060cc00000, 0x000000060d000000|  0%| F|  |TAMS 0x000000060cc00000| PB 0x000000060cc00000| Untracked |  0
|  29|0x000000060d000000, 0x000000060d000000, 0x000000060d400000|  0%| F|  |TAMS 0x000000060d000000| PB 0x000000060d000000| Untracked |  0
|  30|0x000000060d400000, 0x000000060d400000, 0x000000060d800000|  0%| F|  |TAMS 0x000000060d400000| PB 0x000000060d400000| Untracked |  0
|  31|0x000000060d800000, 0x000000060d800000, 0x000000060dc00000|  0%| F|  |TAMS 0x000000060d800000| PB 0x000000060d800000| Untracked |  0
|  32|0x000000060dc00000, 0x000000060dc00000, 0x000000060e000000|  0%| F|  |TAMS 0x000000060dc00000| PB 0x000000060dc00000| Untracked |  0
|  33|0x000000060e000000, 0x000000060e000000, 0x000000060e400000|  0%| F|  |TAMS 0x000000060e000000| PB 0x000000060e000000| Untracked |  0
|  34|0x000000060e400000, 0x000000060e400000, 0x000000060e800000|  0%| F|  |TAMS 0x000000060e400000| PB 0x000000060e400000| Untracked |  0
|  35|0x000000060e800000, 0x000000060e800000, 0x000000060ec00000|  0%| F|  |TAMS 0x000000060e800000| PB 0x000000060e800000| Untracked |  0
|  36|0x000000060ec00000, 0x000000060ec00000, 0x000000060f000000|  0%| F|  |TAMS 0x000000060ec00000| PB 0x000000060ec00000| Untracked |  0
|  37|0x000000060f000000, 0x000000060f000000, 0x000000060f400000|  0%| F|  |TAMS 0x000000060f000000| PB 0x000000060f000000| Untracked |  0
|  38|0x000000060f400000, 0x000000060f400000, 0x000000060f800000|  0%| F|  |TAMS 0x000000060f400000| PB 0x000000060f400000| Untracked |  0
|  39|0x000000060f800000, 0x000000060f800000, 0x000000060fc00000|  0%| F|  |TAMS 0x000000060f800000| PB 0x000000060f800000| Untracked |  0
|  40|0x000000060fc00000, 0x000000060fc00000, 0x0000000610000000|  0%| F|  |TAMS 0x000000060fc00000| PB 0x000000060fc00000| Untracked |  0
|  41|0x0000000610000000, 0x0000000610000000, 0x0000000610400000|  0%| F|  |TAMS 0x0000000610000000| PB 0x0000000610000000| Untracked |  0
|  42|0x0000000610400000, 0x0000000610400000, 0x0000000610800000|  0%| F|  |TAMS 0x0000000610400000| PB 0x0000000610400000| Untracked |  0
|  43|0x0000000610800000, 0x0000000610800000, 0x0000000610c00000|  0%| F|  |TAMS 0x0000000610800000| PB 0x0000000610800000| Untracked |  0
|  44|0x0000000610c00000, 0x0000000610c00000, 0x0000000611000000|  0%| F|  |TAMS 0x0000000610c00000| PB 0x0000000610c00000| Untracked |  0
|  45|0x0000000611000000, 0x0000000611000000, 0x0000000611400000|  0%| F|  |TAMS 0x0000000611000000| PB 0x0000000611000000| Untracked |  0
|  46|0x0000000611400000, 0x0000000611400000, 0x0000000611800000|  0%| F|  |TAMS 0x0000000611400000| PB 0x0000000611400000| Untracked |  0
|  47|0x0000000611800000, 0x0000000611800000, 0x0000000611c00000|  0%| F|  |TAMS 0x0000000611800000| PB 0x0000000611800000| Untracked |  0
|  48|0x0000000611c00000, 0x0000000611c00000, 0x0000000612000000|  0%| F|  |TAMS 0x0000000611c00000| PB 0x0000000611c00000| Untracked |  0
|  49|0x0000000612000000, 0x0000000612000000, 0x0000000612400000|  0%| F|  |TAMS 0x0000000612000000| PB 0x0000000612000000| Untracked |  0
|  50|0x0000000612400000, 0x0000000612400000, 0x0000000612800000|  0%| F|  |TAMS 0x0000000612400000| PB 0x0000000612400000| Untracked |  0
|  51|0x0000000612800000, 0x0000000612800000, 0x0000000612c00000|  0%| F|  |TAMS 0x0000000612800000| PB 0x0000000612800000| Untracked |  0
|  52|0x0000000612c00000, 0x0000000612c00000, 0x0000000613000000|  0%| F|  |TAMS 0x0000000612c00000| PB 0x0000000612c00000| Untracked |  0
|  53|0x0000000613000000, 0x0000000613000000, 0x0000000613400000|  0%| F|  |TAMS 0x0000000613000000| PB 0x0000000613000000| Untracked |  0
|  54|0x0000000613400000, 0x0000000613400000, 0x0000000613800000|  0%| F|  |TAMS 0x0000000613400000| PB 0x0000000613400000| Untracked |  0
|  55|0x0000000613800000, 0x0000000613800000, 0x0000000613c00000|  0%| F|  |TAMS 0x0000000613800000| PB 0x0000000613800000| Untracked |  0
|  56|0x0000000613c00000, 0x0000000613c00000, 0x0000000614000000|  0%| F|  |TAMS 0x0000000613c00000| PB 0x0000000613c00000| Untracked |  0
|  57|0x0000000614000000, 0x0000000614000000, 0x0000000614400000|  0%| F|  |TAMS 0x0000000614000000| PB 0x0000000614000000| Untracked |  0
|  58|0x0000000614400000, 0x0000000614400000, 0x0000000614800000|  0%| F|  |TAMS 0x0000000614400000| PB 0x0000000614400000| Untracked |  0
|  59|0x0000000614800000, 0x0000000614800000, 0x0000000614c00000|  0%| F|  |TAMS 0x0000000614800000| PB 0x0000000614800000| Untracked |  0
|  60|0x0000000614c00000, 0x0000000614c00000, 0x0000000615000000|  0%| F|  |TAMS 0x0000000614c00000| PB 0x0000000614c00000| Untracked |  0
|  61|0x0000000615000000, 0x0000000615000000, 0x0000000615400000|  0%| F|  |TAMS 0x0000000615000000| PB 0x0000000615000000| Untracked |  0
|  62|0x0000000615400000, 0x0000000615400000, 0x0000000615800000|  0%| F|  |TAMS 0x0000000615400000| PB 0x0000000615400000| Untracked |  0
|  63|0x0000000615800000, 0x0000000615800000, 0x0000000615c00000|  0%| F|  |TAMS 0x0000000615800000| PB 0x0000000615800000| Untracked |  0
|  64|0x0000000615c00000, 0x0000000615c00000, 0x0000000616000000|  0%| F|  |TAMS 0x0000000615c00000| PB 0x0000000615c00000| Untracked |  0
|  65|0x0000000616000000, 0x0000000616000000, 0x0000000616400000|  0%| F|  |TAMS 0x0000000616000000| PB 0x0000000616000000| Untracked |  0
|  66|0x0000000616400000, 0x0000000616400000, 0x0000000616800000|  0%| F|  |TAMS 0x0000000616400000| PB 0x0000000616400000| Untracked |  0
|  67|0x0000000616800000, 0x0000000616800000, 0x0000000616c00000|  0%| F|  |TAMS 0x0000000616800000| PB 0x0000000616800000| Untracked |  0
|  68|0x0000000616c00000, 0x0000000616c00000, 0x0000000617000000|  0%| F|  |TAMS 0x0000000616c00000| PB 0x0000000616c00000| Untracked |  0
|  69|0x0000000617000000, 0x0000000617000000, 0x0000000617400000|  0%| F|  |TAMS 0x0000000617000000| PB 0x0000000617000000| Untracked |  0
|  70|0x0000000617400000, 0x0000000617682308, 0x0000000617800000| 62%| E|  |TAMS 0x0000000617400000| PB 0x0000000617400000| Complete |  0
|  71|0x0000000617800000, 0x0000000617c00000, 0x0000000617c00000|100%| E|CS|TAMS 0x0000000617800000| PB 0x0000000617800000| Complete |  0
|  72|0x0000000617c00000, 0x0000000618000000, 0x0000000618000000|100%| E|CS|TAMS 0x0000000617c00000| PB 0x0000000617c00000| Complete |  0
|  73|0x0000000618000000, 0x0000000618400000, 0x0000000618400000|100%| E|CS|TAMS 0x0000000618000000| PB 0x0000000618000000| Complete |  0
|  74|0x0000000618400000, 0x0000000618800000, 0x0000000618800000|100%| E|CS|TAMS 0x0000000618400000| PB 0x0000000618400000| Complete |  0
|  75|0x0000000618800000, 0x0000000618c00000, 0x0000000618c00000|100%| E|CS|TAMS 0x0000000618800000| PB 0x0000000618800000| Complete |  0
|  76|0x0000000618c00000, 0x0000000619000000, 0x0000000619000000|100%| E|CS|TAMS 0x0000000618c00000| PB 0x0000000618c00000| Complete |  0
|  77|0x0000000619000000, 0x0000000619400000, 0x0000000619400000|100%| E|CS|TAMS 0x0000000619000000| PB 0x0000000619000000| Complete |  0
|  78|0x0000000619400000, 0x0000000619800000, 0x0000000619800000|100%| E|CS|TAMS 0x0000000619400000| PB 0x0000000619400000| Complete |  0
|  79|0x0000000619800000, 0x0000000619c00000, 0x0000000619c00000|100%| E|  |TAMS 0x0000000619800000| PB 0x0000000619800000| Complete |  0
|  80|0x0000000619c00000, 0x000000061a000000, 0x000000061a000000|100%| E|CS|TAMS 0x0000000619c00000| PB 0x0000000619c00000| Complete |  0
|  81|0x000000061a000000, 0x000000061a400000, 0x000000061a400000|100%| E|CS|TAMS 0x000000061a000000| PB 0x000000061a000000| Complete |  0
|  82|0x000000061a400000, 0x000000061a800000, 0x000000061a800000|100%| E|CS|TAMS 0x000000061a400000| PB 0x000000061a400000| Complete |  0
|  83|0x000000061a800000, 0x000000061ac00000, 0x000000061ac00000|100%| E|CS|TAMS 0x000000061a800000| PB 0x000000061a800000| Complete |  0
|  84|0x000000061ac00000, 0x000000061b000000, 0x000000061b000000|100%| E|CS|TAMS 0x000000061ac00000| PB 0x000000061ac00000| Complete |  0
|  85|0x000000061b000000, 0x000000061b400000, 0x000000061b400000|100%| E|CS|TAMS 0x000000061b000000| PB 0x000000061b000000| Complete |  0
|  86|0x000000061b400000, 0x000000061b800000, 0x000000061b800000|100%| E|CS|TAMS 0x000000061b400000| PB 0x000000061b400000| Complete |  0
|  87|0x000000061b800000, 0x000000061bc00000, 0x000000061bc00000|100%| E|CS|TAMS 0x000000061b800000| PB 0x000000061b800000| Complete |  0
|  88|0x000000061bc00000, 0x000000061c000000, 0x000000061c000000|100%| E|CS|TAMS 0x000000061bc00000| PB 0x000000061bc00000| Complete |  0
|  89|0x000000061c000000, 0x000000061c400000, 0x000000061c400000|100%| E|CS|TAMS 0x000000061c000000| PB 0x000000061c000000| Complete |  0
|  90|0x000000061c400000, 0x000000061c800000, 0x000000061c800000|100%| E|CS|TAMS 0x000000061c400000| PB 0x000000061c400000| Complete |  0
|  91|0x000000061c800000, 0x000000061cc00000, 0x000000061cc00000|100%| E|CS|TAMS 0x000000061c800000| PB 0x000000061c800000| Complete |  0
|  92|0x000000061cc00000, 0x000000061d000000, 0x000000061d000000|100%| E|CS|TAMS 0x000000061cc00000| PB 0x000000061cc00000| Complete |  0
|  93|0x000000061d000000, 0x000000061d400000, 0x000000061d400000|100%| E|CS|TAMS 0x000000061d000000| PB 0x000000061d000000| Complete |  0
|  94|0x000000061d400000, 0x000000061d800000, 0x000000061d800000|100%| E|CS|TAMS 0x000000061d400000| PB 0x000000061d400000| Complete |  0
|  95|0x000000061d800000, 0x000000061dc00000, 0x000000061dc00000|100%| E|CS|TAMS 0x000000061d800000| PB 0x000000061d800000| Complete |  0
|  96|0x000000061dc00000, 0x000000061e000000, 0x000000061e000000|100%| E|CS|TAMS 0x000000061dc00000| PB 0x000000061dc00000| Complete |  0
|  97|0x000000061e000000, 0x000000061e400000, 0x000000061e400000|100%| E|CS|TAMS 0x000000061e000000| PB 0x000000061e000000| Complete |  0
|  98|0x000000061e400000, 0x000000061e800000, 0x000000061e800000|100%| E|CS|TAMS 0x000000061e400000| PB 0x000000061e400000| Complete |  0
|  99|0x000000061e800000, 0x000000061ec00000, 0x000000061ec00000|100%| E|CS|TAMS 0x000000061e800000| PB 0x000000061e800000| Complete |  0
| 100|0x000000061ec00000, 0x000000061f000000, 0x000000061f000000|100%| E|CS|TAMS 0x000000061ec00000| PB 0x000000061ec00000| Complete |  0
| 101|0x000000061f000000, 0x000000061f400000, 0x000000061f400000|100%| E|CS|TAMS 0x000000061f000000| PB 0x000000061f000000| Complete |  0
| 102|0x000000061f400000, 0x000000061f800000, 0x000000061f800000|100%| E|CS|TAMS 0x000000061f400000| PB 0x000000061f400000| Complete |  0
| 103|0x000000061f800000, 0x000000061fc00000, 0x000000061fc00000|100%| E|CS|TAMS 0x000000061f800000| PB 0x000000061f800000| Complete |  0
| 104|0x000000061fc00000, 0x0000000620000000, 0x0000000620000000|100%| E|CS|TAMS 0x000000061fc00000| PB 0x000000061fc00000| Complete |  0
| 105|0x0000000620000000, 0x0000000620400000, 0x0000000620400000|100%| E|CS|TAMS 0x0000000620000000| PB 0x0000000620000000| Complete |  0
| 106|0x0000000620400000, 0x0000000620800000, 0x0000000620800000|100%| E|CS|TAMS 0x0000000620400000| PB 0x0000000620400000| Complete |  0
| 107|0x0000000620800000, 0x0000000620c00000, 0x0000000620c00000|100%| E|CS|TAMS 0x0000000620800000| PB 0x0000000620800000| Complete |  0
| 108|0x0000000620c00000, 0x0000000621000000, 0x0000000621000000|100%| E|CS|TAMS 0x0000000620c00000| PB 0x0000000620c00000| Complete |  0
| 109|0x0000000621000000, 0x0000000621400000, 0x0000000621400000|100%| E|CS|TAMS 0x0000000621000000| PB 0x0000000621000000| Complete |  0
| 110|0x0000000621400000, 0x0000000621800000, 0x0000000621800000|100%| E|CS|TAMS 0x0000000621400000| PB 0x0000000621400000| Complete |  0
| 111|0x0000000621800000, 0x0000000621c00000, 0x0000000621c00000|100%| E|CS|TAMS 0x0000000621800000| PB 0x0000000621800000| Complete |  0
| 112|0x0000000621c00000, 0x0000000622000000, 0x0000000622000000|100%| E|CS|TAMS 0x0000000621c00000| PB 0x0000000621c00000| Complete |  0
| 113|0x0000000622000000, 0x0000000622118000, 0x0000000622400000| 27%| S|CS|TAMS 0x0000000622000000| PB 0x0000000622000000| Complete |  0
| 114|0x0000000622400000, 0x0000000622800000, 0x0000000622800000|100%| S|CS|TAMS 0x0000000622400000| PB 0x0000000622400000| Complete |  0
| 115|0x0000000622800000, 0x0000000622c00000, 0x0000000622c00000|100%| E|CS|TAMS 0x0000000622800000| PB 0x0000000622800000| Complete |  0
| 116|0x0000000622c00000, 0x0000000623000000, 0x0000000623000000|100%| E|CS|TAMS 0x0000000622c00000| PB 0x0000000622c00000| Complete |  0
| 117|0x0000000623000000, 0x0000000623400000, 0x0000000623400000|100%| E|CS|TAMS 0x0000000623000000| PB 0x0000000623000000| Complete |  0
| 118|0x0000000623400000, 0x0000000623800000, 0x0000000623800000|100%| E|CS|TAMS 0x0000000623400000| PB 0x0000000623400000| Complete |  0
| 119|0x0000000623800000, 0x0000000623c00000, 0x0000000623c00000|100%| E|CS|TAMS 0x0000000623800000| PB 0x0000000623800000| Complete |  0
| 120|0x0000000623c00000, 0x0000000624000000, 0x0000000624000000|100%| E|CS|TAMS 0x0000000623c00000| PB 0x0000000623c00000| Complete |  0
| 121|0x0000000624000000, 0x0000000624400000, 0x0000000624400000|100%| E|CS|TAMS 0x0000000624000000| PB 0x0000000624000000| Complete |  0
| 122|0x0000000624400000, 0x0000000624800000, 0x0000000624800000|100%| E|CS|TAMS 0x0000000624400000| PB 0x0000000624400000| Complete |  0
| 123|0x0000000624800000, 0x0000000624c00000, 0x0000000624c00000|100%| E|CS|TAMS 0x0000000624800000| PB 0x0000000624800000| Complete |  0
| 124|0x0000000624c00000, 0x0000000625000000, 0x0000000625000000|100%| E|CS|TAMS 0x0000000624c00000| PB 0x0000000624c00000| Complete |  0
| 125|0x0000000625000000, 0x0000000625400000, 0x0000000625400000|100%| E|CS|TAMS 0x0000000625000000| PB 0x0000000625000000| Complete |  0
| 126|0x0000000625400000, 0x0000000625800000, 0x0000000625800000|100%| E|CS|TAMS 0x0000000625400000| PB 0x0000000625400000| Complete |  0
|2024|0x00000007ffc00000, 0x00000007ffd1d3c0, 0x0000000800000000| 27%| O|  |TAMS 0x00000007ffc00000| PB 0x00000007ffc00000| Untracked |  0

Card table byte_map: [0x0000025fe6a70000,0x0000025fe7a50000] _byte_map_base: 0x0000025fe3a42000

Marking Bits: (CMBitMap*) 0x0000025fcd6a7690
 Bits: [0x0000025fe7a50000, 0x0000025fef8e0000)

Polling page: 0x0000025fccc40000

Metaspace:

Usage:
  Non-class:      9.70 MB used.
      Class:    969.89 KB used.
       Both:     10.65 MB used.

Virtual space:
  Non-class space:       64.00 MB reserved,       9.88 MB ( 15%) committed,  1 nodes.
      Class space:        1.00 GB reserved,       1.06 MB ( <1%) committed,  1 nodes.
             Both:        1.06 GB reserved,      10.94 MB (  1%) committed. 

Chunk freelists:
   Non-Class:  6.08 MB
       Class:  14.96 MB
        Both:  21.04 MB

MaxMetaspaceSize: unlimited
CompressedClassSpaceSize: 1.00 GB
Initial GC threshold: 21.00 MB
Current GC threshold: 21.00 MB
CDS: on
 - commit_granule_bytes: 65536.
 - commit_granule_words: 8192.
 - virtual_space_node_default_size: 8388608.
 - enlarge_chunks_in_place: 1.
UseCompressedClassPointers 1, UseCompactObjectHeaders 0
Narrow klass pointer bits 32, Max shift 3
Narrow klass base: 0x0000025f80000000, Narrow klass shift: 0
Encoding Range: [0x0000025f80000000 - 0x0000026080000000), (4294967296 bytes)
Klass Range:    [0x0000025f80000000 - 0x0000025fc1000000), (1090519040 bytes)
Klass ID Range:  [8 - 1090519033) (1090519025)


Internal statistics:

num_allocs_failed_limit: 0.
num_arena_births: 400.
num_arena_deaths: 0.
num_vsnodes_births: 2.
num_vsnodes_deaths: 0.
num_space_committed: 175.
num_space_uncommitted: 0.
num_chunks_returned_to_freelist: 0.
num_chunks_taken_from_freelist: 629.
num_chunk_merges: 0.
num_chunk_splits: 344.
num_chunks_enlarged: 105.
num_inconsistent_stats: 0.

CodeHeap 'non-profiled nmethods': size=119232Kb used=2145Kb max_used=2145Kb free=117086Kb
 bounds [0x0000025fdda70000, 0x0000025fddce0000, 0x0000025fe4ee0000]
CodeHeap 'profiled nmethods': size=119104Kb used=6471Kb max_used=6471Kb free=112632Kb
 bounds [0x0000025fd5ee0000, 0x0000025fd6540000, 0x0000025fdd330000]
CodeHeap 'non-nmethods': size=7424Kb used=1367Kb max_used=3120Kb free=6056Kb
 bounds [0x0000025fdd330000, 0x0000025fdd650000, 0x0000025fdda70000]
CodeCache: size=245760Kb, used=9983Kb, max_used=11736Kb, free=235774Kb
 total_blobs=4349, nmethods=3815, adapters=439, full_count=0
Compilation: enabled, stopped_count=0, restarted_count=0

Compilation events (20 events):
Event: 152.810 Thread 0x0000025fefbea210 3837       3       org.graalvm.visualvm.lib.jfluid.wireprotocol.GetClassIdCommand::<init> (7 bytes)
Event: 152.811 Thread 0x0000025fefbea210 nmethod 3837 0x0000025fd652b708 code [0x0000025fd652b840, 0x0000025fd652ba50]
Event: 152.811 Thread 0x0000025fefbea210 3838       1       java.util.stream.Collectors$CollectorImpl::supplier (5 bytes)
Event: 152.811 Thread 0x0000025fefbea210 nmethod 3838 0x0000025fddc87788 code [0x0000025fddc87880, 0x0000025fddc87948]
Event: 152.811 Thread 0x0000025fefbea210 3844       3       java.lang.String::join (281 bytes)
Event: 152.812 Thread 0x0000025fefbe9950 3846       4       java.lang.invoke.MethodType::hashCode (53 bytes)
Event: 152.816 Thread 0x0000025fefbe9950 nmethod 3846 0x0000025fddc87a88 code [0x0000025fddc87ba0, 0x0000025fddc87d80]
Event: 152.818 Thread 0x0000025fefbea210 nmethod 3844 0x0000025fd652ba88 code [0x0000025fd652bd80, 0x0000025fd652e030]
Event: 152.818 Thread 0x0000025fefbea210 3845       3       jdk.internal.util.ReferencedKeyMap::existingKey (32 bytes)
Event: 152.819 Thread 0x0000025fefbea210 nmethod 3845 0x0000025fd652e088 code [0x0000025fd652e2c0, 0x0000025fd652f320]
Event: 152.819 Thread 0x0000025fefbea210 3842       3       java.util.StringJoiner::toString (53 bytes)
Event: 152.819 Thread 0x0000025fefbea210 nmethod 3842 0x0000025fd652f388 code [0x0000025fd652f4c0, 0x0000025fd652f6d0]
Event: 152.819 Thread 0x0000025fefbea210 3843       3       java.lang.System$1::join (11 bytes)
Event: 152.821 Thread 0x0000025fefbea210 nmethod 3843 0x0000025fd652f708 code [0x0000025fd652fa00, 0x0000025fd6531d40]
Event: 152.821 Thread 0x0000025fefbea210 3839       1       java.util.stream.Collectors$CollectorImpl::accumulator (5 bytes)
Event: 152.821 Thread 0x0000025fefbea210 nmethod 3839 0x0000025fddc87e08 code [0x0000025fddc87f00, 0x0000025fddc87fc8]
Event: 152.821 Thread 0x0000025fefbea210 3840       1       java.util.stream.Collectors$CollectorImpl::combiner (5 bytes)
Event: 152.822 Thread 0x0000025fefbea210 nmethod 3840 0x0000025fddc88108 code [0x0000025fddc88200, 0x0000025fddc882c8]
Event: 152.822 Thread 0x0000025fefbea210 3841       1       java.util.stream.ReduceOps$Box::get (5 bytes)
Event: 152.822 Thread 0x0000025fefbea210 nmethod 3841 0x0000025fddc88408 code [0x0000025fddc88500, 0x0000025fddc885c8]

GC Heap History (2 events):
Event: 35.141 GC heap before
{Heap before GC invocations=0 (full 0):
 garbage-first heap   total reserved 8294400K, committed 524288K, used 50292K [0x0000000605c00000, 0x0000000800000000)
  region size 4096K, 12 young (49152K), 0 survivors (0K)
 Metaspace       used 9460K, committed 9728K, reserved 1114112K
  class space    used 866K, committed 960K, reserved 1048576K
}
Event: 35.159 GC heap after
{Heap after GC invocations=1 (full 0):
 garbage-first heap   total reserved 8294400K, committed 524288K, used 6356K [0x0000000605c00000, 0x0000000800000000)
  region size 4096K, 2 young (8192K), 2 survivors (8192K)
 Metaspace       used 9460K, committed 9728K, reserved 1114112K
  class space    used 866K, committed 960K, reserved 1048576K
}

Dll operation events (14 events):
Event: 0.005 Loaded shared library C:\Program Files\Java\jdk-24\bin\java.dll
Event: 0.024 Loaded shared library C:\Program Files\Java\jdk-24\bin\jsvml.dll
Event: 0.049 Loaded shared library C:\Program Files\Java\jdk-24\bin\zip.dll
Event: 0.053 Loaded shared library C:\Program Files\Java\jdk-24\bin\instrument.dll
Event: 0.055 Loaded shared library C:\Program Files\Java\jdk-24\bin\net.dll
Event: 0.056 Loaded shared library C:\Program Files\Java\jdk-24\bin\nio.dll
Event: 0.059 Loaded shared library C:\Program Files\Java\jdk-24\bin\zip.dll
Event: 0.101 Loaded shared library C:\Program Files\Java\jdk-24\bin\extnet.dll
Event: 0.124 Loaded shared library C:\Program Files\Java\jdk-24\bin\jimage.dll
Event: 0.207 Loaded shared library C:\Program Files\Java\jdk-24\bin\management.dll
Event: 0.210 Loaded shared library C:\Program Files\Java\jdk-24\bin\management_ext.dll
Event: 10.760 Loaded shared library C:\Program Files\Java\jdk-24\bin\verify.dll
Event: 61.918 Loaded shared library C:\Program Files\Java\jdk-24\bin\instrument.dll
Event: 62.115 Loaded shared library D:\visualvm_22\visualvm_22\visualvm\lib\deployed\jdk16\windows-amd64\profilerinterface.dll

Deoptimization events (20 events):
Event: 111.842 Thread 0x0000025fc1acdfb0 DEOPT PACKING pc=0x0000025fddc32a94 sp=0x0000008e6dffe020
Event: 111.842 Thread 0x0000025fc1acdfb0 DEOPT UNPACKING pc=0x0000025fdd447e82 sp=0x0000008e6dffdff0 mode 2
Event: 112.473 Thread 0x0000025fc1acdfb0 Uncommon trap: trap_request=0xffffff45 fr.pc=0x0000025fddbd3554 relative=0x00000000000004d4
Event: 112.473 Thread 0x0000025fc1acdfb0 Uncommon trap: reason=unstable_fused_if action=reinterpret pc=0x0000025fddbd3554 method=org.example.AVLtree.balance(Lorg/example/Node;)Lorg/example/Node; @ 8 c2
Event: 112.473 Thread 0x0000025fc1acdfb0 DEOPT PACKING pc=0x0000025fddbd3554 sp=0x0000008e6dffe840
Event: 112.474 Thread 0x0000025fc1acdfb0 DEOPT UNPACKING pc=0x0000025fdd447e82 sp=0x0000008e6dffe6f8 mode 2
Event: 112.517 Thread 0x0000025fc1acdfb0 DEOPT PACKING pc=0x0000025fd64b97a0 sp=0x0000008e6dffe9a0
Event: 112.517 Thread 0x0000025fc1acdfb0 DEOPT UNPACKING pc=0x0000025fdd385722 sp=0x0000008e6dffdef0 mode 0
Event: 122.486 Thread 0x0000025fc1acdfb0 Uncommon trap: trap_request=0xffffff4d fr.pc=0x0000025fddc52abc relative=0x000000000000085c
Event: 122.486 Thread 0x0000025fc1acdfb0 Uncommon trap: reason=unstable_if action=reinterpret pc=0x0000025fddc52abc method=org.example.jmh_generated.SpeedTest_delete_jmhTest.delete_avgt_jmhStub(Lorg/openjdk/jmh/runner/InfraControl;Lorg/openjdk/jmh/results/RawResults;Lorg/openjdk/jmh/infra/Benchm
Event: 122.486 Thread 0x0000025fc1acdfb0 DEOPT PACKING pc=0x0000025fddc52abc sp=0x0000008e6dffea00
Event: 122.486 Thread 0x0000025fc1acdfb0 DEOPT UNPACKING pc=0x0000025fdd447e82 sp=0x0000008e6dffea00 mode 2
Event: 122.491 Thread 0x0000025fc1acdfb0 DEOPT PACKING pc=0x0000025fd6368741 sp=0x0000008e6dffe740
Event: 122.491 Thread 0x0000025fc1acdfb0 DEOPT UNPACKING pc=0x0000025fdd385722 sp=0x0000008e6dffdbf8 mode 0
Event: 122.656 Thread 0x0000025fc1acdfb0 DEOPT PACKING pc=0x0000025fd64b9db4 sp=0x0000008e6dffe9f0
Event: 122.657 Thread 0x0000025fc1acdfb0 DEOPT UNPACKING pc=0x0000025fdd385722 sp=0x0000008e6dffdee0 mode 0
Event: 152.811 Thread 0x0000025fcd63ec80 Uncommon trap: trap_request=0xffffff4d fr.pc=0x0000025fddb89594 relative=0x0000000000000094
Event: 152.811 Thread 0x0000025fcd63ec80 Uncommon trap: reason=unstable_if action=reinterpret pc=0x0000025fddb89594 method=java.util.concurrent.locks.ReentrantLock$Sync.tryRelease(I)Z @ 26 c2
Event: 152.811 Thread 0x0000025fcd63ec80 DEOPT PACKING pc=0x0000025fddb89594 sp=0x0000008e6cbfed90
Event: 152.811 Thread 0x0000025fcd63ec80 DEOPT UNPACKING pc=0x0000025fdd447e82 sp=0x0000008e6cbfed10 mode 2

Classes loaded (20 events):
Event: 109.281 Loading class org/graalvm/visualvm/lib/jfluid/server/ProfilerRuntimeObjLiveness$WeakRefSet
Event: 109.281 Loading class org/graalvm/visualvm/lib/jfluid/server/ProfilerRuntimeObjLiveness$WeakRefSet done
Event: 109.281 Loading class org/graalvm/visualvm/lib/jfluid/server/ProfilerRuntimeObjLiveness$ReferenceManagerThread
Event: 109.282 Loading class org/graalvm/visualvm/lib/jfluid/server/ProfilerRuntimeObjLiveness$ReferenceManagerThread done
Event: 109.284 Loading class org/graalvm/visualvm/lib/jfluid/wireprotocol/GetClassIdCommand
Event: 109.284 Loading class org/graalvm/visualvm/lib/jfluid/wireprotocol/GetClassIdCommand done
Event: 109.285 Loading class org/graalvm/visualvm/lib/jfluid/wireprotocol/GetClassIdResponse
Event: 109.286 Loading class org/graalvm/visualvm/lib/jfluid/wireprotocol/GetClassIdResponse done
Event: 111.678 Loading class org/graalvm/visualvm/lib/jfluid/server/ProfilerRuntimeObjLiveness$ProfilerRuntimeObjLivenessWeakRef
Event: 111.678 Loading class org/graalvm/visualvm/lib/jfluid/server/ProfilerRuntimeObjLiveness$ProfilerRuntimeObjLivenessWeakRef done
Event: 112.619 Loading class org/graalvm/visualvm/lib/jfluid/wireprotocol/GetMethodNamesForJMethodIdsCommand
Event: 112.619 Loading class org/graalvm/visualvm/lib/jfluid/wireprotocol/GetMethodNamesForJMethodIdsCommand done
Event: 112.620 Loading class org/graalvm/visualvm/lib/jfluid/wireprotocol/MethodNamesResponse
Event: 112.620 Loading class org/graalvm/visualvm/lib/jfluid/wireprotocol/MethodNamesResponse done
Event: 112.623 Loading class org/graalvm/visualvm/lib/jfluid/wireprotocol/ObjectAllocationResultsResponse
Event: 112.623 Loading class org/graalvm/visualvm/lib/jfluid/wireprotocol/ObjectAllocationResultsResponse done
Event: 152.797 Loading class org/openjdk/jmh/results/BenchmarkResultMetaData
Event: 152.797 Loading class org/openjdk/jmh/results/BenchmarkResultMetaData done
Event: 152.802 Loading class org/openjdk/jmh/runner/link/ResultMetadataFrame
Event: 152.802 Loading class org/openjdk/jmh/runner/link/ResultMetadataFrame done

Classes unloaded (0 events):
No events

Classes redefined (20 events):
Event: 81.500 Thread 0x0000025fefbc2280 redefined class name=org.graalvm.visualvm.lib.jfluid.server.ProfilerInterface$InitiateProfilingThread, count=33
Event: 81.519 Thread 0x0000025fefbc2280 redefined class name=org.openjdk.jmh.util.SingletonStatistics, count=1
Event: 81.519 Thread 0x0000025fefbc2280 redefined class name=org.graalvm.visualvm.lib.jfluid.server.ProfilerInterface$InitiateProfilingThread, count=34
Event: 81.537 Thread 0x0000025fefbc2280 redefined class name=org.openjdk.jmh.util.AbstractStatistics, count=1
Event: 81.537 Thread 0x0000025fefbc2280 redefined class name=org.graalvm.visualvm.lib.jfluid.server.ProfilerInterface$InitiateProfilingThread, count=35
Event: 105.709 Thread 0x0000025fefbc2280 redefined class name=org.openjdk.jmh.infra.IterationParams, count=6
Event: 105.709 Thread 0x0000025fefbc2280 redefined class name=org.example.jmh_generated.SpeedTest_jmhType_B2, count=6
Event: 105.709 Thread 0x0000025fefbc2280 redefined class name=org.openjdk.jmh.results.Result, count=3
Event: 105.709 Thread 0x0000025fefbc2280 redefined class name=org.example.AVLtree, count=3
Event: 105.709 Thread 0x0000025fefbc2280 redefined class name=org.example.SpeedTest, count=3
Event: 105.709 Thread 0x0000025fefbc2280 redefined class name=org.openjdk.jmh.runner.InfraControlL2, count=4
Event: 105.709 Thread 0x0000025fefbc2280 redefined class name=org.openjdk.jmh.results.RawResults, count=3
Event: 105.709 Thread 0x0000025fefbc2280 redefined class name=org.openjdk.jmh.results.BenchmarkTaskResult, count=3
Event: 105.709 Thread 0x0000025fefbc2280 redefined class name=org.openjdk.jmh.infra.Blackhole, count=8
Event: 105.709 Thread 0x0000025fefbc2280 redefined class name=org.openjdk.jmh.runner.options.TimeValue, count=3
Event: 105.709 Thread 0x0000025fefbc2280 redefined class name=org.openjdk.jmh.util.Deduplicator, count=3
Event: 105.709 Thread 0x0000025fefbc2280 redefined class name=org.example.jmh_generated.SpeedTest_delete_jmhTest, count=3
Event: 105.709 Thread 0x0000025fefbc2280 redefined class name=org.openjdk.jmh.infra.BenchmarkParams, count=6
Event: 105.709 Thread 0x0000025fefbc2280 redefined class name=org.openjdk.jmh.runner.InfraControl, count=10
Event: 109.265 Thread 0x0000025fefbc2280 redefined class name=java.lang.Object, count=1

Internal exceptions (20 events):
Event: 4.874 Thread 0x0000025fc75578e0 Exception <a 'java/lang/NoSuchMethodError'{0x0000000623036968}: static [Ljavax/management/MBeanConstructorInfo;.<clinit>()V> (0x0000000623036968) 
thrown [s\open\src\hotspot\share\prims\jni.cpp, line 1108]
Event: 4.874 Thread 0x0000025fc75578e0 Exception <a 'java/lang/NoSuchMethodError'{0x00000006230374a8}: static [Ljavax/management/MBeanNotificationInfo;.<clinit>()V> (0x00000006230374a8) 
thrown [s\open\src\hotspot\share\prims\jni.cpp, line 1108]
Event: 4.874 Thread 0x0000025fc75578e0 Exception <a 'java/lang/NoSuchMethodError'{0x0000000623037fd8}: static [Ljavax/management/MBeanOperationInfo;.<clinit>()V> (0x0000000623037fd8) 
thrown [s\open\src\hotspot\share\prims\jni.cpp, line 1108]
Event: 4.878 Thread 0x0000025fc75578e0 Exception <a 'java/lang/NoSuchMethodError'{0x000000062303a510}: 'java.lang.Object java.lang.invoke.DirectMethodHandle$Holder.invokeInterface(java.lang.Object, java.lang.Object, java.lang.Object, java.lang.Object, java.lang.Object)'> (0x000000062303a510) 
thrown [s\open\src\hotspot\share\interpreter\linkResolver.cpp, line 805]
Event: 4.902 Thread 0x0000025fc75578e0 Exception <a 'java/lang/NoSuchMethodError'{0x0000000623095690}: 'int java.lang.invoke.DirectMethodHandle$Holder.invokeInterface(java.lang.Object, java.lang.Object, java.lang.Object, java.lang.Object)'> (0x0000000623095690) 
thrown [s\open\src\hotspot\share\interpreter\linkResolver.cpp, line 805]
Event: 4.902 Thread 0x0000025fc75578e0 Exception <a 'java/lang/NoSuchMethodError'{0x000000062309dc80}: 'int java.lang.invoke.DirectMethodHandle$Holder.invokeSpecial(java.lang.Object, java.lang.Object, java.lang.Object, java.lang.Object, java.lang.Object)'> (0x000000062309dc80) 
thrown [s\open\src\hotspot\share\interpreter\linkResolver.cpp, line 805]
Event: 4.903 Thread 0x0000025fc75578e0 Exception <a 'java/lang/NoSuchMethodError'{0x00000006230a5e50}: 'int java.lang.invoke.DelegatingMethodHandle$Holder.reinvoke_L(java.lang.Object, java.lang.Object, java.lang.Object, java.lang.Object)'> (0x00000006230a5e50) 
thrown [s\open\src\hotspot\share\interpreter\linkResolver.cpp, line 805]
Event: 4.907 Thread 0x0000025fc75578e0 Exception <a 'java/lang/NoSuchMethodError'{0x00000006230d2ed8}: 'long java.lang.invoke.DirectMethodHandle$Holder.invokeInterface(java.lang.Object, java.lang.Object)'> (0x00000006230d2ed8) 
thrown [s\open\src\hotspot\share\interpreter\linkResolver.cpp, line 805]
Event: 4.907 Thread 0x0000025fc75578e0 Exception <a 'java/lang/NoSuchMethodError'{0x00000006230db3d8}: 'java.lang.Object java.lang.invoke.DirectMethodHandle$Holder.invokeStatic(java.lang.Object, long)'> (0x00000006230db3d8) 
thrown [s\open\src\hotspot\share\interpreter\linkResolver.cpp, line 805]
Event: 4.908 Thread 0x0000025fc75578e0 Exception <a 'java/lang/NoSuchMethodError'{0x00000006230e3438}: 'long java.lang.invoke.DelegatingMethodHandle$Holder.reinvoke_L(java.lang.Object, java.lang.Object)'> (0x00000006230e3438) 
thrown [s\open\src\hotspot\share\interpreter\linkResolver.cpp, line 805]
Event: 4.916 Thread 0x0000025fc75578e0 Exception <a 'java/lang/NoSuchMethodError'{0x000000062310d7e8}: 'void java.lang.invoke.DirectMethodHandle$Holder.invokeStaticInit(java.lang.Object, java.lang.Object, java.lang.Object)'> (0x000000062310d7e8) 
thrown [s\open\src\hotspot\share\interpreter\linkResolver.cpp, line 805]
Event: 4.919 Thread 0x0000025fc75578e0 Exception <a 'java/lang/NoSuchMethodError'{0x000000062311f1b8}: 'int java.lang.invoke.DirectMethodHandle$Holder.invokeStaticInit(java.lang.Object, java.lang.Object)'> (0x000000062311f1b8) 
thrown [s\open\src\hotspot\share\interpreter\linkResolver.cpp, line 805]
Event: 5.958 Thread 0x0000025fc746d850 Exception <a 'java/lang/NoSuchMethodError'{0x0000000623206fe0}: static [J.<clinit>()V> (0x0000000623206fe0) 
thrown [s\open\src\hotspot\share\prims\jni.cpp, line 1108]
Event: 5.960 Thread 0x0000025fc746d850 Exception <a 'java/lang/NoSuchMethodError'{0x000000062320be08}: 'java.lang.Object java.lang.invoke.DirectMethodHandle$Holder.invokeInterface(java.lang.Object, java.lang.Object, java.lang.Object, int)'> (0x000000062320be08) 
thrown [s\open\src\hotspot\share\interpreter\linkResolver.cpp, line 805]
Event: 5.969 Thread 0x0000025fc746d850 Exception <a 'java/lang/NoSuchMethodError'{0x00000006232393c8}: 'int java.lang.invoke.DirectMethodHandle$Holder.invokeVirtual(java.lang.Object, java.lang.Object)'> (0x00000006232393c8) 
thrown [s\open\src\hotspot\share\interpreter\linkResolver.cpp, line 805]
Event: 5.986 Thread 0x0000025fc746d850 Exception <a 'java/lang/NoSuchMethodError'{0x000000062325b748}: static [Ljavax/management/openmbean/CompositeData;.<clinit>()V> (0x000000062325b748) 
thrown [s\open\src\hotspot\share\prims\jni.cpp, line 1108]
Event: 62.151 Thread 0x0000025fc746c9b0 Implicit null exception at 0x0000025fddb67e77 to 0x0000025fddb67f74
Event: 62.255 Thread 0x0000025fc746b3c0 Exception <a 'java/lang/IncompatibleClassChangeError'{0x0000000624fbfaf8}: Found class java.lang.Object, but interface was expected> (0x0000000624fbfaf8) 
thrown [s\open\src\hotspot\share\interpreter\linkResolver.cpp, line 872]
Event: 62.282 Thread 0x0000025fc746c9b0 Exception <a 'java/lang/VerifyError'{0x000000062480b2c0}: Stack map does not match the one at exception handler 21
Exception Details:
  Location:
    org/graalvm/visualvm/lib/jfluid/ConstructorTest.<init>()V @21: astore_1
  Reason:
    Current frame's flags are not assignable to stack map frame's.
  Current Frame:
    bci: @0
    flags: { flagThisUninit }
    locals: { uninitializedThis }
    stack: { 'java/lang/Throwable' }
  Stackmap Frame:
    bci: @21
    flags: { }
    locals: { top }
    stack: { 'ja
Event: 62.515 Thread 0x0000025fc746c9b0 Exception <a 'java/lang/NoSuchMethodError'{0x0000000624827f70}: 'java.lang.Object java.lang.invoke.DelegatingMethodHandle$Holder.reinvoke_L(java.lang.Object, int, long, java.lang.Object, java.lang.Object, int, java.lang.Object)'> (0x0000000624827f70) 
thrown [s\open\src\hotspot\share\interpreter\linkResolver.cpp, line 805]

VM Operations (20 events):
Event: 144.499 Executing VM operation: ThreadDump
Event: 144.500 Executing VM operation: ThreadDump done
Event: 145.500 Executing VM operation: ThreadDump
Event: 145.501 Executing VM operation: ThreadDump done
Event: 146.501 Executing VM operation: ThreadDump
Event: 146.501 Executing VM operation: ThreadDump done
Event: 146.504 Executing VM operation: FindDeadlocks
Event: 146.504 Executing VM operation: FindDeadlocks done
Event: 147.502 Executing VM operation: ThreadDump
Event: 147.502 Executing VM operation: ThreadDump done
Event: 148.502 Executing VM operation: ThreadDump
Event: 148.503 Executing VM operation: ThreadDump done
Event: 149.503 Executing VM operation: ThreadDump
Event: 149.503 Executing VM operation: ThreadDump done
Event: 150.505 Executing VM operation: ThreadDump
Event: 150.505 Executing VM operation: ThreadDump done
Event: 151.508 Executing VM operation: ThreadDump
Event: 151.508 Executing VM operation: ThreadDump done
Event: 152.506 Executing VM operation: ThreadDump
Event: 152.506 Executing VM operation: ThreadDump done

Memory protections (0 events):
No events

Nmethod flushes (0 events):
No events

Events (20 events):
Event: 109.372 Thread 0x0000025fefbea210 Thread added: 0x0000025fc816afd0
Event: 109.373 Thread 0x0000025fefbea210 Thread added: 0x0000025fc7a21e50
Event: 109.986 Thread 0x0000025fc7a21e50 Thread exited: 0x0000025fc7a21e50
Event: 110.335 Thread 0x0000025fc816afd0 Thread exited: 0x0000025fc816afd0
Event: 110.336 Thread 0x0000025fc819da10 Thread exited: 0x0000025fc819da10
Event: 110.393 Thread 0x0000025fefbea210 Thread added: 0x0000025ff2c4ffc0
Event: 111.337 Thread 0x0000025ff2c4ffc0 Thread exited: 0x0000025ff2c4ffc0
Event: 111.646 Thread 0x0000025fc7abbc30 Thread exited: 0x0000025fc7abbc30
Event: 111.666 Thread 0x0000025fefbe9950 Thread added: 0x0000025fc8ac7010
Event: 111.666 Thread 0x0000025fefbe9950 Thread added: 0x0000025ff4217010
Event: 111.667 Thread 0x0000025fefbe9950 Thread added: 0x0000025fc9ef9010
Event: 112.489 Thread 0x0000025fc9ef9010 Thread exited: 0x0000025fc9ef9010
Event: 113.340 Thread 0x0000025ff4217010 Thread exited: 0x0000025ff4217010
Event: 113.340 Thread 0x0000025fc8ac7010 Thread exited: 0x0000025fc8ac7010
Event: 116.354 Thread 0x0000025fefbe9950 Thread added: 0x0000025fc7bec010
Event: 117.343 Thread 0x0000025fc7bec010 Thread exited: 0x0000025fc7bec010
Event: 152.818 Thread 0x0000025fc1acdfb0 Thread exited: 0x0000025fc1acdfb0
Event: 152.818 Thread 0x0000025fcd63ec80 Thread added: 0x0000025fc15fd460
Event: 152.818 Thread 0x0000025fcd63ec80 Thread exited: 0x0000025fcd63ec80
Event: 152.819 Thread 0x0000025fc15ff1a0 Thread added: 0x0000025fc15ff1a0


Dynamic libraries:
0x00007ff78a230000 - 0x00007ff78a240000 	C:\Program Files\Java\jdk-24\bin\java.exe
0x00007ffc2bea0000 - 0x00007ffc2c108000 	C:\WINDOWS\SYSTEM32\ntdll.dll
0x00007ffc2b2e0000 - 0x00007ffc2b3a9000 	C:\WINDOWS\System32\KERNEL32.DLL
0x00007ffc29610000 - 0x00007ffc29a08000 	C:\WINDOWS\System32\KERNELBASE.dll
0x00007ffc29120000 - 0x00007ffc2926b000 	C:\WINDOWS\System32\ucrtbase.dll
0x00007ffc25080000 - 0x00007ffc25096000 	C:\Program Files\Java\jdk-24\bin\jli.dll
0x00007ffc03c70000 - 0x00007ffc03c8b000 	C:\Program Files\Java\jdk-24\bin\VCRUNTIME140.dll
0x00007ffc29e30000 - 0x00007ffc29ff7000 	C:\WINDOWS\System32\USER32.dll
0x00007ffc107f0000 - 0x00007ffc10a84000 	C:\WINDOWS\WinSxS\amd64_microsoft.windows.common-controls_6595b64144ccf1df_6.0.26100.7019_none_3e06ffa0e335b8a8\COMCTL32.dll
0x00007ffc29320000 - 0x00007ffc29347000 	C:\WINDOWS\System32\win32u.dll
0x00007ffc2a100000 - 0x00007ffc2a1a9000 	C:\WINDOWS\System32\msvcrt.dll
0x00007ffc2aeb0000 - 0x00007ffc2aedb000 	C:\WINDOWS\System32\GDI32.dll
0x00007ffc28ff0000 - 0x00007ffc2911c000 	C:\WINDOWS\System32\gdi32full.dll
0x00007ffc29560000 - 0x00007ffc29603000 	C:\WINDOWS\System32\msvcp_win.dll
0x00007ffc2b780000 - 0x00007ffc2b7b1000 	C:\WINDOWS\System32\IMM32.DLL
0x00007ffc250e0000 - 0x00007ffc250ec000 	C:\Program Files\Java\jdk-24\bin\vcruntime140_1.dll
0x00007ffc02af0000 - 0x00007ffc02b7e000 	C:\Program Files\Java\jdk-24\bin\msvcp140.dll
0x00007ffb773e0000 - 0x00007ffb78182000 	C:\Program Files\Java\jdk-24\bin\server\jvm.dll
0x00007ffc2adf0000 - 0x00007ffc2aea4000 	C:\WINDOWS\System32\ADVAPI32.dll
0x00007ffc2b7c0000 - 0x00007ffc2b866000 	C:\WINDOWS\System32\sechost.dll
0x00007ffc2b660000 - 0x00007ffc2b778000 	C:\WINDOWS\System32\RPCRT4.dll
0x00007ffc2bd00000 - 0x00007ffc2bd74000 	C:\WINDOWS\System32\WS2_32.dll
0x00007ffc27bd0000 - 0x00007ffc27c2e000 	C:\WINDOWS\SYSTEM32\POWRPROF.dll
0x00007ffc1bcc0000 - 0x00007ffc1bcf5000 	C:\WINDOWS\SYSTEM32\WINMM.dll
0x00007ffc1ed40000 - 0x00007ffc1ed4b000 	C:\WINDOWS\SYSTEM32\VERSION.dll
0x00007ffc27bb0000 - 0x00007ffc27bc4000 	C:\WINDOWS\SYSTEM32\UMPDC.dll
0x00007ffc27df0000 - 0x00007ffc27e0b000 	C:\WINDOWS\SYSTEM32\kernel.appcore.dll
0x00007ffc03c60000 - 0x00007ffc03c6a000 	C:\Program Files\Java\jdk-24\bin\jimage.dll
0x00007ffc26920000 - 0x00007ffc26b62000 	C:\WINDOWS\SYSTEM32\DBGHELP.DLL
0x00007ffc2aee0000 - 0x00007ffc2b26b000 	C:\WINDOWS\System32\combase.dll
0x00007ffc29c40000 - 0x00007ffc29d17000 	C:\WINDOWS\System32\OLEAUT32.dll
0x00007ffbff5e0000 - 0x00007ffbff61c000 	C:\WINDOWS\SYSTEM32\dbgcore.DLL
0x00007ffc29270000 - 0x00007ffc29315000 	C:\WINDOWS\System32\bcryptPrimitives.dll
0x00007ffc022e0000 - 0x00007ffc022ef000 	C:\Program Files\Java\jdk-24\bin\instrument.dll
0x00007ffc03710000 - 0x00007ffc0372e000 	C:\Program Files\Java\jdk-24\bin\java.dll
0x00007ffc2b3b0000 - 0x00007ffc2b547000 	C:\WINDOWS\System32\ole32.dll
0x00007ffc2a1b0000 - 0x00007ffc2a901000 	C:\WINDOWS\System32\SHELL32.dll
0x00007ffc29a10000 - 0x00007ffc29b7b000 	C:\WINDOWS\System32\wintypes.dll
0x00007ffc26bd0000 - 0x00007ffc2742d000 	C:\WINDOWS\SYSTEM32\windows.storage.dll
0x00007ffc29d20000 - 0x00007ffc29e12000 	C:\WINDOWS\System32\SHCORE.dll
0x00007ffc2b270000 - 0x00007ffc2b2d7000 	C:\WINDOWS\System32\shlwapi.dll
0x00007ffc28f10000 - 0x00007ffc28f39000 	C:\WINDOWS\SYSTEM32\profapi.dll
0x00007ffc02a10000 - 0x00007ffc02ae7000 	C:\Program Files\Java\jdk-24\bin\jsvml.dll
0x00007ffc036f0000 - 0x00007ffc03707000 	C:\Program Files\Java\jdk-24\bin\zip.dll
0x00007ffc02a00000 - 0x00007ffc02a10000 	C:\Program Files\Java\jdk-24\bin\net.dll
0x00007ffc283e0000 - 0x00007ffc2844b000 	C:\WINDOWS\system32\mswsock.dll
0x00007ffc029e0000 - 0x00007ffc029f6000 	C:\Program Files\Java\jdk-24\bin\nio.dll
0x00007ffc029d0000 - 0x00007ffc029d9000 	C:\Program Files\Java\jdk-24\bin\extnet.dll
0x00007ffc029c0000 - 0x00007ffc029ca000 	C:\Program Files\Java\jdk-24\bin\management.dll
0x00007ffc029b0000 - 0x00007ffc029bb000 	C:\Program Files\Java\jdk-24\bin\management_ext.dll
0x00007ffc2b580000 - 0x00007ffc2b588000 	C:\WINDOWS\System32\PSAPI.DLL
0x00007ffc005f0000 - 0x00007ffc00608000 	C:\WINDOWS\system32\napinsp.dll
0x00007ffc27980000 - 0x00007ffc27aac000 	C:\WINDOWS\SYSTEM32\DNSAPI.dll
0x00007ffc27940000 - 0x00007ffc27974000 	C:\WINDOWS\SYSTEM32\IPHLPAPI.DLL
0x00007ffc2b590000 - 0x00007ffc2b59a000 	C:\WINDOWS\System32\NSI.dll
0x00007ffc005d0000 - 0x00007ffc005e2000 	C:\WINDOWS\System32\winrnr.dll
0x00007ffbab110000 - 0x00007ffbab132000 	C:\WINDOWS\system32\nlansp_c.dll
0x00007ffc201c0000 - 0x00007ffc201d6000 	C:\WINDOWS\system32\wshbth.dll
0x00007ffc21aa0000 - 0x00007ffc21aab000 	C:\Windows\System32\rasadhlp.dll
0x00007ffc22c90000 - 0x00007ffc22d16000 	C:\WINDOWS\System32\fwpuclnt.dll
0x00007ffc287d0000 - 0x00007ffc287eb000 	C:\WINDOWS\SYSTEM32\CRYPTSP.dll
0x00007ffc27e10000 - 0x00007ffc27e4a000 	C:\WINDOWS\system32\rsaenh.dll
0x00007ffc28490000 - 0x00007ffc284bb000 	C:\WINDOWS\SYSTEM32\USERENV.dll
0x00007ffc28ee0000 - 0x00007ffc28f0a000 	C:\WINDOWS\SYSTEM32\bcrypt.dll
0x00007ffc28630000 - 0x00007ffc2863c000 	C:\WINDOWS\SYSTEM32\CRYPTBASE.dll
0x00007ffc04c90000 - 0x00007ffc04ca0000 	C:\Program Files\Java\jdk-24\bin\verify.dll
0x00007ffc023a0000 - 0x00007ffc023af000 	D:\visualvm_22\visualvm_22\visualvm\lib\deployed\jdk16\windows-amd64\profilerinterface.dll

dbghelp: loaded successfully - version: 4.0.5 - missing functions: none
symbol engine: initialized successfully - sym options: 0x614 - pdb path: .;C:\Program Files\Java\jdk-24\bin;C:\WINDOWS\SYSTEM32;C:\WINDOWS\WinSxS\amd64_microsoft.windows.common-controls_6595b64144ccf1df_6.0.26100.7019_none_3e06ffa0e335b8a8;C:\Program Files\Java\jdk-24\bin\server;D:\visualvm_22\visualvm_22\visualvm\lib\deployed\jdk16\windows-amd64

VM Arguments:
jvm_args: -javaagent:D:\IntelliJ IDEA Community Edition 2024.3.5\lib\idea_rt.jar=64215 -Dfile.encoding=UTF-8 -Dsun.stdout.encoding=UTF-8 -Dsun.stderr.encoding=UTF-8 -XX:+UnlockDiagnosticVMOptions -XX:+UnlockExperimentalVMOptions -DcompilerBlackholesEnabled=true -XX:CompileCommandFile=C:\Users\olga\AppData\Local\Temp\jmh1270703511559133787compilecommand 
java_command: org.openjdk.jmh.runner.ForkedMain 127.0.0.1 64217
java_class_path (initial): C:\Users\olga\IdeaProjects\BinarySearchTree\target\classes;C:\Users\olga\.m2\repository\org\openjdk\jmh\jmh-core\1.36\jmh-core-1.36.jar;C:\Users\olga\.m2\repository\net\sf\jopt-simple\jopt-simple\5.0.4\jopt-simple-5.0.4.jar;C:\Users\olga\.m2\repository\org\apache\commons\commons-math3\3.2\commons-math3-3.2.jar;C:\Users\olga\.m2\repository\org\openjdk\jmh\jmh-generator-annprocess\1.36\jmh-generator-annprocess-1.36.jar;C:\Users\olga\.m2\repository\org\apache\maven\plugins\maven-compiler-plugin\3.14.1\maven-compiler-plugin-3.14.1.jar;C:\Users\olga\.m2\repository\org\ow2\asm\asm\9.8\asm-9.8.jar;C:\Users\olga\.m2\repository\org\apache\maven\shared\maven-shared-utils\3.4.2\maven-shared-utils-3.4.2.jar;C:\Users\olga\.m2\repository\org\slf4j\slf4j-api\1.7.36\slf4j-api-1.7.36.jar;C:\Users\olga\.m2\repository\commons-io\commons-io\2.11.0\commons-io-2.11.0.jar;C:\Users\olga\.m2\repository\org\apache\maven\shared\maven-shared-incremental\1.1\maven-shared-incremental-1.1.jar;C:\Users\olga\.m2\repository\org\codehaus\plexus\plexus-java\1.5.0\plexus-java-1.5.0.jar;C:\Users\olga\.m2\repository\com\thoughtworks\qdox\qdox\2.2.0\qdox-2.2.0.jar;C:\Users\olga\.m2\repository\org\codehaus\plexus\plexus-compiler-api\2.15.0\plexus-compiler-api-2.15.0.jar;C:\Users\olga\.m2\repository\org\codehaus\plexus\plexus-compiler-manager\2.15.0\plexus-compiler-manager-2.15.0.jar;C:\Users\olga\.m2\repository\javax\inject\javax.inject\1\javax.inject-1.jar;C:\Users\olga\.m2\repository\org\codehaus\plexus\plexus-xml\3.0.0\plexus-xml-3.0.0.jar;C:\Users\olga\.m2\repository\org\codehaus\plexus\plexus-compiler-javac\2.15.0\plexus-compiler-javac-2.15.0.jar;C:\Users\olga\.m2\repository\org\codehaus\plexus\plexus-utils\4.0.2\plexus-utils-4.0.2.jar
Launcher Type: SUN_STANDARD

[Global flags]
     bool AOTInvokeDynamicLinking                  = false                                  {diagnostic} {ergonomic}
     intx CICompilerCount                          = 12                                        {product} {ergonomic}
    ccstr CompileCommandFile                       = C:\Users\olga\AppData\Local\Temp\jmh1270703511559133787compilecommand            {product} {command line}
     uint ConcGCThreads                            = 4                                         {product} {ergonomic}
     bool FlightRecorder                           = true                                      {product} {management}
     uint G1ConcRefinementThreads                  = 15                                        {product} {ergonomic}
     uint G1EagerReclaimRemSetThreshold            = 32                                   {experimental} {ergonomic}
   size_t G1HeapRegionSize                         = 4194304                                   {product} {ergonomic}
     uint G1RemSetArrayOfCardsEntries              = 32                                   {experimental} {ergonomic}
     uint G1RemSetHowlMaxNumBuckets                = 8                                    {experimental} {ergonomic}
     uint G1RemSetHowlNumBuckets                   = 8                                    {experimental} {ergonomic}
   size_t InitialHeapSize                          = 532676608                                 {product} {ergonomic}
   size_t MarkStackSize                            = 4194304                                   {product} {ergonomic}
   size_t MarkStackSizeMax                         = 536870912                                 {product} {ergonomic}
   size_t MaxHeapSize                              = 8493465600                                {product} {ergonomic}
   size_t MaxNewSize                               = 5096079360                                {product} {ergonomic}
   size_t MinHeapDeltaBytes                        = 4194304                                   {product} {ergonomic}
   size_t MinHeapSize                              = 8388608                                   {product} {ergonomic}
    uintx NonNMethodCodeHeapSize                   = 7602176                                {pd product} {ergonomic}
    uintx NonProfiledCodeHeapSize                  = 122093568                              {pd product} {ergonomic}
    uintx ProfiledCodeHeapSize                     = 121962496                              {pd product} {ergonomic}
    uintx ReservedCodeCacheSize                    = 251658240                              {pd product} {ergonomic}
     bool SegmentedCodeCache                       = true                                      {product} {ergonomic}
   size_t SoftMaxHeapSize                          = 8493465600                             {manageable} {ergonomic}
     bool UnlockDiagnosticVMOptions                = true                                   {diagnostic} {command line}
     bool UnlockExperimentalVMOptions              = true                                 {experimental} {command line}
     bool UseCompressedOops                        = true                           {product lp64_product} {ergonomic}
     bool UseG1GC                                  = true                                      {product} {ergonomic}
     bool UseLargePagesIndividualAllocation        = false                                  {pd product} {ergonomic}

Logging:
Log output configuration:
 #0: stdout all=warning uptime,level,tags foldmultilines=false
 #1: stderr all=off uptime,level,tags foldmultilines=false

Environment Variables:
JAVA_HOME=C:\Program Files\Java\jdk-17
PATH=C:\Program Files\Java\jdk-17\bin;C:\WINDOWS\system32;C:\WINDOWS;C:\WINDOWS\System32\Wbem;C:\WINDOWS\System32\WindowsPowerShell\v1.0\;C:\WINDOWS\System32\OpenSSH\;C:\Program Files\Git\cmd;C:\Program Files\Docker\Docker\resources\bin;C:\Program Files\nodejs\;D:\terraform;C:\Program Files\Oracle\VirtualBox;C:\python;D:\terraform;D:\terraform\terraform_1.12.1_windows_amd64\plugins\terraform-provider-yandex_v0.116.0.exe;C:\Users\olga\AppData\Roaming\terraform;C:\Users\olga\AppData\Local\Programs\Python\Python313;C:\Users\olga\AppData\Local\Programs\Python\Python313\Scripts;C:\Program Files\Kubernetes\Minikube;C:\Users\olga\AppData\Local\Microsoft\WindowsApps;C:\Program Files\Java\jdk-17\bin;C:\Users\olga\AppData\Roaming\npm;C:\Users\olga\AppData\Local\Programs\Microsoft VS Code\bin;C:\Users\olga\yandex-cloud\bin;D:\terraform;D:\terraform\terraform_1.12.1_windows_amd64\plugins\terraform-provider-yandex_v0.116.0.exe;C:\Users\olga\AppData\Roaming\terraform;C:\Users\olga\AppData\Local\Programs\Python\Python313;C:\Users\olga\AppData\Local\Programs\Python\Python313\Scripts;C:\Users\olga\AppData\Local\Microsoft\WinGet\Links;
USERNAME=olga
OS=Windows_NT
PROCESSOR_IDENTIFIER=Intel64 Family 6 Model 183 Stepping 1, GenuineIntel
TMP=C:\Users\olga\AppData\Local\Temp
TEMP=C:\Users\olga\AppData\Local\Temp




Periodic native trim disabled

---------------  S Y S T E M  ---------------

OS:
 Windows 11 , 64 bit Build 26100 (10.0.26100.7019)
OS uptime: 9 days 16:02 hours
Hyper-V role detected

CPU: total 20 (initial active 20) (10 cores per cpu, 2 threads per core) family 6 model 183 stepping 1 microcode 0x12b, cx8, cmov, fxsr, ht, mmx, 3dnowpref, sse, sse2, sse3, ssse3, sse4.1, sse4.2, popcnt, lzcnt, tsc, tscinvbit, avx, avx2, aes, erms, clmul, bmi1, bmi2, adx, sha, fma, vzeroupper, clflush, clflushopt, clwb, hv, serialize, rdtscp, rdpid, fsrm, gfni, f16c, cet_ibt, cet_ss
Processor Information for processor 0
  Max Mhz: 2600, Current Mhz: 2600, Mhz Limit: 2600
Processor Information for processor 1
  Max Mhz: 2600, Current Mhz: 1496, Mhz Limit: 2600
Processor Information for processor 2
  Max Mhz: 2600, Current Mhz: 2600, Mhz Limit: 2600
Processor Information for processor 3
  Max Mhz: 2600, Current Mhz: 2600, Mhz Limit: 2600
Processor Information for processor 4
  Max Mhz: 2600, Current Mhz: 2600, Mhz Limit: 2600
Processor Information for processor 5
  Max Mhz: 2600, Current Mhz: 2600, Mhz Limit: 2600
Processor Information for processor 6
  Max Mhz: 2600, Current Mhz: 1496, Mhz Limit: 2600
Processor Information for processor 7
  Max Mhz: 2600, Current Mhz: 2600, Mhz Limit: 2600
Processor Information for processor 8
  Max Mhz: 2600, Current Mhz: 2600, Mhz Limit: 2600
Processor Information for processor 9
  Max Mhz: 2600, Current Mhz: 1496, Mhz Limit: 2600
Processor Information for processor 10
  Max Mhz: 2600, Current Mhz: 2600, Mhz Limit: 2600
Processor Information for processor 11
  Max Mhz: 2600, Current Mhz: 2600, Mhz Limit: 2600
Processor Information for processor 12
  Max Mhz: 2600, Current Mhz: 2600, Mhz Limit: 2600
Processor Information for processor 13
  Max Mhz: 2600, Current Mhz: 2600, Mhz Limit: 2600
Processor Information for processor 14
  Max Mhz: 2600, Current Mhz: 2600, Mhz Limit: 2600
Processor Information for processor 15
  Max Mhz: 2600, Current Mhz: 2600, Mhz Limit: 2600
Processor Information for processor 16
  Max Mhz: 2600, Current Mhz: 2600, Mhz Limit: 2600
Processor Information for processor 17
  Max Mhz: 2600, Current Mhz: 1505, Mhz Limit: 2600
Processor Information for processor 18
  Max Mhz: 2600, Current Mhz: 2600, Mhz Limit: 2600
Processor Information for processor 19
  Max Mhz: 2600, Current Mhz: 2600, Mhz Limit: 2600

Memory: 4k page, system-wide physical 32387M (20769M free)
TotalPageFile size 34435M (AvailPageFile size 21246M)
current process WorkingSet (physical memory assigned to process): 311M, peak: 351M
current process commit charge ("private bytes"): 669M, peak: 744M

vm_info: Java HotSpot(TM) 64-Bit Server VM (24+36-3646) for windows-amd64 JRE (24+36-3646), built on 2025-02-06T00:20:43Z with MS VC++ 17.6 (VS2022)

END.
