#
# A fatal error has been detected by the Java Runtime Environment:
#
#  EXCEPTION_ACCESS_VIOLATION (0xc0000005) at pc=0x00007fff3558a47c, pid=20856, tid=12020
#
# JRE version: Java(TM) SE Runtime Environment (24.0+36) (build 24+36-3646)
# Java VM: Java HotSpot(TM) 64-Bit Server VM (24+36-3646, mixed mode, sharing, tiered, compressed oops, compressed class ptrs, g1 gc, windows-amd64)
# Problematic frame:
# V  [jvm.dll+0x42a47c]
#
# No core dump will be written. Minidumps are not enabled by default on client versions of Windows
#
# If you would like to submit a bug report, please visit:
#   https://bugreport.java.com/bugreport/crash.jsp
#

---------------  S U M M A R Y ------------

Command Line: -javaagent:D:\IntelliJ IDEA Community Edition 2024.3.5\lib\idea_rt.jar=63413 -Dfile.encoding=UTF-8 -Dsun.stdout.encoding=UTF-8 -Dsun.stderr.encoding=UTF-8 -XX:+UnlockDiagnosticVMOptions -XX:+UnlockExperimentalVMOptions -DcompilerBlackholesEnabled=true -XX:CompileCommandFile=C:\Users\olga\AppData\Local\Temp\jmh17969707080410556222compilecommand org.openjdk.jmh.runner.ForkedMain 127.0.0.1 63415

Host: 13th Gen Intel(R) Core(TM) i7-13650HX, 20 cores, 31G,  Windows 11 , 64 bit Build 26100 (10.0.26100.7019)
Time: Sat Nov 15 19:17:54 2025 RTZ 2 (s 11 , 64 bit Build 26100 (10.0.26100.7019) elapsed time: 151.959912 seconds (0d 0h 2m 31s)

---------------  T H R E A D  ---------------

Current thread (0x00000230df7e53b0):  JavaThread "<no-name - thread is attaching>"        [_thread_in_vm, id=12020, stack(0x0000003533800000,0x0000003533900000) (1024K)]

Stack: [0x0000003533800000,0x0000003533900000],  sp=0x00000035338fee30,  free space=1019k
Native frames: (J=compiled Java code, j=interpreted, Vv=VM code, C=native code)
V  [jvm.dll+0x42a47c]  (no source info available)
V  [jvm.dll+0x4c941b]  (no source info available)
C  0x00000230ca3036f9  (no source info available)

The last pc belongs to native nmethod (printed below).
Java frames: (J=compiled Java code, j=interpreted, Vv=VM code)
J 3434  java.lang.Object.wait0(J)V java.base@24 (0 bytes) @ 0x00000230ca30376e [0x00000230ca303680+0x00000000000000ee]
J 3560 c1 java.lang.Object.wait(J)V java.base@24 (59 bytes) @ 0x00000230c2bd6a64 [0x00000230c2bd6780+0x00000000000002e4]
J 3405 c1 org.graalvm.visualvm.lib.jfluid.server.ProfilerServer.getLastResponse()Lorg/graalvm/visualvm/lib/jfluid/wireprotocol/Response; (68 bytes) @ 0x00000230c2b78b74 [0x00000230c2b78800+0x0000000000000374]
j  org.graalvm.visualvm.lib.jfluid.server.ProfilerInterface.firstTimeVMObjectAlloc(Ljava/lang/String;I)I+33
J 3532 c2 org.graalvm.visualvm.lib.jfluid.server.ProfilerRuntimeMemory.getClassId(Ljava/lang/Class;)I (139 bytes) @ 0x00000230ca3557a0 [0x00000230ca354e20+0x0000000000000980]
J 3641 c2 org.graalvm.visualvm.lib.jfluid.server.ProfilerRuntimeObjLiveness.traceObjAlloc(Ljava/lang/Object;C)V (255 bytes) @ 0x00000230ca39b174 [0x00000230ca39aec0+0x00000000000002b4]
J 3508 c2 java.lang.Object.<init>()V java.base@24 (9 bytes) @ 0x00000230ca34b9d8 [0x00000230ca34b9a0+0x0000000000000038]
j  java.lang.Thread.<init>(Ljava/lang/ThreadGroup;Ljava/lang/String;ILjava/lang/Runnable;J)V+1 java.base@24
j  java.lang.Thread.<init>(Ljava/lang/ThreadGroup;Ljava/lang/String;)V+9 java.base@24
v  ~StubRoutines::call_stub 0x00000230c9a70fcd

siginfo: EXCEPTION_ACCESS_VIOLATION (0xc0000005), writing address 0x0000000000000018


Registers:
RAX=0x0000000000000000, RBX=0x0000000000000191, RCX=0x0000000000000018, RDX=0x0000000000000044
RSP=0x00000035338fee30, RBP=0x00000035338fef10, RSI=0x00000230df7e53b0, RDI=0x0000000000000191
R8 =0x0000000000000000, R9 =0x0000000000000018, R10=0x00000230ca30376e, R11=0x00000230c2b78800
R12=0x0000000000000000, R13=0x0000000000000000, R14=0x00000035338ff001, R15=0x0000000000000000
RIP=0x00007fff3558a47c, EFLAGS=0x0000000000010246

XMM[0]=0x0000000000000000 0x0000000000000000
XMM[1]=0x0000000000000000 0x0000000000000000
XMM[2]=0x0000000000000000 0x0000000000000000
XMM[3]=0x0000000000000000 0x0000000000000000
XMM[4]=0x0000000000000000 0x0000000000000000
XMM[5]=0x0000000000000000 0x0000000000000000
XMM[6]=0x0000000000000000 0x0000000000000000
XMM[7]=0x0000000000000000 0x0000000000000000
XMM[8]=0x0000000000000000 0x0000000000000000
XMM[9]=0x0000000000000000 0x0000000000000000
XMM[10]=0x0000000000000000 0x0000000000000000
XMM[11]=0x0000000000000000 0x0000000000000000
XMM[12]=0x0000000000000000 0x0000000000000000
XMM[13]=0x0000000000000000 0x0000000000000000
XMM[14]=0x0000000000000000 0x0000000000000000
XMM[15]=0x0000000000000000 0x0000000000000000
  MXCSR=0x00001fa0


Register to memory mapping:

RAX=0x0 is null
RBX=0x0000000000000191 is an unknown value
RCX=0x0000000000000018 is an unknown value
RDX=0x0000000000000044 is an unknown value
RSP=0x00000035338fee30 is pointing into the stack for thread: 0x00000230df7e53b0
RBP=0x00000035338fef10 is pointing into the stack for thread: 0x00000230df7e53b0
RSI=0x00000230df7e53b0 is a thread
RDI=0x0000000000000191 is an unknown value
R8 =0x0 is null
R9 =0x0000000000000018 is an unknown value
R10=0x00000230ca30376e is at entry_point+238 in (nmethod*)0x00000230ca303588
Compiled method (n/a) 152010 3434     n 0       java.lang.Object::wait0 (native)
 total in heap  [0x00000230ca303588,0x00000230ca3037e0] = 600
 relocation     [0x00000230ca303660,0x00000230ca303670] = 16
 main code      [0x00000230ca303680,0x00000230ca3037da] = 346
 stub code      [0x00000230ca3037da,0x00000230ca3037e0] = 6
R11=0x00000230c2b78800 is at entry_point+0 in (nmethod*)0x00000230c2b78688
Compiled method (c1) 152011 3405  s!   3       org.graalvm.visualvm.lib.jfluid.server.ProfilerServer::getLastResponse (68 bytes)
 total in heap  [0x00000230c2b78688,0x00000230c2b79028] = 2464
 relocation     [0x00000230c2b78760,0x00000230c2b787e8] = 136
 main code      [0x00000230c2b78800,0x00000230c2b78fa8] = 1960
 stub code      [0x00000230c2b78fa8,0x00000230c2b79000] = 88
 oops           [0x00000230c2b79000,0x00000230c2b79008] = 8
 metadata       [0x00000230c2b79008,0x00000230c2b79028] = 32
 immutable data [0x00000230df77db10,0x00000230df77dc98] = 392
 dependencies   [0x00000230df77db10,0x00000230df77db20] = 16
 nul chk table  [0x00000230df77db20,0x00000230df77db30] = 16
 handler table  [0x00000230df77db30,0x00000230df77db88] = 88
 scopes pcs     [0x00000230df77db88,0x00000230df77dc38] = 176
 scopes data    [0x00000230df77dc38,0x00000230df77dc98] = 96
R12=0x0 is null
R13=0x0 is null
R14=0x00000035338ff001 is pointing into the stack for thread: 0x00000230df7e53b0
R15=0x0 is null

Top of Stack: (sp=0x00000035338fee30)
0x00000035338fee30:   0000000623400000 000000061acace40   ..@#....@.......
0x00000035338fee40:   000000061acb1008 c35959c800000018   .............YY.
0x00000035338fee50:   00000230b9d7dcb8 00007fff3562941b   ....0.....b5....
0x00000035338fee60:   00000018c359182b 00000018ffc80000   +.Y.............
0x00000035338fee70:   0000000623400000 0000001800000018   ..@#............
0x00000035338fee80:   00000230df7e53b0 00000035338ff068   .S~.0...h..35...
0x00000035338fee90:   00000035338feff0 0000000000000000   ...35...........
0x00000035338feea0:   00000231218db960 00000230ca3036f9   `..!1....60.0...
0x00000035338feeb0:   0000000000000018 0000000000000180   ................
0x00000035338feec0:   00000035338fef10 000000061acad1a0   ...35...........
0x00000035338feed0:   000000061acad1a0 00000231218db128   ........(..!1...
0x00000035338feee0:   000000061acb09a8 00000230ca2a0c20   ........ .*.0...
0x00000035338feef0:   00000230df7e53b0 00000035338ff068   .S~.0...h..35...
0x00000035338fef00:   00000035338feff0 0000000000000000   ...35...........
0x00000035338fef10:   00000035338ff038 00000230c2bd6a64   8..35...dj..0...
0x00000035338fef20:   0000000000000018 000000061acad1a0   ................
0x00000035338fef30:   000000061acacd50 0000000000000670   P.......p.......
0x00000035338fef40:   00000035338fef70 00000231218dad78   p..35...x..!1...
0x00000035338fef50:   0000023121945ec8 00000035338fefc8   .^.!1......35...
0x00000035338fef60:   fffffffffffffff7 0000023129098ed2   ...........)1...
0x00000035338fef70:   00000035338ff038 00000230c2b78b74   8..35...t...0...
0x00000035338fef80:   00000035338fefc8 000000061acad1a0   ...35...........
0x00000035338fef90:   00000231218db1b8 0000000000000000   ...!1...........
0x00000035338fefa0:   0000000624d74ba8 000000061acacd50   .K.$....P.......
0x00000035338fefb0:   0000000000000000 000000061acacd50   ........P.......
0x00000035338fefc0:   000000061acad070 00000230c9a78800   p...........0...
0x00000035338fefd0:   000000061acad1a0 00000230c9a78800   ............0...
0x00000035338fefe0:   00000035338ff038 00000230c9a7899a   8..35.......0...
0x00000035338feff0:   fffffffffffffff7 0000023121977ef9   .........~.!1...
0x00000035338ff000:   0000000000000006 000002312197c578   ........x..!1...
0x00000035338ff010:   00000231218dd538 000000061acb8540   8..!1...@.......
0x00000035338ff020:   0000023121977fc8 fffffffffffffff7   ...!1...........

Instructions: (pc=0x00007fff3558a47c)
  0x00007fff3558a37c:   cc cc cc cc 4c 8b c2 48 63 15 ae e4 86 00 48 ff
  0x00007fff3558a38c:   25 1f 45 80 00 cc cc cc cc cc cc cc cc cc cc cc
  0x00007fff3558a39c:   cc cc cc cc 4c 8b c2 48 63 15 4a e5 86 00 48 ff
  0x00007fff3558a3ac:   25 ff 44 80 00 cc cc cc cc cc cc cc cc cc cc cc
  0x00007fff3558a3bc:   cc cc cc cc 4c 8b c2 48 63 15 62 e5 86 00 48 ff
  0x00007fff3558a3cc:   25 df 44 80 00 cc cc cc cc cc cc cc cc cc cc cc
  0x00007fff3558a3dc:   cc cc cc cc 4c 8b c2 48 63 15 66 e5 86 00 48 ff
  0x00007fff3558a3ec:   25 bf 44 80 00 cc cc cc cc cc cc cc cc cc cc cc
  0x00007fff3558a3fc:   cc cc cc cc 4c 8b c2 48 63 15 fe e4 86 00 48 ff
  0x00007fff3558a40c:   25 9f 44 80 00 cc cc cc cc cc cc cc cc cc cc cc
  0x00007fff3558a41c:   cc cc cc cc 48 63 05 fd e4 86 00 89 14 08 c3 cc
  0x00007fff3558a42c:   cc cc cc cc 48 63 05 0d e5 86 00 89 14 08 c3 cc
  0x00007fff3558a43c:   cc cc cc cc 48 63 05 b9 e4 86 00 89 14 08 c3 cc
  0x00007fff3558a44c:   cc cc cc cc 44 8b c2 8b 15 5f e4 86 00 e9 42 03
  0x00007fff3558a45c:   2f 00 cc cc 40 53 48 83 ec 20 8b da 48 63 15 cd
  0x00007fff3558a46c:   e3 86 00 ff 15 73 36 80 00 48 63 0d 18 e4 86 00
=>0x00007fff3558a47c:   89 1c 01 48 83 c4 20 5b c3 cc cc cc cc cc cc cc
  0x00007fff3558a48c:   cc cc cc cc 48 63 05 31 e4 86 00 48 89 14 08 c3
  0x00007fff3558a49c:   cc cc cc cc 48 63 05 a5 e4 86 00 c6 04 08 01 c3
  0x00007fff3558a4ac:   cc cc cc cc 4c 8b c2 48 63 15 b2 e5 86 00 48 ff
  0x00007fff3558a4bc:   25 ef 43 80 00 cc cc cc cc cc cc cc cc cc cc cc
  0x00007fff3558a4cc:   cc cc cc cc 4c 8b c2 48 63 15 1a e5 86 00 48 ff
  0x00007fff3558a4dc:   25 cf 43 80 00 cc cc cc cc cc cc cc cc cc cc cc
  0x00007fff3558a4ec:   cc cc cc cc 4c 8b c2 48 63 15 46 e4 86 00 48 ff
  0x00007fff3558a4fc:   25 af 43 80 00 cc cc cc cc cc cc cc cc cc cc cc
  0x00007fff3558a50c:   cc cc cc cc 48 83 ec 48 48 8b 0d 65 f1 8b 00 48
  0x00007fff3558a51c:   8d 05 66 88 62 00 48 89 44 24 20 48 8d 54 24 20
  0x00007fff3558a52c:   8b 05 2e af 89 00 89 44 24 2c 0f b6 05 5a d2 86
  0x00007fff3558a53c:   00 88 44 24 31 8b 05 1d b5 85 00 89 44 24 34 c7
  0x00007fff3558a54c:   44 24 28 08 00 00 00 c6 44 24 30 00 e8 d3 3b fd
  0x00007fff3558a55c:   ff 48 83 c4 48 c3 cc cc cc cc cc cc cc cc cc cc
  0x00007fff3558a56c:   cc cc cc cc 4c 8b c2 8b 15 87 e4 86 00 e9 d2 f8


Stack slot to memory mapping:

stack at sp + 0 slots: 0x0000000623400000 is an oop: java.lang.Thread 
{0x0000000623400000} - klass: 'java/lang/Thread' - flags: 

 - ---- fields (total size 14 words):
 - 'threadLocalRandomProbe' 'I' @12  0 (0x00000000)
 - private volatile 'eetop' 'J' @16  2408931283888 (0x00000230df7e53b0)
 - private final 'tid' 'J' @24  0 (0x0000000000000000)
 - 'threadLocalRandomSeed' 'J' @32  0 (0x0000000000000000)
 - injected 'jvmti_thread_state' 'J' @40  0 (0x0000000000000000)
 - 'threadLocalRandomSecondarySeed' 'I' @48  0 (0x00000000)
 - injected 'jvmti_VTMS_transition_disable_count' 'I' @52  0 (0x00000000)
 - injected 'jfr_epoch' 'S' @56  0 (0x0000)
 - volatile 'interrupted' 'Z' @58  false (0x00)
 - injected 'jvmti_is_in_VTMS_transition' 'Z' @59  false (0x00)
 - private volatile 'name' 'Ljava/lang/String;' @60  null (0x00000000)
 - private volatile 'contextClassLoader' 'Ljava/lang/ClassLoader;' @64  null (0x00000000)
 - private final 'holder' 'Ljava/lang/Thread$FieldHolder;' @68  null (0x00000000)
 - 'threadLocals' 'Ljava/lang/ThreadLocal$ThreadLocalMap;' @72  a 'java/lang/ThreadLocal$ThreadLocalMap'{0x0000000623400148} (0xc4680029)
 - 'inheritableThreadLocals' 'Ljava/lang/ThreadLocal$ThreadLocalMap;' @76  null (0x00000000)
 - private 'scopedValueBindings' 'Ljava/lang/Object;' @80  null (0x00000000)
 - final 'interruptLock' 'Ljava/lang/Object;' @84  null (0x00000000)
 - private volatile 'parkBlocker' 'Ljava/lang/Object;' @88  null (0x00000000)
 - private 'nioBlocker' 'Lsun/nio/ch/Interruptible;' @92  null (0x00000000)
 - private 'cont' 'Ljdk/internal/vm/Continuation;' @96  null (0x00000000)
 - private volatile 'uncaughtExceptionHandler' 'Ljava/lang/Thread$UncaughtExceptionHandler;' @100  null (0x00000000)
 - private 'container' 'Ljdk/internal/vm/ThreadContainer;' @104  null (0x00000000)
 - private volatile 'headStackableScopes' 'Ljdk/internal/vm/StackableScope;' @108  null (0x00000000)
stack at sp + 1 slots: 0x000000061acace40 is an oop: sun.nio.ch.NioSocketImpl 
{0x000000061acace40} - klass: 'sun/nio/ch/NioSocketImpl' - flags: 

 - ---- fields (total size 10 words):
 - protected 'port' 'I' @12  63464 (0x0000f7e8)
 - protected 'localport' 'I' @16  5140 (0x00001414)
 - protected 'fd' 'Ljava/io/FileDescriptor;' @20  a 'java/io/FileDescriptor'{0x000000061ac8c158} (0xc359182b)
 - protected 'address' 'Ljava/net/InetAddress;' @24  a 'java/net/Inet4Address'{0x000000061acb3bd0} (0xc359677a)
 - private volatile 'state' 'I' @28  3 (0x00000003)
 - private 'readerThread' 'J' @32  0 (0x0000000000000000)
 - private 'writerThread' 'J' @40  0 (0x0000000000000000)
 - private volatile 'timeout' 'I' @48  0 (0x00000000)
 - private final 'server' 'Z' @52  false (0x00)
 - private 'stream' 'Z' @53  true (0x01)
 - private volatile 'nonBlocking' 'Z' @54  false (0x00)
 - private 'isReuseAddress' 'Z' @55  false (0x00)
 - private volatile 'isInputClosed' 'Z' @56  false (0x00)
 - private volatile 'isOutputClosed' 'Z' @57  false (0x00)
 - private 'readEOF' 'Z' @58  false (0x00)
 - private 'connectionReset' 'Z' @59  false (0x00)
 - private final 'readLock' 'Ljava/util/concurrent/locks/ReentrantLock;' @60  a 'java/util/concurrent/locks/ReentrantLock'{0x000000061acb3c08} (0xc3596781)
 - private final 'writeLock' 'Ljava/util/concurrent/locks/ReentrantLock;' @64  a 'java/util/concurrent/locks/ReentrantLock'{0x000000061acb3c38} (0xc3596787)
 - private final 'stateLock' 'Ljava/lang/Object;' @68  a 'java/lang/Object'{0x000000061acb3c68} (0xc359678d)
 - private 'cleaner' 'Ljava/lang/ref/Cleaner$Cleanable;' @72  a 'jdk/internal/ref/CleanerImpl$PhantomCleanableRef'{0x000000061ac8c118} (0xc3591823)
stack at sp + 2 slots: 0x000000061acb1008 is an oop: java.net.Socket$SocketOutputStream 
{0x000000061acb1008} - klass: 'java/net/Socket$SocketOutputStream' - flags: 

 - ---- fields (total size 3 words):
 - private final 'parent' 'Ljava/net/Socket;' @12  a 'java/net/Socket'{0x000000061acb1020} (0xc3596204)
 - private final 'out' 'Ljava/io/OutputStream;' @16  a 'sun/nio/ch/NioSocketImpl$2'{0x000000061acb1058} (0xc359620b)
stack at sp + 3 slots: 0xc35959c800000018 is an unknown value
stack at sp + 4 slots: 0x00000230b9d7dcb8 points into unknown readable memory: 0x000000061acad1a0 | a0 d1 ca 1a 06 00 00 00
stack at sp + 5 slots: 0x00007fff3562941b jvm.dll
stack at sp + 6 slots: 0x00000018c359182b is an unknown value
stack at sp + 7 slots: 0x00000018ffc80000 is an unknown value

Lock stack of current Java thread (top to bottom):
LockStack[0]: java.lang.Class 
{0x000000061acad070} - klass: 'java/lang/Class' - flags: 

 - ---- fields (total size 38 words):
 - private volatile transient 'classRedefinedCount' 'I' @12  1 (0x00000001)
 - injected 'klass' 'J' @16  2408957547152 (0x00000230e10f1290)
 - injected 'array_klass' 'J' @24  0 (0x0000000000000000)
 - injected 'oop_size' 'I' @32  38 (0x00000026)
 - injected 'static_oop_field_count' 'I' @36  39 (0x00000027)
 - private volatile transient 'cachedConstructor' 'Ljava/lang/reflect/Constructor;' @40  null (0x00000000)
 - private transient 'name' 'Ljava/lang/String;' @44  "org.graalvm.visualvm.lib.jfluid.server.ProfilerServer"{0x000000061acb02f0} (0xc359605e)
 - private transient 'module' 'Ljava/lang/Module;' @48  a 'java/lang/Module'{0x000000061acb0350} (0xc359606a)
 - private final 'classLoader' 'Ljava/lang/ClassLoader;' @52  null (0x00000000)
 - private transient 'classData' 'Ljava/lang/Object;' @56  null (0x00000000)
 - private transient 'signers' '[Ljava/lang/Object;' @60  null (0x00000000)
 - private transient 'packageName' 'Ljava/lang/String;' @64  null (0x00000000)
 - private final 'componentType' 'Ljava/lang/Class;' @68  null (0x00000000)
 - private volatile transient 'reflectionData' 'Ljava/lang/ref/SoftReference;' @72  null (0x00000000)
 - private volatile transient 'genericInfo' 'Lsun/reflect/generics/repository/ClassRepository;' @76  null (0x00000000)
 - private volatile transient 'enumConstants' '[Ljava/lang/Object;' @80  null (0x00000000)
 - private volatile transient 'enumConstantDirectory' 'Ljava/util/Map;' @84  null (0x00000000)
 - private volatile transient 'annotationData' 'Ljava/lang/Class$AnnotationData;' @88  null (0x00000000)
 - private volatile transient 'annotationType' 'Lsun/reflect/annotation/AnnotationType;' @92  null (0x00000000)
 - transient 'classValueMap' 'Ljava/lang/ClassValue$ClassValueMap;' @96  null (0x00000000)
 - injected 'protection_domain' 'Ljava/lang/Object;' @100  null (0x00000000)
 - injected 'source_file' 'Ljava/lang/Object;' @104  "ProfilerServer.java"{0x000000061acb0388} (0xc3596071)
 - injected '<init_lock>' 'Ljava/lang/Object;' @108  null (0x00000000)
 - signature: Lorg/graalvm/visualvm/lib/jfluid/server/ProfilerServer;
 - ---- static fields (39):
 - private static 'messages' 'Ljava/util/ResourceBundle;' @112  a 'java/util/PropertyResourceBundle'{0x000000061acae1f0} (0xc3595c3e)
 - private static 'ENTER_TO_SHUTDOWN_MSG' 'Ljava/lang/String;' @116  "Press ENTER to shut down the target JVM..."{0x000000061acae198} (0xc3595c33)
 - private static 'MAIN_CLASS_NOT_PUBLIC_MSG' 'Ljava/lang/String;' @120  "Main class {0} is not public.\x0AProfiler can not start it"{0x000000061acae138} (0xc3595c27)
 - private static 'INCORRECT_MAIN_MODIFIERS_MSG' 'Ljava/lang/String;' @124  "Method {0}.main(String args[]) has incorrect modifiers"{0x000000061acae0d8} (0xc3595c1b)
 - private static 'UNEXPECTED_EXCEPTION_MSG' 'Ljava/lang/String;' @128  "Target application threw an unexpected exception: {0}"{0x000000061acae078} (0xc3595c0f)
 - private static 'ELAPSED_TIME_MSG' 'Ljava/lang/String;' @132  "Main application thread elapsed time: {0} ms."{0x000000061acae020} (0xc3595c04)
 - private static 'CONNECTION_MSG' 'Ljava/lang/String;' @136  "Profiler Agent: Established connection with the tool"{0x000000061acadfc0} (0xc3595bf8)
 - private static 'WAITING_ON_PORT_MSG' 'Ljava/lang/String;' @140  "Profiler Agent: Waiting for connection on port {0} (Protocol version: {1})"{0x000000061acadf48} (0xc3595be9)
 - private static 'WAITING_ON_PORT_TIMEOUT_MSG' 'Ljava/lang/String;' @144  "Profiler Agent: Waiting for connection on port {0}, timeout {1} seconds (Protocol version: {2})"{0x000000061acadec0} (0xc3595bd8)
 - private static 'CONNECTION_EXCEPTION_MSG' 'Ljava/lang/String;' @148  "Profiler Agent Error: Exception when trying to establish connection with client:\x0A{0}"{0x000000061acade40} (0xc3595bc8)
 - private static 'CONNECTION_EXCEPTION_BIND_MSG' 'Ljava/lang/String;' @152  "Profiler Agent Error: Make sure the previously profiled process has been fully terminated"{0x000000061acaddb8} (0xc3595bb7)
 - private static 'CONNECTION_TIMEOUT_MSG' 'Ljava/lang/String;' @156  "Profiler Agent Error: Timed out trying to establish connection with client"{0x000000061acadd40} (0xc3595ba8)
 - private static 'AGENT_ERROR_MSG' 'Ljava/lang/String;' @160  "Profiler Agent Error: {0}"{0x000000061acadcf8} (0xc3595b9f)
 - private static 'CONNECTION_INTERRUPTED_MSG' 'Ljava/lang/String;' @164  "Profiler Agent Error: Connection with client interrupted"{0x000000061acadc98} (0xc3595b93)
 - private static 'COMMAND_EXCEPTION_MSG' 'Ljava/lang/String;' @168  "Profiler Agent Error: Exception when handling command from client:\x0A{0}"{0x000000061acadc28} (0xc3595b85)
 - private static 'RESPONSE_EXCEPTION_MSG' 'Ljava/lang/String;' @172  "Profiler Agent Error: Exception when trying to send response or command to client:\x0A{0}"{0x000000061acadba8} (0xc3595b75)
 - private static 'CONNECTION_CLOSED_MSG' 'Ljava/lang/String;' @176  "Profiler Agent: Connection with agent closed"{0x000000061acadb50} (0xc3595b6a)
 - private static 'CONNECTION_CLOSED_EX_MSG' 'Ljava/lang/String;' @180  "Profiler Agent: Connection with agent closed (ProfilingSessionStatus was null)"{0x000000061acadad8} (0xc3595b5b)
 - private static 'INCORRECT_AGENT_ID_MSG' 'Ljava/lang/String;' @184  "Profiler Agent Warning: Wrong agentId specified: {0}"{0x000000061acada78} (0xc3595b4f)
 - private static 'THREAD_EXCEPTION_MSG' 'Ljava/lang/String;' @188  "Profiler Agent Error: Exception in executeInSeparateThread()"{0x000000061acada10} (0xc3595b42)
 - private static 'THREAD_WAIT_EXCEPTION_MSG' 'Ljava/lang/String;' @192  "Profiler Agent Error: Exception in wait in SeparateCmdExecutionThread"{0x000000061acad9a0} (0xc3595b34)
 - private static 'LOCAL_SESSION_MSG' 'Ljava/lang/String;' @196  "Profiler Agent: Local accelerated session"{0x000000061acad948} (0xc3595b29)
 - private static 'REMOTE_SESSION_MSG' 'Ljava/lang/String;' @200  "Profiler Agent: Standard session"{0x000000061acad900} (0xc3595b20)
 - public static final 'ATTACH_DYNAMIC' 'I' @268  0 (0x00000000)
 - public static final 'ATTACH_DIRECT' 'I' @272  1 (0x00000001)
 - private static volatile 'profilerInterfaceInitialized' 'Z' @292  true (0x01)
 - private static volatile 'connectionOpen' 'Z' @293  true (0x01)
 - private static volatile 'connectionFailed' 'Z' @294  false (0x00)
 - private static volatile 'detachCommandReceived' 'Z' @295  false (0x00)
 - private static 'profilerServer' 'Lorg/graalvm/visualvm/lib/jfluid/server/ProfilerServer;' @204  a 'org/graalvm/visualvm/lib/jfluid/server/ProfilerServer'{0x000000061acacd50} (0xc35959aa)
 - private static 'status' 'Lorg/graalvm/visualvm/lib/jfluid/global/ProfilingSessionStatus;' @208  a 'org/graalvm/visualvm/lib/jfluid/global/ProfilingSessionStatus'{0x000000061acad658} (0xc3595acb)
 - private static volatile 'startTargetApp' 'Z' @296  false (0x00)
 - private static volatile 'targetAppMainThreadComplete' 'Z' @297  false (0x00)
 - private static volatile 'startupException' 'Ljava/lang/Exception;' @212  null (0x00000000)
 - private static final 'targetAppRunningLock' 'Ljava/lang/Object;' @216  a 'java/lang/Object'{0x000000061acad648} (0xc3595ac9)
 - private static 'mainThread' 'Ljava/lang/Thread;' @220  null (0x00000000)
 - private static 'separateCmdExecutionThread' 'Lorg/graalvm/visualvm/lib/jfluid/server/ProfilerServer$SeparateCmdExecutionThread;' @224  a 'org/graalvm/visualvm/lib/jfluid/server/ProfilerServer$SeparateCmdExecutionThread'{0x000000061acad330} (0xc3595a66)
 - private static 'shutdownWaitThread' 'Lorg/graalvm/visualvm/lib/jfluid/server/ProfilerServer$ShutdownWaitThread;' @228  a 'org/graalvm/visualvm/lib/jfluid/server/ProfilerServer$ShutdownWaitThread'{0x000000061acad230} (0xc3595a46)
 - static final 'execInSeparateThreadLock' 'Ljava/lang/Object;' @232  a 'java/lang/Object'{0x000000061acad220} (0xc3595a44)
 - static 'execInSeparateThreadOpCode' 'I' @276  40 (0x00000028)
 - private static volatile 'preemptExit' 'Z' @298  true (0x01)
 - private static 'shutdownOK' 'Z' @299  false (0x00)
 - private static final 'shutdownLock' 'Ljava/lang/Object;' @236  a 'java/lang/Object'{0x000000061acad210} (0xc3595a42)
 - private static final 'resultsNotifiedLock' 'Ljava/lang/Object;' @240  a 'java/lang/Object'{0x000000061acad200} (0xc3595a40)
 - private static 'resultsNotified' 'Z' @300  true (0x01)
 - private static 'resourcesInitialized' 'Z' @301  true (0x01)
 - private static '_fullJFluidPath' 'Ljava/lang/String;' @244  "D:\visualvm_22\visualvm_22\visualvm\lib"{0x000000061acad1b0} (0xc3595a36)
 - private static '_portNo' 'I' @280  5140 (0x00001414)
 - private static '_activateCode' 'I' @284  0 (0x00000000)
 - private static '_timeOut' 'I' @288  0 (0x00000000)
 - private static 'lastResponse' 'Lorg/graalvm/visualvm/lib/jfluid/wireprotocol/Response;' @248  null (0x00000000)
 - private static final 'responseLock' 'Ljava/lang/Object;' @252  a 'java/lang/Object'{0x000000061acad1a0} (0xc3595a34)
 - static synthetic 'array$Ljava$lang$String' 'Ljava/lang/Class;' @256  null (0x00000000)
 - static synthetic 'class$java$lang$Class' 'Ljava/lang/Class;' @260  null (0x00000000)
 - static synthetic 'class$java$lang$ClassLoader' 'Ljava/lang/Class;' @264  null (0x00000000)


Compiled method (n/a) 152039 3434     n 0       java.lang.Object::wait0 (native)
 total in heap  [0x00000230ca303588,0x00000230ca3037e0] = 600
 relocation     [0x00000230ca303660,0x00000230ca303670] = 16
 main code      [0x00000230ca303680,0x00000230ca3037da] = 346
 stub code      [0x00000230ca3037da,0x00000230ca3037e0] = 6

[Constant Pool (empty)]

[MachCode]
[Entry Point]
  # {method} {0x00000231218d8dd0} 'wait0' '(J)V' in 'java/lang/Object'
  # this:     rdx:rdx   = 'java/lang/Object'
  # parm0:    r8:r8     = long
  #           [sp+0x70]  (sp of caller)
  0x00000230ca303680: 6690 448b | 5208 443b 

  0x00000230ca303688: ;   {runtime_call Shared Runtime ic_miss_blob}
  0x00000230ca303688: 5008 0f85 | d0b0 7bff 
[Verified Entry Point]
  0x00000230ca303690: 8984 2400 | 80ff ff55 | 488b ec48 | 83ec 6090 | 4181 7f20 | 0100 0000 

  0x00000230ca3036a8: ;   {runtime_call StubRoutines (final stubs)}
  0x00000230ca3036a8: 7405 e851 | 227a ff48 | 8954 2420 | 4883 fa00 | 488d 5424 | 2048 0f44 | 5424 204c | 8d15 a400 
  0x00000230ca3036c8: 0000 4d89 | 97b0 0300 | 00c5 f877 | 4989 a7a8 | 0300 0049 | 8d8f c803 | 0000 41c7 | 8754 0400 
  0x00000230ca3036e8: 0004 0000 

  0x00000230ca3036ec: ;   {runtime_call}
  0x00000230ca3036ec: 0048 b8d0 | 9262 35ff | 7f00 00ff | d0c5 f877 | 41c7 8754 | 0400 0005 | 0000 00f0 | 8344 24c0 
  0x00000230ca30370c: 0049 3b6f | 280f 870e | 0000 0041 | 83bf 5004 | 0000 000f | 8423 0000 | 00c5 f877 | 498b cf4c 
  0x00000230ca30372c: 8be4 4883 | ec20 4883 

  0x00000230ca303734: ;   {runtime_call}
  0x00000230ca303734: e4f0 48b8 | c0ba 5835 | ff7f 0000 | ffd0 498b | e44d 33e4 | 41c7 8754 | 0400 0008 | 0000 004d 
  0x00000230ca303754: 8b97 7005 | 0000 4983 | fa00 740e | 49c7 8770 | 0500 0000 | 0000 0041 | ffe2 4183 | bfd0 0400 
  0x00000230ca303774: 0002 0f84 | 3c00 0000 | 49c7 87a8 | 0300 0000 | 0000 0049 | c787 b003 | 0000 0000 | 0000 c5f8 
  0x00000230ca303794: 7749 8b8f | 3804 0000 | c781 0001 | 0000 0000 | 0000 c949 | 837f 0800 | 0f85 0100 

  0x00000230ca3037b0: ;   {runtime_call StubRoutines (initial stubs)}
  0x00000230ca3037b0: 0000 c3e9 | 08d7 76ff | c5f8 774c | 8be4 4883 | ec20 4883 

  0x00000230ca3037c4: ;   {runtime_call}
  0x00000230ca3037c4: e4f0 48b8 | 6058 9035 | ff7f 0000 | ffd0 498b | e44d 33e4 | eba2 f4f4 | f4f4 f4f4 
[/MachCode]


Compiled method (c1) 152043 3560   !   3       java.lang.Object::wait (59 bytes)
 total in heap  [0x00000230c2bd6608,0x00000230c2bd6d08] = 1792
 relocation     [0x00000230c2bd66e0,0x00000230c2bd6768] = 136
 main code      [0x00000230c2bd6780,0x00000230c2bd6c98] = 1304
 stub code      [0x00000230c2bd6c98,0x00000230c2bd6cf8] = 96
 metadata       [0x00000230c2bd6cf8,0x00000230c2bd6d08] = 16
 immutable data [0x0000023126308940,0x0000023126308a88] = 328
 dependencies   [0x0000023126308940,0x0000023126308948] = 8
 nul chk table  [0x0000023126308948,0x0000023126308958] = 16
 handler table  [0x0000023126308958,0x0000023126308970] = 24
 scopes pcs     [0x0000023126308970,0x0000023126308a20] = 176
 scopes data    [0x0000023126308a20,0x0000023126308a88] = 104

[Constant Pool (empty)]

[MachCode]
[Instructions begin]
  0x00000230c2bd6780: 6666 660f | 1f84 0000 | 0000 0066 | 6666 9066 | 6690 448b | 5208 443b 

  0x00000230c2bd6798: ;   {runtime_call Shared Runtime ic_miss_blob}
  0x00000230c2bd6798: 5008 0f85 | c07f ee06 
[Verified Entry Point]
  0x00000230c2bd67a0: 8984 2400 | 80ff ff55 | 4883 ec50 | 4181 7f20 | 0100 0000 

  0x00000230c2bd67b4: ;   {runtime_call StubRoutines (final stubs)}
  0x00000230c2bd67b4: 7405 e845 

  0x00000230c2bd67b8: ;   {metadata(method data for {method} {0x00000231218d8d38} 'wait' '(J)V' in 'java/lang/Object')}
  0x00000230c2bd67b8: f1ec 0648 | be60 b98d | 2131 0200 | 008b becc | 0000 0083 | c702 89be | cc00 0000 | 81e7 fe07 
  0x00000230c2bd67d8: 0000 85ff | 0f84 0404 | 0000 498b | f0bf 0000 | 0000 483b 

  0x00000230c2bd67ec: ;   {metadata(method data for {method} {0x00000231218d8d38} 'wait' '(J)V' in 'java/lang/Object')}
  0x00000230c2bd67ec: f748 be60 | b98d 2131 | 0200 00bf | 2001 0000 | 7c05 bf10 | 0100 0048 | 8b1c 3e48 | 8d5b 0148 
  0x00000230c2bd680c: 891c 3e0f | 8c67 0200 

  0x00000230c2bd6814: ;   {metadata(method data for {method} {0x00000231218d8d38} 'wait' '(J)V' in 'java/lang/Object')}
  0x00000230c2bd6814: 0048 be60 | b98d 2131 | 0200 0048 | 8386 4001 | 0000 0149 | 8bb7 9003 | 0000 488b | 3648 85f6 
  0x00000230c2bd6834: ;   {metadata(method data for {method} {0x00000231218d8d38} 'wait' '(J)V' in 'java/lang/Object')}
  0x00000230c2bd6834: 48b8 60b9 | 8d21 3102 | 0000 750c | 8088 4901 | 0000 01e9 | ae00 0000 | 8b4e 0849 | ba00 0000 
  0x00000230c2bd6854: e030 0200 | 0049 03ca | 483b 8858 | 0100 0075 | 0d48 8380 | 6001 0000 | 01e9 6000 | 0000 483b 
  0x00000230c2bd6874: 8868 0100 | 0075 0d48 | 8380 7001 | 0000 01e9 | 4a00 0000 | 4883 b858 | 0100 0000 | 7517 4889 
  0x00000230c2bd6894: 8858 0100 | 0048 c780 | 6001 0000 | 0100 0000 | e929 0000 | 0048 83b8 | 6801 0000 | 0075 1748 
  0x00000230c2bd68b4: 8988 6801 | 0000 48c7 | 8070 0100 | 0001 0000 | 00e9 0800 | 0000 4883 | 8050 0100 

  0x00000230c2bd68d0: ;   {metadata('java/lang/VirtualThread')}
  0x00000230c2bd68d0: 0001 48b9 | f07e 18e0 | 3002 0000 | 8b5e 0849 | ba00 0000 | e030 0200 | 0049 03da | 483b cb0f 
  0x00000230c2bd68f0: 8505 0000 | 00e9 0500 | 0000 4833 | ffeb 05bf | 0100 0000 

  0x00000230c2bd6904: ;   {metadata(method data for {method} {0x00000231218d8d38} 'wait' '(J)V' in 'java/lang/Object')}
  0x00000230c2bd6904: 85ff 48bf | 60b9 8d21 | 3102 0000 | bb80 0100 | 0074 05bb | 9001 0000 | 488b 041f | 488d 4001 
  0x00000230c2bd6924: 4889 041f | 0f84 1701 | 0000 4885 

  0x00000230c2bd6930: ;   {metadata(method data for {method} {0x00000231218d8d38} 'wait' '(J)V' in 'java/lang/Object')}
  0x00000230c2bd6930: f648 bb60 | b98d 2131 | 0200 0075 | 0c80 8b99 | 0100 0001 | e9ae 0000 | 008b 4608 | 49ba 0000 
  0x00000230c2bd6950: 00e0 3002 | 0000 4903 | c248 3b83 | a801 0000 | 750d 4883 | 83b0 0100 | 0001 e960 | 0000 0048 
  0x00000230c2bd6970: 3b83 b801 | 0000 750d | 4883 83c0 | 0100 0001 | e94a 0000 | 0048 83bb | a801 0000 | 0075 1748 
  0x00000230c2bd6990: 8983 a801 | 0000 48c7 | 83b0 0100 | 0001 0000 | 00e9 2900 | 0000 4883 | bbb8 0100 | 0000 7517 
  0x00000230c2bd69b0: 4889 83b8 | 0100 0048 | c783 c001 | 0000 0100 | 0000 e908 | 0000 0048 | 8383 a001 

  0x00000230c2bd69cc: ;   {metadata('java/lang/VirtualThread')}
  0x00000230c2bd69cc: 0000 0148 | b8f0 7e18 | e030 0200 | 008b 7e08 | 49ba 0000 | 00e0 3002 | 0000 4903 | fa48 3bc7 
  0x00000230c2bd69ec: 0f85 1502 | 0000 e900 | 0000 0048 | 8974 2428 

  0x00000230c2bd69fc: ;   {metadata(method data for {method} {0x00000231218d8d38} 'wait' '(J)V' in 'java/lang/Object')}
  0x00000230c2bd69fc: 488b fa48 | bb60 b98d | 2131 0200 | 0048 8383 | d001 0000 | 0166 0f1f 

  0x00000230c2bd6a14: ;   {optimized virtual_call}
  0x00000230c2bd6a14: 4400 00e8 

  0x00000230c2bd6a18: ; ImmutableOopMap {[40]=Oop }
                      ;*invokevirtual wait0 {reexecute=0 rethrow=0 return_oop=0}
                      ; - java.lang.Object::wait@37 (line 382)
  0x00000230c2bd6a18: 4480 ee06 

  0x00000230c2bd6a1c: ;   {post_call_nop}
  0x00000230c2bd6a1c: 0f1f 8400 | 1404 0000 

  0x00000230c2bd6a24: ;   {metadata(method data for {method} {0x00000231218d8d38} 'wait' '(J)V' in 'java/lang/Object')}
  0x00000230c2bd6a24: 49b8 60b9 | 8d21 3102 | 0000 41ff | 8000 0200 | 0048 83c4 

  0x00000230c2bd6a38: ;   {poll_return}
  0x00000230c2bd6a38: 505d 493b | 6728 0f87 | cc01 0000 | c348 8bf2 

  0x00000230c2bd6a48: ;   {metadata(method data for {method} {0x00000231218d8d38} 'wait' '(J)V' in 'java/lang/Object')}
  0x00000230c2bd6a48: 48bf 60b9 | 8d21 3102 | 0000 4883 | 8748 0200 | 0001 0f1f 

  0x00000230c2bd6a5c: ;   {optimized virtual_call}
  0x00000230c2bd6a5c: 4400 00e8 

  0x00000230c2bd6a60: ; ImmutableOopMap {}
                      ;*invokevirtual wait0 {reexecute=0 rethrow=0 return_oop=0}
                      ; - java.lang.Object::wait@55 (line 389)
  0x00000230c2bd6a60: 2ccc 7207 

  0x00000230c2bd6a64: ;   {post_call_nop}
  0x00000230c2bd6a64: 0f1f 8400 | 5c04 0001 | 4883 c450 

  0x00000230c2bd6a70: ;   {poll_return}
  0x00000230c2bd6a70: 5d49 3b67 | 280f 87ab | 0100 00c3 | 0f1f 4000 

  0x00000230c2bd6a80: ;   {no_reloc}
  0x00000230c2bd6a80: e9c6 0100 | 0000 0000 | 0000 498b | 87c8 0100 | 0048 8d78 | 2849 3bbf | d801 0000 | 0f87 b301 
  0x00000230c2bd6aa0: 0000 4989 | bfc8 0100 | 0048 c700 | 0100 0000 | 488b ca49 | ba00 0000 | e030 0200 | 0049 2bca 
  0x00000230c2bd6ac0: 8948 0848 | 33c9 8948 | 0c48 33c9 | 4889 4810 | 4889 4818 | 4889 4820 

  0x00000230c2bd6ad8: ;   {metadata(method data for {method} {0x00000231218d8d38} 'wait' '(J)V' in 'java/lang/Object')}
  0x00000230c2bd6ad8: 4c8b c048 | ba60 b98d | 2131 0200 | 0048 8382 | 3001 0000 

  0x00000230c2bd6aec: ;   {oop("timeout value is negative"{0x00000007ffc178e0})}
  0x00000230c2bd6aec: 0149 b8e0 | 78c1 ff07 | 0000 0048 | 8bd0 4889 

  0x00000230c2bd6afc: ;   {optimized virtual_call}
  0x00000230c2bd6afc: 4424 30e8 

  0x00000230c2bd6b00: ; ImmutableOopMap {[48]=Oop }
                      ;*invokespecial <init> {reexecute=0 rethrow=0 return_oop=0}
                      ; - java.lang.Object::wait@12 (line 377)
  0x00000230c2bd6b00: 5c7f ee06 

  0x00000230c2bd6b04: ;   {post_call_nop}
  0x00000230c2bd6b04: 0f1f 8400 | fc04 0002 | 488b 4424 | 30e9 7801 | 0000 498b | 8708 0500 | 004d 33d2 | 4d89 9708 
  0x00000230c2bd6b24: 0500 004d | 33d2 4d89 | 9710 0500 | 0048 3b06 

  0x00000230c2bd6b34: ;   {metadata(method data for {method} {0x00000231218d8d38} 'wait' '(J)V' in 'java/lang/Object')}
  0x00000230c2bd6b34: 488b d648 | bf60 b98d | 2131 0200 | 008b 5208 | 49ba 0000 | 00e0 3002 | 0000 4903 | d248 3b97 
  0x00000230c2bd6b54: 2002 0000 | 750d 4883 | 8728 0200 | 0001 e960 | 0000 0048 | 3b97 3002 | 0000 750d | 4883 8738 
  0x00000230c2bd6b74: 0200 0001 | e94a 0000 | 0048 83bf | 2002 0000 | 0075 1748 | 8997 2002 | 0000 48c7 | 8728 0200 
  0x00000230c2bd6b94: 0001 0000 | 00e9 2900 | 0000 4883 | bf30 0200 | 0000 7517 | 4889 9730 | 0200 0048 | c787 3802 
  0x00000230c2bd6bb4: 0000 0100 | 0000 e908 | 0000 0048 | 8387 1802 | 0000 0148 | 8bd6 4889 

  0x00000230c2bd6bcc: ;   {optimized virtual_call}
  0x00000230c2bd6bcc: 4424 38e8 

  0x00000230c2bd6bd0: ; ImmutableOopMap {[56]=Oop }
                      ;*invokevirtual getAndClearInterrupt {reexecute=0 rethrow=0 return_oop=0}
                      ; - java.lang.Object::wait@46 (line 385)
  0x00000230c2bd6bd0: 8c7e ee06 

  0x00000230c2bd6bd4: ;   {post_call_nop}
  0x00000230c2bd6bd4: 0f1f 8400 | cc05 0003 | 488b 4424 | 38e9 a800 

  0x00000230c2bd6be4: ;   {metadata({method} {0x00000231218d8d38} 'wait' '(J)V' in 'java/lang/Object')}
  0x00000230c2bd6be4: 0000 49ba | 308d 8d21 | 3102 0000 | 4c89 5424 | 0848 c704 | 24ff ffff 

  0x00000230c2bd6bfc: ;   {runtime_call C1 Runtime counter_overflow_blob}
  0x00000230c2bd6bfc: ffe8 dee5 

  0x00000230c2bd6c00: ; ImmutableOopMap {rdx=Oop }
                      ;*synchronization entry
                      ; - java.lang.Object::wait@-1 (line 376)
  0x00000230c2bd6c00: fa06 e9db | fbff ff48 

  0x00000230c2bd6c08: ;   {runtime_call C1 Runtime throw_class_cast_exception_blob}
  0x00000230c2bd6c08: 8934 24e8 

  0x00000230c2bd6c0c: ; ImmutableOopMap {rdx=Oop }
                      ;*checkcast {reexecute=0 rethrow=0 return_oop=0}
                      ; - java.lang.Object::wait@31 (line 380)
  0x00000230c2bd6c0c: 50a1 fa06 

  0x00000230c2bd6c10: ;   {internal_word}
  0x00000230c2bd6c10: 49ba 3a6a | bdc2 3002 | 0000 4d89 | 9760 0400 

  0x00000230c2bd6c20: ;   {runtime_call SafepointBlob}
  0x00000230c2bd6c20: 00e9 baf0 

  0x00000230c2bd6c24: ;   {internal_word}
  0x00000230c2bd6c24: ee06 49ba | 716a bdc2 | 3002 0000 | 4d89 9760 

  0x00000230c2bd6c34: ;   {runtime_call SafepointBlob}
  0x00000230c2bd6c34: 0400 00e9 | a4f0 ee06 

  0x00000230c2bd6c3c: ;   {metadata(nullptr)}
  0x00000230c2bd6c3c: 48ba 0000 | 0000 0000 | 0000 b800 

  0x00000230c2bd6c48: ;   {runtime_call C1 Runtime load_klass_patching_blob}
  0x00000230c2bd6c48: 0f05 0ae8 

  0x00000230c2bd6c4c: ; ImmutableOopMap {}
                      ;*new {reexecute=1 rethrow=0 return_oop=0}
                      ; - (reexecute) java.lang.Object::wait@6 (line 377)
  0x00000230c2bd6c4c: 10d5 fa06 | e92b feff | ff48 8bd2 

  0x00000230c2bd6c58: ;   {runtime_call C1 Runtime fast_new_instance_blob}
  0x00000230c2bd6c58: e803 86fa 

  0x00000230c2bd6c5c: ; ImmutableOopMap {}
                      ;*new {reexecute=0 rethrow=0 return_oop=0}
                      ; - java.lang.Object::wait@6 (line 377)
  0x00000230c2bd6c5c: 06e9 76fe 

  0x00000230c2bd6c60: ;   {runtime_call C1 Runtime throw_null_pointer_exception_blob}
  0x00000230c2bd6c60: ffff e8f9 

  0x00000230c2bd6c64: ; ImmutableOopMap {rsi=Oop rax=Oop }
                      ;*invokevirtual getAndClearInterrupt {reexecute=0 rethrow=0 return_oop=0}
                      ; - java.lang.Object::wait@46 (line 385)
  0x00000230c2bd6c64: 7cfa 0648 | 8b74 2428 | e9a5 feff | ff49 8b87 | 0805 0000 | 49c7 8708 | 0500 0000 | 0000 0049 
  0x00000230c2bd6c84: c787 1005 | 0000 0000 | 0000 4883 

  0x00000230c2bd6c90: ;   {runtime_call C1 Runtime unwind_exception_blob}
  0x00000230c2bd6c90: c450 5de9 | c86d fa06 
[Stub Code]
  0x00000230c2bd6c98: ;   {no_reloc}
  0x00000230c2bd6c98: 48bb 0000 | 0000 0000 

  0x00000230c2bd6ca0: ;   {runtime_call nmethod}
  0x00000230c2bd6ca0: 0000 e9fb 

  0x00000230c2bd6ca4: ;   {static_stub}
  0x00000230c2bd6ca4: ffff ff48 | bb00 0000 | 0000 0000 

  0x00000230c2bd6cb0: ;   {runtime_call nmethod}
  0x00000230c2bd6cb0: 00e9 fbff 

  0x00000230c2bd6cb4: ;   {static_stub}
  0x00000230c2bd6cb4: ffff 48bb | 0000 0000 | 0000 0000 

  0x00000230c2bd6cc0: ;   {runtime_call nmethod}
  0x00000230c2bd6cc0: e9fb ffff 

  0x00000230c2bd6cc4: ;   {runtime_call C1 Runtime handle_exception_from_callee_blob}
  0x00000230c2bd6cc4: ffe8 969a 

  0x00000230c2bd6cc8: ;   {external_word}
  0x00000230c2bd6cc8: fa06 48b9 | f8eb b635 | ff7f 0000 | 4883 e4f0 

  0x00000230c2bd6cd8: ;   {runtime_call}
  0x00000230c2bd6cd8: 48b8 b0a9 | 7d35 ff7f | 0000 ffd0 

  0x00000230c2bd6ce4: ;   {section_word}
  0x00000230c2bd6ce4: f449 bae5 | 6cbd c230 | 0200 0041 

  0x00000230c2bd6cf0: ;   {runtime_call DeoptimizationBlob}
  0x00000230c2bd6cf0: 52e9 8ae5 | ee06 f4f4 
[/MachCode]


Compiled method (c1) 152054 3405  s!   3       org.graalvm.visualvm.lib.jfluid.server.ProfilerServer::getLastResponse (68 bytes)
 total in heap  [0x00000230c2b78688,0x00000230c2b79028] = 2464
 relocation     [0x00000230c2b78760,0x00000230c2b787e8] = 136
 main code      [0x00000230c2b78800,0x00000230c2b78fa8] = 1960
 stub code      [0x00000230c2b78fa8,0x00000230c2b79000] = 88
 oops           [0x00000230c2b79000,0x00000230c2b79008] = 8
 metadata       [0x00000230c2b79008,0x00000230c2b79028] = 32
 immutable data [0x00000230df77db10,0x00000230df77dc98] = 392
 dependencies   [0x00000230df77db10,0x00000230df77db20] = 16
 nul chk table  [0x00000230df77db20,0x00000230df77db30] = 16
 handler table  [0x00000230df77db30,0x00000230df77db88] = 88
 scopes pcs     [0x00000230df77db88,0x00000230df77dc38] = 176
 scopes data    [0x00000230df77dc38,0x00000230df77dc98] = 96

[Constant Pool (empty)]

[MachCode]
[Verified Entry Point]
  # {method} {0x0000023121945ed0} 'getLastResponse' '()Lorg/graalvm/visualvm/lib/jfluid/wireprotocol/Response;' in 'org/graalvm/visualvm/lib/jfluid/server/ProfilerServer'
  #           [sp+0x70]  (sp of caller)
  0x00000230c2b78800: 8984 2400 | 80ff ff55 | 4883 ec60 | 4181 7f20 | 0100 0000 

  0x00000230c2b78814: ;   {runtime_call StubRoutines (final stubs)}
  0x00000230c2b78814: 7405 e8e5 

  0x00000230c2b78818: ;   {oop(a 'java/lang/Class'{0x000000061acad070} = 'org/graalvm/visualvm/lib/jfluid/server/ProfilerServer')}
  0x00000230c2b78818: d0f2 0649 | b870 d0ca | 1a06 0000 | 0048 8d54 | 2438 4c89 | 4208 498b | 0041 8bb7 | 5806 0000 
  0x00000230c2b78838: 81fe a806 | 0000 0f8d | d005 0000 | 4d3b 4437 | f80f 8425 | 0000 00a8 | 020f 85bd | 0500 0048 
  0x00000230c2b78858: 8bf0 4883 | e6fe 4883 | c801 f049 | 0fb1 300f | 85a7 0500 | 0041 8bb7 | 5806 0000 | 4d89 0437 
  0x00000230c2b78878: 83c6 0841 | 89b7 5806 

  0x00000230c2b78880: ;   {metadata(method data for {method} {0x0000023121945ed0} 'getLastResponse' '()Lorg/graalvm/visualvm/lib/jfluid/wireprotocol/Response;' in 'org/graalvm/visualvm/lib/jfluid/server/ProfilerServer')}
  0x00000230c2b78880: 0000 48b8 | e85a 8c21 | 3102 0000 | 448b 80cc | 0000 0041 | 83c0 0244 | 8980 cc00 | 0000 4181 
  0x00000230c2b788a0: e0fe 0700 | 0045 85c0 | 0f84 7905 

  0x00000230c2b788ac: ;   {oop(a 'java/lang/Object'{0x000000061acad1a0})}
  0x00000230c2b788ac: 0000 49b8 | a0d1 ca1a | 0600 0000 | 488d 5424 | 484c 8942 | 0849 8b00 | 418b b758 | 0600 0081 
  0x00000230c2b788cc: fea8 0600 | 000f 8d71 | 0500 004d | 3b44 37f8 | 0f84 2500 | 0000 a802 | 0f85 5e05 | 0000 488b 
  0x00000230c2b788ec: f048 83e6 | fe48 83c8 | 01f0 490f | b130 0f85 | 4805 0000 | 418b b758 | 0600 004d | 8904 3783 
  0x00000230c2b7890c: c608 4189 | b758 0600 

  0x00000230c2b78914: ;   {oop(a 'java/lang/Class'{0x000000061acad070} = 'org/graalvm/visualvm/lib/jfluid/server/ProfilerServer')}
  0x00000230c2b78914: 0049 b870 | d0ca 1a06 | 0000 0045 | 8b80 f800 | 0000 49c1 | e003 4d85 

  0x00000230c2b7892c: ;   {metadata(method data for {method} {0x0000023121945ed0} 'getLastResponse' '()Lorg/graalvm/visualvm/lib/jfluid/wireprotocol/Response;' in 'org/graalvm/visualvm/lib/jfluid/server/ProfilerServer')}
  0x00000230c2b7892c: c049 b8e8 | 5a8c 2131 | 0200 00ba | 1001 0000 | 7505 ba20 | 0100 0049 | 8b34 1048 | 8d76 0149 
  0x00000230c2b7894c: 8934 100f | 852f 0300 | 00e9 b200 | 0000 660f | 1f44 0000 

  0x00000230c2b78960: ;   {metadata(method data for {method} {0x0000023121945ed0} 'getLastResponse' '()Lorg/graalvm/visualvm/lib/jfluid/wireprotocol/Response;' in 'org/graalvm/visualvm/lib/jfluid/server/ProfilerServer')}
  0x00000230c2b78960: 48b8 e85a | 8c21 3102 | 0000 ff80 | 6001 0000 | 41b8 0000 | 0000 e921 | 0000 0049 | 8b87 0805 
  0x00000230c2b78980: 0000 4d33 | d24d 8997 | 0805 0000 | 4d33 d24d | 8997 1005 | 0000 41b8 | 0100 0000 | 4585 c0ba 
  0x00000230c2b789a0: 0200 0000 | 7505 ba00 

  0x00000230c2b789a8: ;   {metadata(method data for {method} {0x0000023121945ed0} 'getLastResponse' '()Lorg/graalvm/visualvm/lib/jfluid/wireprotocol/Response;' in 'org/graalvm/visualvm/lib/jfluid/server/ProfilerServer')}
  0x00000230c2b789a8: 0000 0048 | bee8 5a8c | 2131 0200 | 008b bed0 | 0000 0003 | fa89 bed0 | 0000 0085 | d275 05bf 
  0x00000230c2b789c8: 0200 0000 | 81e7 fe3f | 0000 85ff | 0f84 8104 | 0000 4d8b 

  0x00000230c2b789dc: ; ImmutableOopMap {[64]=Oop [80]=Oop }
                      ;*ifne {reexecute=1 rethrow=0 return_oop=0}
                      ; - (reexecute) org.graalvm.visualvm.lib.jfluid.server.ProfilerServer::getLastResponse@29 (line 444)
                      ;   {poll}
  0x00000230c2b789dc: 5730 4185 | 0245 85c0 

  0x00000230c2b789e4: ;   {metadata(method data for {method} {0x0000023121945ed0} 'getLastResponse' '()Lorg/graalvm/visualvm/lib/jfluid/wireprotocol/Response;' in 'org/graalvm/visualvm/lib/jfluid/server/ProfilerServer')}
  0x00000230c2b789e4: 49b8 e85a | 8c21 3102 | 0000 ba88 | 0100 0074 | 05ba 7801 | 0000 498b | 3410 488d | 7601 4989 
  0x00000230c2b78a04: 3410 0f84 | 7501 0000 

  0x00000230c2b78a0c: ;   {oop(a 'java/lang/Object'{0x000000061acad1a0})}
  0x00000230c2b78a0c: 48ba a0d1 | ca1a 0600 | 0000 4c8b 

  0x00000230c2b78a18: ;   {metadata(method data for {method} {0x0000023121945ed0} 'getLastResponse' '()Lorg/graalvm/visualvm/lib/jfluid/wireprotocol/Response;' in 'org/graalvm/visualvm/lib/jfluid/server/ProfilerServer')}
  0x00000230c2b78a18: c248 bee8 | 5a8c 2131 | 0200 0045 | 8b40 0849 | ba00 0000 | e030 0200 | 004d 03c2 | 4c3b 8638 
  0x00000230c2b78a38: 0100 0075 | 0d48 8386 | 4001 0000 | 01e9 6000 | 0000 4c3b | 8648 0100 | 0075 0d48 | 8386 5001 
  0x00000230c2b78a58: 0000 01e9 | 4a00 0000 | 4883 be38 | 0100 0000 | 7517 4c89 | 8638 0100 | 0048 c786 | 4001 0000 
  0x00000230c2b78a78: 0100 0000 | e929 0000 | 0048 83be | 4801 0000 | 0075 174c | 8986 4801 | 0000 48c7 | 8650 0100 
  0x00000230c2b78a98: 0001 0000 | 00e9 0800 | 0000 4883 | 8630 0100 

  0x00000230c2b78aa8: ;   {metadata(method data for {method} {0x00000231218d8c18} 'wait' '()V' in 'java/lang/Object')}
  0x00000230c2b78aa8: 0001 49b8 | 2083 8d21 | 3102 0000 | 418b b0cc | 0000 0083 | c602 4189 | b0cc 0000 | 0081 e6fe 
  0x00000230c2b78ac8: ff1f 0085 | f60f 84a9 | 0300 004c 

  0x00000230c2b78ad4: ;   {metadata(method data for {method} {0x00000231218d8c18} 'wait' '()V' in 'java/lang/Object')}
  0x00000230c2b78ad4: 8bc2 48be | 2083 8d21 | 3102 0000 | 458b 4008 | 49ba 0000 | 00e0 3002 | 0000 4d03 | c24c 3b86 
  0x00000230c2b78af4: 1801 0000 | 750d 4883 | 8620 0100 | 0001 e960 | 0000 004c | 3b86 2801 | 0000 750d | 4883 8630 
  0x00000230c2b78b14: 0100 0001 | e94a 0000 | 0048 83be | 1801 0000 | 0075 174c | 8986 1801 | 0000 48c7 | 8620 0100 
  0x00000230c2b78b34: 0001 0000 | 00e9 2900 | 0000 4883 | be28 0100 | 0000 7517 | 4c89 8628 | 0100 0048 | c786 3001 
  0x00000230c2b78b54: 0000 0100 | 0000 e908 | 0000 0048 | 8386 1001 | 0000 0141 | b800 0000 

  0x00000230c2b78b6c: ;   {optimized virtual_call}
  0x00000230c2b78b6c: 0066 90e8 

  0x00000230c2b78b70: ; ImmutableOopMap {[64]=Oop [80]=Oop }
                      ;*invokevirtual wait {reexecute=0 rethrow=0 return_oop=0}
                      ; - java.lang.Object::wait@2 (line 351)
                      ; - org.graalvm.visualvm.lib.jfluid.server.ProfilerServer::getLastResponse@17 (line 438)
  0x00000230c2b78b70: 2cdc 0500 

  0x00000230c2b78b74: ;   {post_call_nop}
  0x00000230c2b78b74: 0f1f 8400 | ec04 0001 | e9df fdff 

  0x00000230c2b78b80: ;   {oop(a 'java/lang/Class'{0x000000061acad070} = 'org/graalvm/visualvm/lib/jfluid/server/ProfilerServer')}
  0x00000230c2b78b80: ff49 b870 | d0ca 1a06 | 0000 0045 | 8b80 f800 | 0000 49c1 | e003 4d85 

  0x00000230c2b78b98: ;   {metadata(method data for {method} {0x0000023121945ed0} 'getLastResponse' '()Lorg/graalvm/visualvm/lib/jfluid/wireprotocol/Response;' in 'org/graalvm/visualvm/lib/jfluid/server/ProfilerServer')}
  0x00000230c2b78b98: c049 b8e8 | 5a8c 2131 | 0200 00ba | 9801 0000 | 7505 baa8 | 0100 0049 | 8b34 1048 | 8d76 0149 
  0x00000230c2b78bb8: 8934 100f | 85c3 0000 

  0x00000230c2b78bc0: ;   {oop(a 'java/lang/Class'{0x00000007ffc7c4d8} = 'java/lang/System')}
  0x00000230c2b78bc0: 0049 b8d8 | c4c7 ff07 | 0000 0041 | 8b50 7448 | c1e2 0348 | 3b02 4c8b 

  0x00000230c2b78bd8: ;   {metadata(method data for {method} {0x0000023121945ed0} 'getLastResponse' '()Lorg/graalvm/visualvm/lib/jfluid/wireprotocol/Response;' in 'org/graalvm/visualvm/lib/jfluid/server/ProfilerServer')}
  0x00000230c2b78bd8: c248 bee8 | 5a8c 2131 | 0200 0045 | 8b40 0849 | ba00 0000 | e030 0200 | 004d 03c2 | 4c3b 86c0 
  0x00000230c2b78bf8: 0100 0075 | 0d48 8386 | c801 0000 | 01e9 6000 | 0000 4c3b | 86d0 0100 | 0075 0d48 | 8386 d801 
  0x00000230c2b78c18: 0000 01e9 | 4a00 0000 | 4883 bec0 | 0100 0000 | 7517 4c89 | 86c0 0100 | 0048 c786 | c801 0000 
  0x00000230c2b78c38: 0100 0000 | e929 0000 | 0048 83be | d001 0000 | 0075 174c | 8986 d001 | 0000 48c7 | 86d8 0100 
  0x00000230c2b78c58: 0001 0000 | 00e9 0800 | 0000 4883 | 86b8 0100 

  0x00000230c2b78c68: ;   {oop("Profiler Agent Error: lastResponse == null - internal error?"{0x000000061af691d0})}
  0x00000230c2b78c68: 0001 49b8 | d091 f61a | 0600 0000 

  0x00000230c2b78c74: ;   {optimized virtual_call}
  0x00000230c2b78c74: 6666 90e8 

  0x00000230c2b78c78: ; ImmutableOopMap {[64]=Oop [80]=Oop }
                      ;*invokevirtual println {reexecute=0 rethrow=0 return_oop=0}
                      ; - org.graalvm.visualvm.lib.jfluid.server.ProfilerServer::getLastResponse@43 (line 447)
  0x00000230c2b78c78: e45d f406 

  0x00000230c2b78c7c: ;   {post_call_nop}
  0x00000230c2b78c7c: 0f1f 8400 | f405 0002 

  0x00000230c2b78c84: ;   {oop(a 'java/lang/Class'{0x000000061acad070} = 'org/graalvm/visualvm/lib/jfluid/server/ProfilerServer')}
  0x00000230c2b78c84: 48b8 70d0 | ca1a 0600 | 0000 8bb0 | f800 0000 | 48c1 e603 | 410f be7f | 4885 ff0f | 85fd 0100 
  0x00000230c2b78ca4: 00c7 80f8 | 0000 0000 

  0x00000230c2b78cac: ;   {oop(a 'java/lang/Object'{0x000000061acad1a0})}
  0x00000230c2b78cac: 0000 0048 | b8a0 d1ca | 1a06 0000 | 0048 8d44 | 2448 488b | 5808 418b | bf58 0600 | 0049 3b5c 
  0x00000230c2b78ccc: 3ff8 0f85 | f001 0000 | 4183 af58 | 0600 0008 | 493b 5c3f | f00f 842a | 0000 0048 | 8b03 a802 
  0x00000230c2b78cec: 0f85 1200 | 0000 488b | f848 83cf | 01f0 480f | b13b 0f84 | 0d00 0000 | 4183 8758 | 0600 0008 
  0x00000230c2b78d0c: e9b3 0100 

  0x00000230c2b78d10: ;   {metadata(method data for {method} {0x0000023121945ed0} 'getLastResponse' '()Lorg/graalvm/visualvm/lib/jfluid/wireprotocol/Response;' in 'org/graalvm/visualvm/lib/jfluid/server/ProfilerServer')}
  0x00000230c2b78d10: 0048 b8e8 | 5a8c 2131 | 0200 00ff | 80e8 0100 | 0048 8d44 | 2438 488b | 5808 418b | bf58 0600 
  0x00000230c2b78d30: 0049 3b5c | 3ff8 0f85 | 9b01 0000 | 4183 af58 | 0600 0008 | 493b 5c3f | f00f 842a | 0000 0048 
  0x00000230c2b78d50: 8b03 a802 | 0f85 1200 | 0000 488b | f848 83cf | 01f0 480f | b13b 0f84 | 0d00 0000 | 4183 8758 
  0x00000230c2b78d70: 0600 0008 | e95e 0100 | 0048 8bc6 | 4883 c460 

  0x00000230c2b78d80: ;   {poll_return}
  0x00000230c2b78d80: 5d49 3b67 | 280f 875f | 0100 00c3 | 498b 8708 | 0500 004d | 33d2 4d89 | 9708 0500 | 004d 33d2 
  0x00000230c2b78da0: 4d89 9710 | 0500 0048 

  0x00000230c2b78da8: ;   {oop(a 'java/lang/Object'{0x000000061acad1a0})}
  0x00000230c2b78da8: 8bf0 48b8 | a0d1 ca1a | 0600 0000 | 488d 4424 | 4848 8b58 | 0841 8bbf | 5806 0000 | 493b 5c3f 
  0x00000230c2b78dc8: f80f 8531 | 0100 0041 | 83af 5806 | 0000 0849 | 3b5c 3ff0 | 0f84 2a00 | 0000 488b | 03a8 020f 
  0x00000230c2b78de8: 8512 0000 | 0048 8bf8 | 4883 cf01 | f048 0fb1 | 3b0f 840d | 0000 0041 | 8387 5806 | 0000 08e9 
  0x00000230c2b78e08: f400 0000 | 488b c6e9 | 1c01 0000 | 4c89 4424 | 0848 8914 

  0x00000230c2b78e1c: ;   {runtime_call C1 Runtime monitorenter_nofpu_blob}
  0x00000230c2b78e1c: 24e8 3e93 

  0x00000230c2b78e20: ; ImmutableOopMap {r8=Oop [64]=Oop }
                      ;*synchronization entry
                      ; - org.graalvm.visualvm.lib.jfluid.server.ProfilerServer::getLastResponse@-1 (line 429)
  0x00000230c2b78e20: 0007 e95b 

  0x00000230c2b78e24: ;   {metadata({method} {0x0000023121945ed0} 'getLastResponse' '()Lorg/graalvm/visualvm/lib/jfluid/wireprotocol/Response;' in 'org/graalvm/visualvm/lib/jfluid/server/ProfilerServer')}
  0x00000230c2b78e24: faff ff49 | bac8 5e94 | 2131 0200 | 004c 8954 | 2408 48c7 | 0424 ffff 

  0x00000230c2b78e3c: ;   {runtime_call C1 Runtime counter_overflow_blob}
  0x00000230c2b78e3c: ffff e89d 

  0x00000230c2b78e40: ; ImmutableOopMap {[64]=Oop }
                      ;*synchronization entry
                      ; - org.graalvm.visualvm.lib.jfluid.server.ProfilerServer::getLastResponse@-1 (line 429)
  0x00000230c2b78e40: c300 07e9 | 66fa ffff | 4c89 4424 | 0848 8914 

  0x00000230c2b78e50: ;   {runtime_call C1 Runtime monitorenter_nofpu_blob}
  0x00000230c2b78e50: 24e8 0a93 

  0x00000230c2b78e54: ; ImmutableOopMap {r8=Oop [64]=Oop [80]=Oop }
                      ;*monitorenter {reexecute=0 rethrow=0 return_oop=0}
                      ; - org.graalvm.visualvm.lib.jfluid.server.ProfilerServer::getLastResponse@5 (line 429)
  0x00000230c2b78e54: 0007 e9ba 

  0x00000230c2b78e58: ;   {metadata({method} {0x0000023121945ed0} 'getLastResponse' '()Lorg/graalvm/visualvm/lib/jfluid/wireprotocol/Response;' in 'org/graalvm/visualvm/lib/jfluid/server/ProfilerServer')}
  0x00000230c2b78e58: faff ff49 | bac8 5e94 | 2131 0200 | 004c 8954 | 2408 48c7 | 0424 1d00 

  0x00000230c2b78e70: ;   {runtime_call C1 Runtime counter_overflow_blob}
  0x00000230c2b78e70: 0000 e869 

  0x00000230c2b78e74: ; ImmutableOopMap {[64]=Oop [80]=Oop }
                      ;*ifne {reexecute=1 rethrow=0 return_oop=0}
                      ; - (reexecute) org.graalvm.visualvm.lib.jfluid.server.ProfilerServer::getLastResponse@29 (line 444)
  0x00000230c2b78e74: c300 07e9 | 5efb ffff 

  0x00000230c2b78e7c: ;   {metadata({method} {0x00000231218d8c18} 'wait' '()V' in 'java/lang/Object')}
  0x00000230c2b78e7c: 49ba 108c | 8d21 3102 | 0000 4c89 | 5424 0848 | c704 24ff 

  0x00000230c2b78e90: ;   {runtime_call C1 Runtime counter_overflow_blob}
  0x00000230c2b78e90: ffff ffe8 

  0x00000230c2b78e94: ; ImmutableOopMap {rdx=Oop [64]=Oop [80]=Oop }
                      ;*synchronization entry
                      ; - java.lang.Object::wait@-1 (line 351)
                      ; - org.graalvm.visualvm.lib.jfluid.server.ProfilerServer::getLastResponse@17 (line 438)
  0x00000230c2b78e94: 48c3 0007 | e936 fcff 

  0x00000230c2b78e9c: ;   {runtime_call C1 Runtime throw_null_pointer_exception_blob}
  0x00000230c2b78e9c: ffe8 be5a 

  0x00000230c2b78ea0: ; ImmutableOopMap {rdx=Oop [64]=Oop [80]=Oop }
                      ;*invokevirtual println {reexecute=0 rethrow=0 return_oop=0}
                      ; - org.graalvm.visualvm.lib.jfluid.server.ProfilerServer::getLastResponse@43 (line 447)
  0x00000230c2b78ea0: 0007 8bb8 | f800 0000 | 48c1 e703 | 4883 ff00 | 0f84 effd | ffff 4889 

  0x00000230c2b78eb8: ;   {runtime_call g1_pre_barrier_slow}
  0x00000230c2b78eb8: 3c24 e821 | c900 07e9 | e1fd ffff | 488d 4424 | 4848 8904 

  0x00000230c2b78ecc: ;   {runtime_call C1 Runtime monitorexit_nofpu_blob}
  0x00000230c2b78ecc: 24e8 8e9c | 0007 e93a | feff ff48 | 8d44 2438 | 4889 0424 

  0x00000230c2b78ee0: ;   {runtime_call C1 Runtime monitorexit_nofpu_blob}
  0x00000230c2b78ee0: e87b 9c00 | 07e9 8ffe 

  0x00000230c2b78ee8: ;   {internal_word}
  0x00000230c2b78ee8: ffff 49ba | 818d b7c2 | 3002 0000 | 4d89 9760 

  0x00000230c2b78ef8: ;   {runtime_call SafepointBlob}
  0x00000230c2b78ef8: 0400 00e9 | e0cd f406 | 488d 4424 | 4848 8904 

  0x00000230c2b78f08: ;   {runtime_call C1 Runtime monitorexit_nofpu_blob}
  0x00000230c2b78f08: 24e8 529c | 0007 e9f9 | feff ff49 | 8b87 0805 | 0000 49c7 | 8708 0500 | 0000 0000 | 0049 c787 
  0x00000230c2b78f28: 1005 0000 | 0000 0000 | 488b d848 | 8d44 2438 | 488b 7008 | 418b bf58 | 0600 0049 | 3b74 3ff8 
  0x00000230c2b78f48: 0f85 4a00 | 0000 4183 | af58 0600 | 0008 493b | 743f f00f | 842a 0000 | 0048 8b06 | a802 0f85 
  0x00000230c2b78f68: 1200 0000 | 488b f848 | 83cf 01f0 | 480f b13e | 0f84 0d00 | 0000 4183 | 8758 0600 | 0008 e90d 
  0x00000230c2b78f88: 0000 0048 | 8bc3 4883 

  0x00000230c2b78f90: ;   {runtime_call C1 Runtime unwind_exception_blob}
  0x00000230c2b78f90: c460 5de9 | c84a 0007 | 488d 4424 | 3848 8904 

  0x00000230c2b78fa0: ;   {runtime_call C1 Runtime monitorexit_nofpu_blob}
  0x00000230c2b78fa0: 24e8 ba9b | 0007 ebe3 
[Stub Code]
  0x00000230c2b78fa8: ;   {no_reloc}
  0x00000230c2b78fa8: 0f1f 4400 

  0x00000230c2b78fac: ;   {static_stub}
  0x00000230c2b78fac: 0048 bb00 | 0000 0000 

  0x00000230c2b78fb4: ;   {runtime_call nmethod}
  0x00000230c2b78fb4: 0000 00e9 | fbff ffff 

  0x00000230c2b78fbc: ;   {static_stub}
  0x00000230c2b78fbc: 48bb 308d | 8d21 3102 

  0x00000230c2b78fc4: ;   {runtime_call I2C/C2I adapters}
  0x00000230c2b78fc4: 0000 e9eb 

  0x00000230c2b78fc8: ;   {runtime_call C1 Runtime handle_exception_from_callee_blob}
  0x00000230c2b78fc8: d7f4 06e8 | 9077 0007 

  0x00000230c2b78fd0: ;   {external_word}
  0x00000230c2b78fd0: 48b9 f8eb | b635 ff7f | 0000 4883 

  0x00000230c2b78fdc: ;   {runtime_call}
  0x00000230c2b78fdc: e4f0 48b8 | b0a9 7d35 | ff7f 0000 

  0x00000230c2b78fe8: ;   {section_word}
  0x00000230c2b78fe8: ffd0 f449 | baeb 8fb7 | c230 0200 

  0x00000230c2b78ff4: ;   {runtime_call DeoptimizationBlob}
  0x00000230c2b78ff4: 0041 52e9 | 84c2 f406 | f4f4 f4f4 
[/MachCode]


---------------  P R O C E S S  ---------------

Threads class SMR info:
_java_thread_list=0x00000230dfcf7b40, length=26, elements={
0x00000230dc2ee310, 0x00000230dc2eec50, 0x00000230dc2f34e0, 0x00000230dc2f4140,
0x00000230dc2f69c0, 0x00000230dc2f74f0, 0x00000230dc308360, 0x00000230dc30de10,
0x00000230df42c050, 0x00000230df66ad10, 0x00000230df66b450, 0x00000230dfb36830,
0x00000231261eece0, 0x00000231266d53c0, 0x0000023126443bc0, 0x00000231262c2bb0,
0x00000231262c3790, 0x000002312646b3f0, 0x000002312646a550, 0x00000230df7e1930,
0x00000230df7e27d0, 0x00000230df7e2f20, 0x00000230df7e11e0, 0x00000230df7e4c60,
0x00000230dfbd6a50, 0x00000230df7e53b0
}

Java Threads: ( => current thread )
  0x00000230dc2ee310 JavaThread "Reference Handler"          daemon [_thread_blocked, id=10920, stack(0x0000003534000000,0x0000003534100000) (1024K)]
  0x00000230dc2eec50 JavaThread "Finalizer"                  daemon [_thread_blocked, id=17020, stack(0x0000003534100000,0x0000003534200000) (1024K)]
  0x00000230dc2f34e0 JavaThread "Signal Dispatcher"          daemon [_thread_blocked, id=6544, stack(0x0000003534200000,0x0000003534300000) (1024K)]
  0x00000230dc2f4140 JavaThread "Attach Listener"            daemon [_thread_blocked, id=9832, stack(0x0000003534300000,0x0000003534400000) (1024K)]
  0x00000230dc2f69c0 JavaThread "Service Thread"             daemon [_thread_blocked, id=21016, stack(0x0000003534400000,0x0000003534500000) (1024K)]
  0x00000230dc2f74f0 JavaThread "Monitor Deflation Thread"   daemon [_thread_blocked, id=5952, stack(0x0000003534500000,0x0000003534600000) (1024K)]
  0x00000230dc308360 JavaThread "C2 CompilerThread0"         daemon [_thread_blocked, id=14856, stack(0x0000003534600000,0x0000003534700000) (1024K)]
  0x00000230dc30de10 JavaThread "C1 CompilerThread0"         daemon [_thread_blocked, id=14156, stack(0x0000003534700000,0x0000003534800000) (1024K)]
  0x00000230df42c050 JavaThread "Common-Cleaner"             daemon [_thread_blocked, id=2496, stack(0x0000003534800000,0x0000003534900000) (1024K)]
  0x00000230df66ad10 JavaThread "Monitor Ctrl-Break"         daemon [_thread_in_native, id=16636, stack(0x0000003534d00000,0x0000003534e00000) (1024K)]
  0x00000230df66b450 JavaThread "Notification Thread"        daemon [_thread_blocked, id=12648, stack(0x0000003534e00000,0x0000003534f00000) (1024K)]
  0x00000230dfb36830 JavaThread "JFR Recorder Thread"        daemon [_thread_in_native, id=25280, stack(0x0000003534b00000,0x0000003534c00000) (1024K)]
  0x00000231261eece0 JavaThread "JFR Periodic Tasks"         daemon [_thread_blocked, id=17628, stack(0x0000003535600000,0x0000003535700000) (1024K)]
  0x00000231266d53c0 JavaThread "RMI TCP Accept-0"           daemon [_thread_in_native, id=9884, stack(0x0000003535300000,0x0000003535400000) (1024K)]
  0x0000023126443bc0 JavaThread "RMI TCP Connection(idle)"   daemon [_thread_blocked, id=24764, stack(0x0000003535400000,0x0000003535500000) (1024K)]
  0x00000231262c2bb0 JavaThread "RMI Scheduler(0)"           daemon [_thread_blocked, id=16308, stack(0x0000003535700000,0x0000003535800000) (1024K)]
  0x00000231262c3790 JavaThread "JMX server connection timeout 46" daemon [_thread_blocked, id=5556, stack(0x0000003535800000,0x0000003535900000) (1024K)]
  0x000002312646b3f0 JavaThread "RMI TCP Connection(2)-192.168.0.102" daemon [_thread_in_native, id=3220, stack(0x0000003535900000,0x0000003535a00000) (1024K)]
  0x000002312646a550 JavaThread "VirtualThread-unblocker"    daemon [_thread_blocked, id=19348, stack(0x0000003535100000,0x0000003535200000) (1024K)]
  0x00000230df7e1930 JavaThread "*** Profiler Agent Communication Thread" daemon [_thread_blocked, id=8720, stack(0x0000003534a00000,0x0000003534b00000) (1024K)]
  0x00000230df7e27d0 JavaThread "*** JFluid Monitor thread ***" daemon [_thread_blocked, id=15532, stack(0x0000003535000000,0x0000003535100000) (1024K)]
  0x00000230df7e2f20 JavaThread "*** Profiler Agent Special Execution Thread 6" daemon [_thread_blocked, id=16688, stack(0x0000003535200000,0x0000003535300000) (1024K)]
  0x00000230df7e11e0 JavaThread "*** Profiler Agent Special Execution Thread 3" daemon [_thread_blocked, id=20844, stack(0x0000003534900000,0x0000003534a00000) (1024K)]
  0x00000230df7e4c60 JavaThread "JMH-Shutdown-Timeout"       daemon [_thread_blocked, id=23016, stack(0x0000003533600000,0x0000003533700000) (1024K)]
  0x00000230dfbd6a50 JavaThread "C1 CompilerThread1"         daemon [_thread_blocked, id=24804, stack(0x0000003533500000,0x0000003533600000) (1024K)]
=>0x00000230df7e53b0 JavaThread "<no-name - thread is attaching>"        [_thread_in_vm, id=12020, stack(0x0000003533800000,0x0000003533900000) (1024K)]
Total: 26

Other Threads:
  0x00000230dc2de780 VMThread "VM Thread"                           [id=24012, stack(0x0000003533f00000,0x0000003534000000) (1024K)]
  0x00000230dc22dfd0 WatcherThread "VM Periodic Task Thread"        [id=17352, stack(0x0000003533e00000,0x0000003533f00000) (1024K)]
  0x00000230b9e27b70 WorkerThread "GC Thread#0"                     [id=18500, stack(0x0000003533900000,0x0000003533a00000) (1024K)]
  0x00000230df3eeb60 WorkerThread "GC Thread#1"                     [id=7224, stack(0x0000003535500000,0x0000003535600000) (1024K)]
  0x00000230df3eef10 WorkerThread "GC Thread#2"                     [id=9584, stack(0x0000003535a00000,0x0000003535b00000) (1024K)]
  0x00000230df8b3c30 WorkerThread "GC Thread#3"                     [id=10384, stack(0x0000003535b00000,0x0000003535c00000) (1024K)]
  0x00000230df8b3fe0 WorkerThread "GC Thread#4"                     [id=17548, stack(0x0000003535c00000,0x0000003535d00000) (1024K)]
  0x00000230df8b4390 WorkerThread "GC Thread#5"                     [id=10340, stack(0x0000003535d00000,0x0000003535e00000) (1024K)]
  0x00000230df48d4a0 WorkerThread "GC Thread#6"                     [id=23924, stack(0x0000003535e00000,0x0000003535f00000) (1024K)]
  0x00000230df48d850 WorkerThread "GC Thread#7"                     [id=15576, stack(0x0000003535f00000,0x0000003536000000) (1024K)]
  0x00000230df48dc00 WorkerThread "GC Thread#8"                     [id=24184, stack(0x0000003536000000,0x0000003536100000) (1024K)]
  0x00000230df48cd40 WorkerThread "GC Thread#9"                     [id=24324, stack(0x0000003536100000,0x0000003536200000) (1024K)]
  0x00000230df48d0f0 WorkerThread "GC Thread#10"                    [id=3848, stack(0x0000003536200000,0x0000003536300000) (1024K)]
  0x00000230df48c990 WorkerThread "GC Thread#11"                    [id=11660, stack(0x0000003536300000,0x0000003536400000) (1024K)]
  0x00000230b9e3d610 ConcurrentGCThread "G1 Main Marker"            [id=18584, stack(0x0000003533a00000,0x0000003533b00000) (1024K)]
  0x00000230b9e3e030 WorkerThread "G1 Conc#0"                       [id=15136, stack(0x0000003533b00000,0x0000003533c00000) (1024K)]
  0x00000230dc223040 ConcurrentGCThread "G1 Refine#0"               [id=17524, stack(0x0000003533c00000,0x0000003533d00000) (1024K)]
  0x00000230dc224980 ConcurrentGCThread "G1 Service"                [id=8300, stack(0x0000003533d00000,0x0000003533e00000) (1024K)]
Total: 18

Threads with active compile tasks:
Total: 0

VM state: not at safepoint (normal execution)

VM Mutex/Monitor currently owned by a thread: None

Heap address: 0x0000000605c00000, size: 8100 MB, Compressed Oops mode: Zero based, Oop shift amount: 3

CDS archive(s) mapped at: [0x00000230e0000000-0x00000230e0d40000-0x00000230e0d40000), size 13893632, SharedBaseAddress: 0x00000230e0000000, ArchiveRelocationMode: 1.
Compressed class space mapped at: 0x00000230e1000000-0x0000023121000000, reserved size: 1073741824
UseCompressedClassPointers 1, UseCompactObjectHeaders 0
Narrow klass pointer bits 32, Max shift 3
Narrow klass base: 0x00000230e0000000, Narrow klass shift: 0
Encoding Range: [0x00000230e0000000 - 0x00000231e0000000), (4294967296 bytes)
Klass Range:    [0x00000230e0000000 - 0x0000023121000000), (1090519040 bytes)
Klass ID Range:  [8 - 1090519033) (1090519025)

GC Precious Log:
 CardTable entry size: 512
 Card Set container configuration: InlinePtr #cards 4 size 8 Array Of Cards #cards 32 size 80 Howl #buckets 8 coarsen threshold 7372 Howl Bitmap #cards 1024 size 144 coarsen threshold 921 Card regions per heap region 1 cards per card region 8192
 CPUs: 20 total, 20 available
 Memory: 32387M
 Large Page Support: Disabled
 NUMA Support: Disabled
 Compressed Oops: Enabled (Zero based)
 Heap Region Size: 4M
 Heap Min Capacity: 8M
 Heap Initial Capacity: 508M
 Heap Max Capacity: 8100M
 Pre-touch: Disabled
 Parallel Workers: 15
 Concurrent Workers: 4
 Concurrent Refinement Workers: 15
 Periodic GC: Disabled

Heap:
 garbage-first heap   total reserved 8294400K, committed 524288K, used 51276K [0x0000000605c00000, 0x0000000800000000)
  region size 4096K, 14 young (57344K), 5 survivors (20480K)
 Metaspace       used 10895K, committed 11264K, reserved 1114112K
  class space    used 968K, committed 1152K, reserved 1048576K

Heap Regions: E=young(eden), S=young(survivor), O=old, HS=humongous(starts), HC=humongous(continues), CS=collection set, F=free, TAMS=top-at-mark-start, PB=parsable bottom
|   0|0x0000000605c00000, 0x0000000605c00000, 0x0000000606000000|  0%| F|  |TAMS 0x0000000605c00000| PB 0x0000000605c00000| Untracked |  0
|   1|0x0000000606000000, 0x0000000606000000, 0x0000000606400000|  0%| F|  |TAMS 0x0000000606000000| PB 0x0000000606000000| Untracked |  0
|   2|0x0000000606400000, 0x0000000606400000, 0x0000000606800000|  0%| F|  |TAMS 0x0000000606400000| PB 0x0000000606400000| Untracked |  0
|   3|0x0000000606800000, 0x0000000606800000, 0x0000000606c00000|  0%| F|  |TAMS 0x0000000606800000| PB 0x0000000606800000| Untracked |  0
|   4|0x0000000606c00000, 0x0000000606c00000, 0x0000000607000000|  0%| F|  |TAMS 0x0000000606c00000| PB 0x0000000606c00000| Untracked |  0
|   5|0x0000000607000000, 0x0000000607000000, 0x0000000607400000|  0%| F|  |TAMS 0x0000000607000000| PB 0x0000000607000000| Untracked |  0
|   6|0x0000000607400000, 0x0000000607400000, 0x0000000607800000|  0%| F|  |TAMS 0x0000000607400000| PB 0x0000000607400000| Untracked |  0
|   7|0x0000000607800000, 0x0000000607800000, 0x0000000607c00000|  0%| F|  |TAMS 0x0000000607800000| PB 0x0000000607800000| Untracked |  0
|   8|0x0000000607c00000, 0x0000000607c00000, 0x0000000608000000|  0%| F|  |TAMS 0x0000000607c00000| PB 0x0000000607c00000| Untracked |  0
|   9|0x0000000608000000, 0x0000000608000000, 0x0000000608400000|  0%| F|  |TAMS 0x0000000608000000| PB 0x0000000608000000| Untracked |  0
|  10|0x0000000608400000, 0x0000000608400000, 0x0000000608800000|  0%| F|  |TAMS 0x0000000608400000| PB 0x0000000608400000| Untracked |  0
|  11|0x0000000608800000, 0x0000000608800000, 0x0000000608c00000|  0%| F|  |TAMS 0x0000000608800000| PB 0x0000000608800000| Untracked |  0
|  12|0x0000000608c00000, 0x0000000608c00000, 0x0000000609000000|  0%| F|  |TAMS 0x0000000608c00000| PB 0x0000000608c00000| Untracked |  0
|  13|0x0000000609000000, 0x0000000609000000, 0x0000000609400000|  0%| F|  |TAMS 0x0000000609000000| PB 0x0000000609000000| Untracked |  0
|  14|0x0000000609400000, 0x0000000609400000, 0x0000000609800000|  0%| F|  |TAMS 0x0000000609400000| PB 0x0000000609400000| Untracked |  0
|  15|0x0000000609800000, 0x0000000609800000, 0x0000000609c00000|  0%| F|  |TAMS 0x0000000609800000| PB 0x0000000609800000| Untracked |  0
|  16|0x0000000609c00000, 0x0000000609c00000, 0x000000060a000000|  0%| F|  |TAMS 0x0000000609c00000| PB 0x0000000609c00000| Untracked |  0
|  17|0x000000060a000000, 0x000000060a000000, 0x000000060a400000|  0%| F|  |TAMS 0x000000060a000000| PB 0x000000060a000000| Untracked |  0
|  18|0x000000060a400000, 0x000000060a400000, 0x000000060a800000|  0%| F|  |TAMS 0x000000060a400000| PB 0x000000060a400000| Untracked |  0
|  19|0x000000060a800000, 0x000000060a800000, 0x000000060ac00000|  0%| F|  |TAMS 0x000000060a800000| PB 0x000000060a800000| Untracked |  0
|  20|0x000000060ac00000, 0x000000060ac00000, 0x000000060b000000|  0%| F|  |TAMS 0x000000060ac00000| PB 0x000000060ac00000| Untracked |  0
|  21|0x000000060b000000, 0x000000060b000000, 0x000000060b400000|  0%| F|  |TAMS 0x000000060b000000| PB 0x000000060b000000| Untracked |  0
|  22|0x000000060b400000, 0x000000060b400000, 0x000000060b800000|  0%| F|  |TAMS 0x000000060b400000| PB 0x000000060b400000| Untracked |  0
|  23|0x000000060b800000, 0x000000060b800000, 0x000000060bc00000|  0%| F|  |TAMS 0x000000060b800000| PB 0x000000060b800000| Untracked |  0
|  24|0x000000060bc00000, 0x000000060bc00000, 0x000000060c000000|  0%| F|  |TAMS 0x000000060bc00000| PB 0x000000060bc00000| Untracked |  0
|  25|0x000000060c000000, 0x000000060c000000, 0x000000060c400000|  0%| F|  |TAMS 0x000000060c000000| PB 0x000000060c000000| Untracked |  0
|  26|0x000000060c400000, 0x000000060c400000, 0x000000060c800000|  0%| F|  |TAMS 0x000000060c400000| PB 0x000000060c400000| Untracked |  0
|  27|0x000000060c800000, 0x000000060c800000, 0x000000060cc00000|  0%| F|  |TAMS 0x000000060c800000| PB 0x000000060c800000| Untracked |  0
|  28|0x000000060cc00000, 0x000000060cc00000, 0x000000060d000000|  0%| F|  |TAMS 0x000000060cc00000| PB 0x000000060cc00000| Untracked |  0
|  29|0x000000060d000000, 0x000000060d000000, 0x000000060d400000|  0%| F|  |TAMS 0x000000060d000000| PB 0x000000060d000000| Untracked |  0
|  30|0x000000060d400000, 0x000000060d400000, 0x000000060d800000|  0%| F|  |TAMS 0x000000060d400000| PB 0x000000060d400000| Untracked |  0
|  31|0x000000060d800000, 0x000000060d800000, 0x000000060dc00000|  0%| F|  |TAMS 0x000000060d800000| PB 0x000000060d800000| Untracked |  0
|  32|0x000000060dc00000, 0x000000060dc00000, 0x000000060e000000|  0%| F|  |TAMS 0x000000060dc00000| PB 0x000000060dc00000| Untracked |  0
|  33|0x000000060e000000, 0x000000060e000000, 0x000000060e400000|  0%| F|  |TAMS 0x000000060e000000| PB 0x000000060e000000| Untracked |  0
|  34|0x000000060e400000, 0x000000060e400000, 0x000000060e800000|  0%| F|  |TAMS 0x000000060e400000| PB 0x000000060e400000| Untracked |  0
|  35|0x000000060e800000, 0x000000060e800000, 0x000000060ec00000|  0%| F|  |TAMS 0x000000060e800000| PB 0x000000060e800000| Untracked |  0
|  36|0x000000060ec00000, 0x000000060ec00000, 0x000000060f000000|  0%| F|  |TAMS 0x000000060ec00000| PB 0x000000060ec00000| Untracked |  0
|  37|0x000000060f000000, 0x000000060f000000, 0x000000060f400000|  0%| F|  |TAMS 0x000000060f000000| PB 0x000000060f000000| Untracked |  0
|  38|0x000000060f400000, 0x000000060f400000, 0x000000060f800000|  0%| F|  |TAMS 0x000000060f400000| PB 0x000000060f400000| Untracked |  0
|  39|0x000000060f800000, 0x000000060f800000, 0x000000060fc00000|  0%| F|  |TAMS 0x000000060f800000| PB 0x000000060f800000| Untracked |  0
|  40|0x000000060fc00000, 0x000000060fc00000, 0x0000000610000000|  0%| F|  |TAMS 0x000000060fc00000| PB 0x000000060fc00000| Untracked |  0
|  41|0x0000000610000000, 0x0000000610000000, 0x0000000610400000|  0%| F|  |TAMS 0x0000000610000000| PB 0x0000000610000000| Untracked |  0
|  42|0x0000000610400000, 0x0000000610400000, 0x0000000610800000|  0%| F|  |TAMS 0x0000000610400000| PB 0x0000000610400000| Untracked |  0
|  43|0x0000000610800000, 0x0000000610800000, 0x0000000610c00000|  0%| F|  |TAMS 0x0000000610800000| PB 0x0000000610800000| Untracked |  0
|  44|0x0000000610c00000, 0x0000000610c00000, 0x0000000611000000|  0%| F|  |TAMS 0x0000000610c00000| PB 0x0000000610c00000| Untracked |  0
|  45|0x0000000611000000, 0x0000000611000000, 0x0000000611400000|  0%| F|  |TAMS 0x0000000611000000| PB 0x0000000611000000| Untracked |  0
|  46|0x0000000611400000, 0x0000000611400000, 0x0000000611800000|  0%| F|  |TAMS 0x0000000611400000| PB 0x0000000611400000| Untracked |  0
|  47|0x0000000611800000, 0x0000000611800000, 0x0000000611c00000|  0%| F|  |TAMS 0x0000000611800000| PB 0x0000000611800000| Untracked |  0
|  48|0x0000000611c00000, 0x0000000611c00000, 0x0000000612000000|  0%| F|  |TAMS 0x0000000611c00000| PB 0x0000000611c00000| Untracked |  0
|  49|0x0000000612000000, 0x0000000612000000, 0x0000000612400000|  0%| F|  |TAMS 0x0000000612000000| PB 0x0000000612000000| Untracked |  0
|  50|0x0000000612400000, 0x0000000612400000, 0x0000000612800000|  0%| F|  |TAMS 0x0000000612400000| PB 0x0000000612400000| Untracked |  0
|  51|0x0000000612800000, 0x0000000612800000, 0x0000000612c00000|  0%| F|  |TAMS 0x0000000612800000| PB 0x0000000612800000| Untracked |  0
|  52|0x0000000612c00000, 0x0000000612c00000, 0x0000000613000000|  0%| F|  |TAMS 0x0000000612c00000| PB 0x0000000612c00000| Untracked |  0
|  53|0x0000000613000000, 0x0000000613000000, 0x0000000613400000|  0%| F|  |TAMS 0x0000000613000000| PB 0x0000000613000000| Untracked |  0
|  54|0x0000000613400000, 0x0000000613400000, 0x0000000613800000|  0%| F|  |TAMS 0x0000000613400000| PB 0x0000000613400000| Untracked |  0
|  55|0x0000000613800000, 0x0000000613800000, 0x0000000613c00000|  0%| F|  |TAMS 0x0000000613800000| PB 0x0000000613800000| Untracked |  0
|  56|0x0000000613c00000, 0x0000000613c00000, 0x0000000614000000|  0%| F|  |TAMS 0x0000000613c00000| PB 0x0000000613c00000| Untracked |  0
|  57|0x0000000614000000, 0x0000000614000000, 0x0000000614400000|  0%| F|  |TAMS 0x0000000614000000| PB 0x0000000614000000| Untracked |  0
|  58|0x0000000614400000, 0x0000000614400000, 0x0000000614800000|  0%| F|  |TAMS 0x0000000614400000| PB 0x0000000614400000| Untracked |  0
|  59|0x0000000614800000, 0x0000000614800000, 0x0000000614c00000|  0%| F|  |TAMS 0x0000000614800000| PB 0x0000000614800000| Untracked |  0
|  60|0x0000000614c00000, 0x0000000614c00000, 0x0000000615000000|  0%| F|  |TAMS 0x0000000614c00000| PB 0x0000000614c00000| Untracked |  0
|  61|0x0000000615000000, 0x0000000615000000, 0x0000000615400000|  0%| F|  |TAMS 0x0000000615000000| PB 0x0000000615000000| Untracked |  0
|  62|0x0000000615400000, 0x0000000615400000, 0x0000000615800000|  0%| F|  |TAMS 0x0000000615400000| PB 0x0000000615400000| Untracked |  0
|  63|0x0000000615800000, 0x0000000615800000, 0x0000000615c00000|  0%| F|  |TAMS 0x0000000615800000| PB 0x0000000615800000| Untracked |  0
|  64|0x0000000615c00000, 0x0000000615c00000, 0x0000000616000000|  0%| F|  |TAMS 0x0000000615c00000| PB 0x0000000615c00000| Untracked |  0
|  65|0x0000000616000000, 0x0000000616000000, 0x0000000616400000|  0%| F|  |TAMS 0x0000000616000000| PB 0x0000000616000000| Untracked |  0
|  66|0x0000000616400000, 0x0000000616400000, 0x0000000616800000|  0%| F|  |TAMS 0x0000000616400000| PB 0x0000000616400000| Untracked |  0
|  67|0x0000000616800000, 0x0000000616800000, 0x0000000616c00000|  0%| F|  |TAMS 0x0000000616800000| PB 0x0000000616800000| Untracked |  0
|  68|0x0000000616c00000, 0x0000000616c00000, 0x0000000617000000|  0%| F|  |TAMS 0x0000000616c00000| PB 0x0000000616c00000| Untracked |  0
|  69|0x0000000617000000, 0x0000000617000000, 0x0000000617400000|  0%| F|  |TAMS 0x0000000617000000| PB 0x0000000617000000| Untracked |  0
|  70|0x0000000617400000, 0x0000000617400000, 0x0000000617800000|  0%| F|  |TAMS 0x0000000617400000| PB 0x0000000617400000| Untracked |  0
|  71|0x0000000617800000, 0x0000000617800000, 0x0000000617c00000|  0%| F|  |TAMS 0x0000000617800000| PB 0x0000000617800000| Untracked |  0
|  72|0x0000000617c00000, 0x0000000617c00000, 0x0000000618000000|  0%| F|  |TAMS 0x0000000617c00000| PB 0x0000000617c00000| Untracked |  0
|  73|0x0000000618000000, 0x0000000618000000, 0x0000000618400000|  0%| F|  |TAMS 0x0000000618000000| PB 0x0000000618000000| Untracked |  0
|  74|0x0000000618400000, 0x0000000618400000, 0x0000000618800000|  0%| F|  |TAMS 0x0000000618400000| PB 0x0000000618400000| Untracked |  0
|  75|0x0000000618800000, 0x0000000618800000, 0x0000000618c00000|  0%| F|  |TAMS 0x0000000618800000| PB 0x0000000618800000| Untracked |  0
|  76|0x0000000618c00000, 0x0000000618c00000, 0x0000000619000000|  0%| F|  |TAMS 0x0000000618c00000| PB 0x0000000618c00000| Untracked |  0
|  77|0x0000000619000000, 0x0000000619000000, 0x0000000619400000|  0%| F|  |TAMS 0x0000000619000000| PB 0x0000000619000000| Untracked |  0
|  78|0x0000000619400000, 0x0000000619400000, 0x0000000619800000|  0%| F|  |TAMS 0x0000000619400000| PB 0x0000000619400000| Untracked |  0
|  79|0x0000000619800000, 0x0000000619800000, 0x0000000619c00000|  0%| F|  |TAMS 0x0000000619800000| PB 0x0000000619800000| Untracked |  0
|  80|0x0000000619c00000, 0x0000000619cf5d98, 0x000000061a000000| 24%| S|CS|TAMS 0x0000000619c00000| PB 0x0000000619c00000| Complete |  0
|  81|0x000000061a000000, 0x000000061a400000, 0x000000061a400000|100%| S|CS|TAMS 0x000000061a000000| PB 0x000000061a000000| Complete |  0
|  82|0x000000061a400000, 0x000000061a800000, 0x000000061a800000|100%| S|CS|TAMS 0x000000061a400000| PB 0x000000061a400000| Complete |  0
|  83|0x000000061a800000, 0x000000061ac00000, 0x000000061ac00000|100%| S|CS|TAMS 0x000000061a800000| PB 0x000000061a800000| Complete |  0
|  84|0x000000061ac00000, 0x000000061b000000, 0x000000061b000000|100%| S|CS|TAMS 0x000000061ac00000| PB 0x000000061ac00000| Complete |  0
|  85|0x000000061b000000, 0x000000061b000000, 0x000000061b400000|  0%| F|  |TAMS 0x000000061b000000| PB 0x000000061b000000| Untracked |  0
|  86|0x000000061b400000, 0x000000061b400000, 0x000000061b800000|  0%| F|  |TAMS 0x000000061b400000| PB 0x000000061b400000| Untracked |  0
|  87|0x000000061b800000, 0x000000061b800000, 0x000000061bc00000|  0%| F|  |TAMS 0x000000061b800000| PB 0x000000061b800000| Untracked |  0
|  88|0x000000061bc00000, 0x000000061bc00000, 0x000000061c000000|  0%| F|  |TAMS 0x000000061bc00000| PB 0x000000061bc00000| Untracked |  0
|  89|0x000000061c000000, 0x000000061c000000, 0x000000061c400000|  0%| F|  |TAMS 0x000000061c000000| PB 0x000000061c000000| Untracked |  0
|  90|0x000000061c400000, 0x000000061c400000, 0x000000061c800000|  0%| F|  |TAMS 0x000000061c400000| PB 0x000000061c400000| Untracked |  0
|  91|0x000000061c800000, 0x000000061c800000, 0x000000061cc00000|  0%| F|  |TAMS 0x000000061c800000| PB 0x000000061c800000| Untracked |  0
|  92|0x000000061cc00000, 0x000000061cc00000, 0x000000061d000000|  0%| F|  |TAMS 0x000000061cc00000| PB 0x000000061cc00000| Untracked |  0
|  93|0x000000061d000000, 0x000000061d000000, 0x000000061d400000|  0%| F|  |TAMS 0x000000061d000000| PB 0x000000061d000000| Untracked |  0
|  94|0x000000061d400000, 0x000000061d400000, 0x000000061d800000|  0%| F|  |TAMS 0x000000061d400000| PB 0x000000061d400000| Untracked |  0
|  95|0x000000061d800000, 0x000000061d800000, 0x000000061dc00000|  0%| F|  |TAMS 0x000000061d800000| PB 0x000000061d800000| Untracked |  0
|  96|0x000000061dc00000, 0x000000061dc00000, 0x000000061e000000|  0%| F|  |TAMS 0x000000061dc00000| PB 0x000000061dc00000| Untracked |  0
|  97|0x000000061e000000, 0x000000061e000000, 0x000000061e400000|  0%| F|  |TAMS 0x000000061e000000| PB 0x000000061e000000| Untracked |  0
|  98|0x000000061e400000, 0x000000061e400000, 0x000000061e800000|  0%| F|  |TAMS 0x000000061e400000| PB 0x000000061e400000| Untracked |  0
|  99|0x000000061e800000, 0x000000061e800000, 0x000000061ec00000|  0%| F|  |TAMS 0x000000061e800000| PB 0x000000061e800000| Untracked |  0
| 100|0x000000061ec00000, 0x000000061ec00000, 0x000000061f000000|  0%| F|  |TAMS 0x000000061ec00000| PB 0x000000061ec00000| Untracked |  0
| 101|0x000000061f000000, 0x000000061f000000, 0x000000061f400000|  0%| F|  |TAMS 0x000000061f000000| PB 0x000000061f000000| Untracked |  0
| 102|0x000000061f400000, 0x000000061f400000, 0x000000061f800000|  0%| F|  |TAMS 0x000000061f400000| PB 0x000000061f400000| Untracked |  0
| 103|0x000000061f800000, 0x000000061f800000, 0x000000061fc00000|  0%| F|  |TAMS 0x000000061f800000| PB 0x000000061f800000| Untracked |  0
| 104|0x000000061fc00000, 0x000000061fc00000, 0x0000000620000000|  0%| F|  |TAMS 0x000000061fc00000| PB 0x000000061fc00000| Untracked |  0
| 105|0x0000000620000000, 0x0000000620000000, 0x0000000620400000|  0%| F|  |TAMS 0x0000000620000000| PB 0x0000000620000000| Untracked |  0
| 106|0x0000000620400000, 0x0000000620400000, 0x0000000620800000|  0%| F|  |TAMS 0x0000000620400000| PB 0x0000000620400000| Untracked |  0
| 107|0x0000000620800000, 0x0000000620800000, 0x0000000620c00000|  0%| F|  |TAMS 0x0000000620800000| PB 0x0000000620800000| Untracked |  0
| 108|0x0000000620c00000, 0x0000000620c00000, 0x0000000621000000|  0%| F|  |TAMS 0x0000000620c00000| PB 0x0000000620c00000| Untracked |  0
| 109|0x0000000621000000, 0x0000000621000000, 0x0000000621400000|  0%| F|  |TAMS 0x0000000621000000| PB 0x0000000621000000| Untracked |  0
| 110|0x0000000621400000, 0x0000000621400000, 0x0000000621800000|  0%| F|  |TAMS 0x0000000621400000| PB 0x0000000621400000| Untracked |  0
| 111|0x0000000621800000, 0x0000000621800000, 0x0000000621c00000|  0%| F|  |TAMS 0x0000000621800000| PB 0x0000000621800000| Untracked |  0
| 112|0x0000000621c00000, 0x0000000621c00000, 0x0000000622000000|  0%| F|  |TAMS 0x0000000621c00000| PB 0x0000000621c00000| Untracked |  0
| 113|0x0000000622000000, 0x0000000622000000, 0x0000000622400000|  0%| F|  |TAMS 0x0000000622000000| PB 0x0000000622000000| Untracked |  0
| 114|0x0000000622400000, 0x0000000622400000, 0x0000000622800000|  0%| F|  |TAMS 0x0000000622400000| PB 0x0000000622400000| Untracked |  0
| 115|0x0000000622800000, 0x0000000622800000, 0x0000000622c00000|  0%| F|  |TAMS 0x0000000622800000| PB 0x0000000622800000| Untracked |  0
| 116|0x0000000622c00000, 0x0000000622c00000, 0x0000000623000000|  0%| F|  |TAMS 0x0000000622c00000| PB 0x0000000622c00000| Untracked |  0
| 117|0x0000000623000000, 0x0000000623000000, 0x0000000623400000|  0%| F|  |TAMS 0x0000000623000000| PB 0x0000000623000000| Untracked |  0
| 118|0x0000000623400000, 0x00000006234dd388, 0x0000000623800000| 21%| E|  |TAMS 0x0000000623400000| PB 0x0000000623400000| Complete |  0
| 119|0x0000000623800000, 0x0000000623c00000, 0x0000000623c00000|100%| E|CS|TAMS 0x0000000623800000| PB 0x0000000623800000| Complete |  0
| 120|0x0000000623c00000, 0x0000000624000000, 0x0000000624000000|100%| E|CS|TAMS 0x0000000623c00000| PB 0x0000000623c00000| Complete |  0
| 121|0x0000000624000000, 0x0000000624400000, 0x0000000624400000|100%| E|CS|TAMS 0x0000000624000000| PB 0x0000000624000000| Complete |  0
| 122|0x0000000624400000, 0x0000000624800000, 0x0000000624800000|100%| E|CS|TAMS 0x0000000624400000| PB 0x0000000624400000| Complete |  0
| 123|0x0000000624800000, 0x0000000624c00000, 0x0000000624c00000|100%| E|CS|TAMS 0x0000000624800000| PB 0x0000000624800000| Complete |  0
| 124|0x0000000624c00000, 0x0000000625000000, 0x0000000625000000|100%| E|CS|TAMS 0x0000000624c00000| PB 0x0000000624c00000| Complete |  0
| 125|0x0000000625000000, 0x0000000625400000, 0x0000000625400000|100%| E|CS|TAMS 0x0000000625000000| PB 0x0000000625000000| Complete |  0
| 126|0x0000000625400000, 0x0000000625800000, 0x0000000625800000|100%| E|CS|TAMS 0x0000000625400000| PB 0x0000000625400000| Complete |  0
|2024|0x00000007ffc00000, 0x00000007ffd1d3c0, 0x0000000800000000| 27%| O|  |TAMS 0x00000007ffc00000| PB 0x00000007ffc00000| Untracked |  0

Card table byte_map: [0x00000230d31c0000,0x00000230d41a0000] _byte_map_base: 0x00000230d0192000

Marking Bits: (CMBitMap*) 0x00000230b9e28190
 Bits: [0x00000230d41a0000, 0x00000230dc030000)

Polling page: 0x00000230b7970000

Metaspace:

Usage:
  Non-class:      9.69 MB used.
      Class:    968.47 KB used.
       Both:     10.64 MB used.

Virtual space:
  Non-class space:       64.00 MB reserved,       9.88 MB ( 15%) committed,  1 nodes.
      Class space:        1.00 GB reserved,       1.12 MB ( <1%) committed,  1 nodes.
             Both:        1.06 GB reserved,      11.00 MB (  1%) committed. 

Chunk freelists:
   Non-Class:  6.08 MB
       Class:  14.72 MB
        Both:  20.80 MB

MaxMetaspaceSize: unlimited
CompressedClassSpaceSize: 1.00 GB
Initial GC threshold: 21.00 MB
Current GC threshold: 21.00 MB
CDS: on
 - commit_granule_bytes: 65536.
 - commit_granule_words: 8192.
 - virtual_space_node_default_size: 8388608.
 - enlarge_chunks_in_place: 1.
UseCompressedClassPointers 1, UseCompactObjectHeaders 0
Narrow klass pointer bits 32, Max shift 3
Narrow klass base: 0x00000230e0000000, Narrow klass shift: 0
Encoding Range: [0x00000230e0000000 - 0x00000231e0000000), (4294967296 bytes)
Klass Range:    [0x00000230e0000000 - 0x0000023121000000), (1090519040 bytes)
Klass ID Range:  [8 - 1090519033) (1090519025)


Internal statistics:

num_allocs_failed_limit: 0.
num_arena_births: 386.
num_arena_deaths: 0.
num_vsnodes_births: 2.
num_vsnodes_deaths: 0.
num_space_committed: 176.
num_space_uncommitted: 0.
num_chunks_returned_to_freelist: 0.
num_chunks_taken_from_freelist: 598.
num_chunk_merges: 0.
num_chunk_splits: 334.
num_chunks_enlarged: 111.
num_inconsistent_stats: 0.

CodeHeap 'non-profiled nmethods': size=119232Kb used=2098Kb max_used=2098Kb free=117133Kb
 bounds [0x00000230ca1b0000, 0x00000230ca420000, 0x00000230d1620000]
CodeHeap 'profiled nmethods': size=119104Kb used=6271Kb max_used=6271Kb free=112832Kb
 bounds [0x00000230c2620000, 0x00000230c2c40000, 0x00000230c9a70000]
CodeHeap 'non-nmethods': size=7424Kb used=1929Kb max_used=3127Kb free=5494Kb
 bounds [0x00000230c9a70000, 0x00000230c9df0000, 0x00000230ca1b0000]
CodeCache: size=245760Kb, used=10298Kb, max_used=11496Kb, free=235459Kb
 total_blobs=4237, nmethods=3702, adapters=439, full_count=0
Compilation: enabled, stopped_count=0, restarted_count=0

Compilation events (20 events):
Event: 150.115 Thread 0x00000230dc308360 nmethod 3721 0x00000230ca3ba108 code [0x00000230ca3ba220, 0x00000230ca3ba300]
Event: 151.132 Thread 0x00000230dc30de10 3722       3       javax.management.remote.rmi.RMIConnectionImpl::checkNonNull (28 bytes)
Event: 151.132 Thread 0x00000230dc30de10 nmethod 3722 0x00000230c2c37688 code [0x00000230c2c377e0, 0x00000230c2c37ab0]
Event: 151.945 Thread 0x00000230dc30de10 3723       3       java.lang.Thread::getAndClearInterrupt (19 bytes)
Event: 151.945 Thread 0x00000230dc30de10 nmethod 3723 0x00000230c2c37b08 code [0x00000230c2c37c20, 0x00000230c2c37da0]
Event: 151.946 Thread 0x00000230dc308360 3724       4       java.lang.StringLatin1::replace (197 bytes)
Event: 151.952 Thread 0x00000230dc30de10 3725       3       org.graalvm.visualvm.lib.jfluid.global.ProfilingSessionStatus::beginTrans (9 bytes)
Event: 151.952 Thread 0x00000230dc30de10 nmethod 3725 0x00000230c2c37e08 code [0x00000230c2c37f40, 0x00000230c2c38108]
Event: 151.952 Thread 0x00000230dc30de10 3726       3       org.graalvm.visualvm.lib.jfluid.global.ProfilingSessionStatus::endTrans (8 bytes)
Event: 151.952 Thread 0x00000230dc30de10 nmethod 3726 0x00000230c2c38188 code [0x00000230c2c382a0, 0x00000230c2c38400]
Event: 151.954 Thread 0x00000230dc30de10 3728       1       java.util.stream.Collectors$CollectorImpl::supplier (5 bytes)
Event: 151.954 Thread 0x00000230dc30de10 nmethod 3728 0x00000230ca3ba408 code [0x00000230ca3ba500, 0x00000230ca3ba5c8]
Event: 151.954 Thread 0x00000230dc30de10 3734       3       java.lang.String::join (281 bytes)
Event: 151.956 Thread 0x00000230dc30de10 nmethod 3734 0x00000230c2c38488 code [0x00000230c2c38780, 0x00000230c2c3aa30]
Event: 151.956 Thread 0x00000230dc308360 nmethod 3724 0x00000230ca3baa08 code [0x00000230ca3bab40, 0x00000230ca3bb110]
Event: 151.956 Thread 0x00000230dc308360 3735       4       org.graalvm.visualvm.lib.jfluid.server.ProfilerInterface::internalClassName (73 bytes)
Event: 151.956 Thread 0x00000230dc30de10 3738       3       jdk.internal.util.ReferencedKeyMap::existingKey (32 bytes)
Event: 151.956 Thread 0x00000230dfbd6a50 3736       3       jdk.internal.util.ReferencedKeySet::intern (9 bytes)
Event: 151.956 Thread 0x00000230dfbd6a50 nmethod 3736 0x00000230c2c3aa88 code [0x00000230c2c3abc0, 0x00000230c2c3add8]
Event: 151.956 Thread 0x00000230dfbd6a50 3737       3       jdk.internal.util.ReferencedKeyMap::intern (18 bytes)

GC Heap History (4 events):
Event: 55.165 GC heap before
{Heap before GC invocations=0 (full 0):
 garbage-first heap   total reserved 8294400K, committed 524288K, used 50292K [0x0000000605c00000, 0x0000000800000000)
  region size 4096K, 12 young (49152K), 0 survivors (0K)
 Metaspace       used 10168K, committed 10560K, reserved 1114112K
  class space    used 941K, committed 1152K, reserved 1048576K
}
Event: 55.179 GC heap after
{Heap after GC invocations=1 (full 0):
 garbage-first heap   total reserved 8294400K, committed 524288K, used 8247K [0x0000000605c00000, 0x0000000800000000)
  region size 4096K, 2 young (8192K), 2 survivors (8192K)
 Metaspace       used 10168K, committed 10560K, reserved 1114112K
  class space    used 941K, committed 1152K, reserved 1048576K
}
Event: 97.589 GC heap before
{Heap before GC invocations=1 (full 0):
 garbage-first heap   total reserved 8294400K, committed 524288K, used 172087K [0x0000000605c00000, 0x0000000800000000)
  region size 4096K, 42 young (172032K), 2 survivors (8192K)
 Metaspace       used 10820K, committed 11200K, reserved 1114112K
  class space    used 963K, committed 1152K, reserved 1048576K
}
Event: 97.611 GC heap after
{Heap after GC invocations=2 (full 0):
 garbage-first heap   total reserved 8294400K, committed 524288K, used 18508K [0x0000000605c00000, 0x0000000800000000)
  region size 4096K, 5 young (20480K), 5 survivors (20480K)
 Metaspace       used 10820K, committed 11200K, reserved 1114112K
  class space    used 963K, committed 1152K, reserved 1048576K
}

Dll operation events (14 events):
Event: 0.006 Loaded shared library C:\Program Files\Java\jdk-24\bin\java.dll
Event: 0.023 Loaded shared library C:\Program Files\Java\jdk-24\bin\jsvml.dll
Event: 0.046 Loaded shared library C:\Program Files\Java\jdk-24\bin\zip.dll
Event: 0.047 Loaded shared library C:\Program Files\Java\jdk-24\bin\instrument.dll
Event: 0.049 Loaded shared library C:\Program Files\Java\jdk-24\bin\net.dll
Event: 0.050 Loaded shared library C:\Program Files\Java\jdk-24\bin\nio.dll
Event: 0.052 Loaded shared library C:\Program Files\Java\jdk-24\bin\zip.dll
Event: 0.074 Loaded shared library C:\Program Files\Java\jdk-24\bin\extnet.dll
Event: 0.081 Loaded shared library C:\Program Files\Java\jdk-24\bin\jimage.dll
Event: 0.107 Loaded shared library C:\Program Files\Java\jdk-24\bin\management.dll
Event: 0.108 Loaded shared library C:\Program Files\Java\jdk-24\bin\management_ext.dll
Event: 10.234 Loaded shared library C:\Program Files\Java\jdk-24\bin\verify.dll
Event: 54.495 Loaded shared library C:\Program Files\Java\jdk-24\bin\instrument.dll
Event: 54.517 Loaded shared library D:\visualvm_22\visualvm_22\visualvm\lib\deployed\jdk16\windows-amd64\profilerinterface.dll

Deoptimization events (20 events):
Event: 111.730 Thread 0x00000230dfd95d40 Uncommon trap: trap_request=0xffffff4d fr.pc=0x00000230ca347acc relative=0x0000000000003d6c
Event: 111.730 Thread 0x00000230dfd95d40 Uncommon trap: reason=unstable_if action=reinterpret pc=0x00000230ca347acc method=org.graalvm.visualvm.lib.jfluid.server.ProfilerRuntimeObjLiveness.traceObjAlloc(Ljava/lang/Object;C)V @ 91 c2
Event: 111.730 Thread 0x00000230dfd95d40 DEOPT PACKING pc=0x00000230ca347acc sp=0x0000003534ffeae0
Event: 111.730 Thread 0x00000230dfd95d40 DEOPT UNPACKING pc=0x00000230c9b88602 sp=0x0000003534ffeb00 mode 2
Event: 111.788 Thread 0x00000230dfd95d40 DEOPT PACKING pc=0x00000230c2bba580 sp=0x0000003534ffebe0
Event: 111.788 Thread 0x00000230dfd95d40 DEOPT UNPACKING pc=0x00000230c9ac5722 sp=0x0000003534ffe0d0 mode 0
Event: 144.128 Thread 0x000002312646b3f0 DEOPT PACKING pc=0x00000230c2aeceea sp=0x00000035359fe800
Event: 144.128 Thread 0x000002312646b3f0 DEOPT UNPACKING pc=0x00000230c9ac5722 sp=0x00000035359fdca8 mode 0
Event: 146.707 Thread 0x0000023126443bc0 Uncommon trap: trap_request=0xffffff4d fr.pc=0x00000230ca2d672c relative=0x00000000000001ec
Event: 146.707 Thread 0x0000023126443bc0 Uncommon trap: reason=unstable_if action=reinterpret pc=0x00000230ca2d672c method=java.io.BufferedInputStream.read()I @ 23 c2
Event: 146.707 Thread 0x0000023126443bc0 DEOPT PACKING pc=0x00000230ca2d672c sp=0x00000035354ff300
Event: 146.707 Thread 0x0000023126443bc0 DEOPT UNPACKING pc=0x00000230c9b88602 sp=0x00000035354ff2a0 mode 2
Event: 151.954 Thread 0x00000230b9d7c7b0 Uncommon trap: trap_request=0xffffff4d fr.pc=0x00000230ca2a0944 relative=0x00000000000000c4
Event: 151.954 Thread 0x00000230b9d7c7b0 Uncommon trap: reason=unstable_if action=reinterpret pc=0x00000230ca2a0944 method=java.util.concurrent.locks.ReentrantLock$NonfairSync.initialTryLock()Z @ 10 c2
Event: 151.954 Thread 0x00000230b9d7c7b0 DEOPT PACKING pc=0x00000230ca2a0944 sp=0x00000035338feed0
Event: 151.954 Thread 0x00000230b9d7c7b0 DEOPT UNPACKING pc=0x00000230c9b88602 sp=0x00000035338fee58 mode 2
Event: 151.955 Thread 0x00000230b9d7c7b0 Uncommon trap: trap_request=0xffffff4d fr.pc=0x00000230ca2a0614 relative=0x0000000000000094
Event: 151.955 Thread 0x00000230b9d7c7b0 Uncommon trap: reason=unstable_if action=reinterpret pc=0x00000230ca2a0614 method=java.util.concurrent.locks.ReentrantLock$Sync.tryRelease(I)Z @ 26 c2
Event: 151.955 Thread 0x00000230b9d7c7b0 DEOPT PACKING pc=0x00000230ca2a0614 sp=0x00000035338feed0
Event: 151.955 Thread 0x00000230b9d7c7b0 DEOPT UNPACKING pc=0x00000230c9b88602 sp=0x00000035338fee50 mode 2

Classes loaded (20 events):
Event: 99.712 Loading class org/graalvm/visualvm/lib/jfluid/server/ProfilerRuntimeObjLiveness$WeakRefSet
Event: 99.712 Loading class org/graalvm/visualvm/lib/jfluid/server/ProfilerRuntimeObjLiveness$WeakRefSet done
Event: 99.713 Loading class org/graalvm/visualvm/lib/jfluid/server/ProfilerRuntimeObjLiveness$ReferenceManagerThread
Event: 99.713 Loading class org/graalvm/visualvm/lib/jfluid/server/ProfilerRuntimeObjLiveness$ReferenceManagerThread done
Event: 99.714 Loading class org/graalvm/visualvm/lib/jfluid/wireprotocol/GetClassIdCommand
Event: 99.715 Loading class org/graalvm/visualvm/lib/jfluid/wireprotocol/GetClassIdCommand done
Event: 99.715 Loading class org/graalvm/visualvm/lib/jfluid/wireprotocol/GetClassIdResponse
Event: 99.716 Loading class org/graalvm/visualvm/lib/jfluid/wireprotocol/GetClassIdResponse done
Event: 101.232 Loading class org/graalvm/visualvm/lib/jfluid/server/ProfilerRuntimeObjLiveness$ProfilerRuntimeObjLivenessWeakRef
Event: 101.232 Loading class org/graalvm/visualvm/lib/jfluid/server/ProfilerRuntimeObjLiveness$ProfilerRuntimeObjLivenessWeakRef done
Event: 101.452 Loading class org/graalvm/visualvm/lib/jfluid/wireprotocol/GetMethodNamesForJMethodIdsCommand
Event: 101.452 Loading class org/graalvm/visualvm/lib/jfluid/wireprotocol/GetMethodNamesForJMethodIdsCommand done
Event: 101.453 Loading class org/graalvm/visualvm/lib/jfluid/wireprotocol/MethodNamesResponse
Event: 101.454 Loading class org/graalvm/visualvm/lib/jfluid/wireprotocol/MethodNamesResponse done
Event: 101.456 Loading class org/graalvm/visualvm/lib/jfluid/wireprotocol/ObjectAllocationResultsResponse
Event: 101.457 Loading class org/graalvm/visualvm/lib/jfluid/wireprotocol/ObjectAllocationResultsResponse done
Event: 151.945 Loading class org/openjdk/jmh/results/BenchmarkResultMetaData
Event: 151.945 Loading class org/openjdk/jmh/results/BenchmarkResultMetaData done
Event: 151.949 Loading class org/openjdk/jmh/runner/link/ResultMetadataFrame
Event: 151.949 Loading class org/openjdk/jmh/runner/link/ResultMetadataFrame done

Classes unloaded (0 events):
No events

Classes redefined (20 events):
Event: 71.045 Thread 0x00000230dc2de780 redefined class name=org.graalvm.visualvm.lib.jfluid.server.ProfilerInterface$InitiateProfilingThread, count=33
Event: 71.093 Thread 0x00000230dc2de780 redefined class name=org.openjdk.jmh.util.SingletonStatistics, count=1
Event: 71.093 Thread 0x00000230dc2de780 redefined class name=org.graalvm.visualvm.lib.jfluid.server.ProfilerInterface$InitiateProfilingThread, count=34
Event: 71.123 Thread 0x00000230dc2de780 redefined class name=org.openjdk.jmh.util.AbstractStatistics, count=1
Event: 71.123 Thread 0x00000230dc2de780 redefined class name=org.graalvm.visualvm.lib.jfluid.server.ProfilerInterface$InitiateProfilingThread, count=35
Event: 95.392 Thread 0x00000230dc2de780 redefined class name=org.openjdk.jmh.infra.IterationParams, count=6
Event: 95.392 Thread 0x00000230dc2de780 redefined class name=org.example.jmh_generated.SpeedTest_jmhType_B2, count=6
Event: 95.392 Thread 0x00000230dc2de780 redefined class name=org.openjdk.jmh.results.Result, count=3
Event: 95.392 Thread 0x00000230dc2de780 redefined class name=org.example.AVLtree, count=3
Event: 95.392 Thread 0x00000230dc2de780 redefined class name=org.example.SpeedTest, count=3
Event: 95.392 Thread 0x00000230dc2de780 redefined class name=org.openjdk.jmh.runner.InfraControlL2, count=4
Event: 95.392 Thread 0x00000230dc2de780 redefined class name=org.openjdk.jmh.results.RawResults, count=3
Event: 95.392 Thread 0x00000230dc2de780 redefined class name=org.openjdk.jmh.results.BenchmarkTaskResult, count=3
Event: 95.392 Thread 0x00000230dc2de780 redefined class name=org.openjdk.jmh.infra.Blackhole, count=10
Event: 95.392 Thread 0x00000230dc2de780 redefined class name=org.openjdk.jmh.runner.options.TimeValue, count=3
Event: 95.392 Thread 0x00000230dc2de780 redefined class name=org.example.jmh_generated.SpeedTest_search_jmhTest, count=3
Event: 95.392 Thread 0x00000230dc2de780 redefined class name=org.openjdk.jmh.util.Deduplicator, count=3
Event: 95.392 Thread 0x00000230dc2de780 redefined class name=org.openjdk.jmh.infra.BenchmarkParams, count=6
Event: 95.392 Thread 0x00000230dc2de780 redefined class name=org.openjdk.jmh.runner.InfraControl, count=10
Event: 99.697 Thread 0x00000230dc2de780 redefined class name=java.lang.Object, count=1

Internal exceptions (20 events):
Event: 41.873 Thread 0x0000023126443bc0 Exception <a 'java/lang/NoSuchMethodError'{0x000000062302e7f0}: static [Ljavax/management/MBeanConstructorInfo;.<clinit>()V> (0x000000062302e7f0) 
thrown [s\open\src\hotspot\share\prims\jni.cpp, line 1108]
Event: 41.873 Thread 0x0000023126443bc0 Exception <a 'java/lang/NoSuchMethodError'{0x000000062302f330}: static [Ljavax/management/MBeanNotificationInfo;.<clinit>()V> (0x000000062302f330) 
thrown [s\open\src\hotspot\share\prims\jni.cpp, line 1108]
Event: 41.873 Thread 0x0000023126443bc0 Exception <a 'java/lang/NoSuchMethodError'{0x000000062302fe60}: static [Ljavax/management/MBeanOperationInfo;.<clinit>()V> (0x000000062302fe60) 
thrown [s\open\src\hotspot\share\prims\jni.cpp, line 1108]
Event: 41.887 Thread 0x0000023126443bc0 Exception <a 'java/lang/NoSuchMethodError'{0x0000000623032398}: 'java.lang.Object java.lang.invoke.DirectMethodHandle$Holder.invokeInterface(java.lang.Object, java.lang.Object, java.lang.Object, java.lang.Object, java.lang.Object)'> (0x0000000623032398) 
thrown [s\open\src\hotspot\share\interpreter\linkResolver.cpp, line 805]
Event: 41.941 Thread 0x000002312646b3f0 Exception <a 'java/lang/NoSuchMethodError'{0x0000000623124c70}: 'int java.lang.invoke.DirectMethodHandle$Holder.invokeInterface(java.lang.Object, java.lang.Object, java.lang.Object, java.lang.Object)'> (0x0000000623124c70) 
thrown [s\open\src\hotspot\share\interpreter\linkResolver.cpp, line 805]
Event: 41.941 Thread 0x000002312646b3f0 Exception <a 'java/lang/NoSuchMethodError'{0x000000062312d260}: 'int java.lang.invoke.DirectMethodHandle$Holder.invokeSpecial(java.lang.Object, java.lang.Object, java.lang.Object, java.lang.Object, java.lang.Object)'> (0x000000062312d260) 
thrown [s\open\src\hotspot\share\interpreter\linkResolver.cpp, line 805]
Event: 41.941 Thread 0x000002312646b3f0 Exception <a 'java/lang/NoSuchMethodError'{0x0000000623135430}: 'int java.lang.invoke.DelegatingMethodHandle$Holder.reinvoke_L(java.lang.Object, java.lang.Object, java.lang.Object, java.lang.Object)'> (0x0000000623135430) 
thrown [s\open\src\hotspot\share\interpreter\linkResolver.cpp, line 805]
Event: 41.949 Thread 0x000002312646b3f0 Exception <a 'java/lang/NoSuchMethodError'{0x0000000623162508}: 'long java.lang.invoke.DirectMethodHandle$Holder.invokeInterface(java.lang.Object, java.lang.Object)'> (0x0000000623162508) 
thrown [s\open\src\hotspot\share\interpreter\linkResolver.cpp, line 805]
Event: 41.950 Thread 0x000002312646b3f0 Exception <a 'java/lang/NoSuchMethodError'{0x000000062316aa08}: 'java.lang.Object java.lang.invoke.DirectMethodHandle$Holder.invokeStatic(java.lang.Object, long)'> (0x000000062316aa08) 
thrown [s\open\src\hotspot\share\interpreter\linkResolver.cpp, line 805]
Event: 41.950 Thread 0x000002312646b3f0 Exception <a 'java/lang/NoSuchMethodError'{0x0000000623172a68}: 'long java.lang.invoke.DelegatingMethodHandle$Holder.reinvoke_L(java.lang.Object, java.lang.Object)'> (0x0000000623172a68) 
thrown [s\open\src\hotspot\share\interpreter\linkResolver.cpp, line 805]
Event: 41.969 Thread 0x000002312646b3f0 Exception <a 'java/lang/NoSuchMethodError'{0x00000006231ae2f8}: 'void java.lang.invoke.DirectMethodHandle$Holder.invokeStaticInit(java.lang.Object, java.lang.Object, java.lang.Object)'> (0x00000006231ae2f8) 
thrown [s\open\src\hotspot\share\interpreter\linkResolver.cpp, line 805]
Event: 41.972 Thread 0x000002312646b3f0 Exception <a 'java/lang/NoSuchMethodError'{0x00000006231bd9a0}: 'int java.lang.invoke.DirectMethodHandle$Holder.invokeStaticInit(java.lang.Object, java.lang.Object)'> (0x00000006231bd9a0) 
thrown [s\open\src\hotspot\share\interpreter\linkResolver.cpp, line 805]
Event: 43.005 Thread 0x000002312646b3f0 Exception <a 'java/lang/NoSuchMethodError'{0x00000006231fdc80}: static [J.<clinit>()V> (0x00000006231fdc80) 
thrown [s\open\src\hotspot\share\prims\jni.cpp, line 1108]
Event: 43.009 Thread 0x000002312646b3f0 Exception <a 'java/lang/NoSuchMethodError'{0x0000000623202aa8}: 'java.lang.Object java.lang.invoke.DirectMethodHandle$Holder.invokeInterface(java.lang.Object, java.lang.Object, java.lang.Object, int)'> (0x0000000623202aa8) 
thrown [s\open\src\hotspot\share\interpreter\linkResolver.cpp, line 805]
Event: 43.017 Thread 0x000002312646b3f0 Exception <a 'java/lang/NoSuchMethodError'{0x0000000623230148}: 'int java.lang.invoke.DirectMethodHandle$Holder.invokeVirtual(java.lang.Object, java.lang.Object)'> (0x0000000623230148) 
thrown [s\open\src\hotspot\share\interpreter\linkResolver.cpp, line 805]
Event: 43.040 Thread 0x000002312646b3f0 Exception <a 'java/lang/NoSuchMethodError'{0x00000006232524c8}: static [Ljavax/management/openmbean/CompositeData;.<clinit>()V> (0x00000006232524c8) 
thrown [s\open\src\hotspot\share\prims\jni.cpp, line 1108]
Event: 54.673 Thread 0x000002312646aca0 Exception <a 'java/lang/IncompatibleClassChangeError'{0x0000000622d01560}: Found class java.lang.Object, but interface was expected> (0x0000000622d01560) 
thrown [s\open\src\hotspot\share\interpreter\linkResolver.cpp, line 872]
Event: 54.684 Thread 0x00000230df7e1930 Exception <a 'java/lang/VerifyError'{0x0000000622df77a8}: Stack map does not match the one at exception handler 21
Exception Details:
  Location:
    org/graalvm/visualvm/lib/jfluid/ConstructorTest.<init>()V @21: astore_1
  Reason:
    Current frame's flags are not assignable to stack map frame's.
  Current Frame:
    bci: @0
    flags: { flagThisUninit }
    locals: { uninitializedThis }
    stack: { 'java/lang/Throwable' }
  Stackmap Frame:
    bci: @21
    flags: { }
    locals: { top }
    stack: { 'ja
Event: 54.916 Thread 0x00000230df7e1930 Exception <a 'java/lang/NoSuchMethodError'{0x0000000622e14458}: 'java.lang.Object java.lang.invoke.DelegatingMethodHandle$Holder.reinvoke_L(java.lang.Object, int, long, java.lang.Object, java.lang.Object, int, java.lang.Object)'> (0x0000000622e14458) 
thrown [s\open\src\hotspot\share\interpreter\linkResolver.cpp, line 805]
Event: 151.955 Thread 0x00000230dfd95d40 Exception <a 'java/lang/InterruptedException'{0x000000062390a880}> (0x000000062390a880) 
thrown [s\open\src\hotspot\share\runtime\objectMonitor.cpp, line 1678]

VM Operations (20 events):
Event: 143.124 Executing VM operation: ThreadDump
Event: 143.124 Executing VM operation: ThreadDump done
Event: 143.129 Executing VM operation: FindDeadlocks
Event: 143.129 Executing VM operation: FindDeadlocks done
Event: 144.126 Executing VM operation: ThreadDump
Event: 144.127 Executing VM operation: ThreadDump done
Event: 145.126 Executing VM operation: ThreadDump
Event: 145.127 Executing VM operation: ThreadDump done
Event: 146.127 Executing VM operation: ThreadDump
Event: 146.128 Executing VM operation: ThreadDump done
Event: 147.128 Executing VM operation: ThreadDump
Event: 147.128 Executing VM operation: ThreadDump done
Event: 148.129 Executing VM operation: ThreadDump
Event: 148.130 Executing VM operation: ThreadDump done
Event: 149.130 Executing VM operation: ThreadDump
Event: 149.130 Executing VM operation: ThreadDump done
Event: 150.130 Executing VM operation: ThreadDump
Event: 150.131 Executing VM operation: ThreadDump done
Event: 151.133 Executing VM operation: ThreadDump
Event: 151.133 Executing VM operation: ThreadDump done

Memory protections (0 events):
No events

Nmethod flushes (0 events):
No events

Events (20 events):
Event: 100.179 Thread 0x00000230dc30de10 Thread added: 0x00000230dfbd6a50
Event: 100.179 Thread 0x00000230dc30de10 Thread added: 0x00000230dfbd9020
Event: 100.180 Thread 0x00000230dc30de10 Thread added: 0x00000230dfbd97b0
Event: 101.088 Thread 0x00000230dfbd97b0 Thread exited: 0x00000230dfbd97b0
Event: 101.102 Thread 0x00000230dfbd6a50 Thread added: 0x00000230dfbd97b0
Event: 101.103 Thread 0x00000230dfbd6a50 Thread added: 0x00000230dfbd9f40
Event: 103.089 Thread 0x00000230dfbd9f40 Thread exited: 0x00000230dfbd9f40
Event: 104.092 Thread 0x00000230dfbd9020 Thread exited: 0x00000230dfbd9020
Event: 104.092 Thread 0x00000230dfbd6a50 Thread exited: 0x00000230dfbd6a50
Event: 104.092 Thread 0x00000230dfbd8890 Thread exited: 0x00000230dfbd8890
Event: 104.093 Thread 0x00000230dfbd4c10 Thread exited: 0x00000230dfbd4c10
Event: 104.093 Thread 0x00000230dfbd5b30 Thread exited: 0x00000230dfbd5b30
Event: 106.091 Thread 0x00000230dfbd97b0 Thread exited: 0x00000230dfbd97b0
Event: 121.784 Thread 0x00000230dc308360 Thread added: 0x00000230dfbd4c10
Event: 123.105 Thread 0x00000230dfbd4c10 Thread exited: 0x00000230dfbd4c10
Event: 151.956 Thread 0x00000230dfd95d40 Thread exited: 0x00000230dfd95d40
Event: 151.956 Thread 0x00000230b9d7c7b0 Thread added: 0x00000230df7e4c60
Event: 151.956 Thread 0x00000230dc30de10 Thread added: 0x00000230dfbd6a50
Event: 151.956 Thread 0x00000230b9d7c7b0 Thread exited: 0x00000230b9d7c7b0
Event: 151.956 Thread 0x00000230df7e53b0 Thread added: 0x00000230df7e53b0


Dynamic libraries:
0x00007ff64b3c0000 - 0x00007ff64b3d0000 	C:\Program Files\Java\jdk-24\bin\java.exe
0x00007fffe7b60000 - 0x00007fffe7dc8000 	C:\WINDOWS\SYSTEM32\ntdll.dll
0x00007fffe6d70000 - 0x00007fffe6e39000 	C:\WINDOWS\System32\KERNEL32.DLL
0x00007fffe51d0000 - 0x00007fffe55c8000 	C:\WINDOWS\System32\KERNELBASE.dll
0x00007fffe57b0000 - 0x00007fffe58fb000 	C:\WINDOWS\System32\ucrtbase.dll
0x00007fffcefb0000 - 0x00007fffcefc6000 	C:\Program Files\Java\jdk-24\bin\jli.dll
0x00007fffbdd30000 - 0x00007fffbdd4b000 	C:\Program Files\Java\jdk-24\bin\VCRUNTIME140.dll
0x00007fffe6240000 - 0x00007fffe6407000 	C:\WINDOWS\System32\USER32.dll
0x00007fffe4d60000 - 0x00007fffe4d87000 	C:\WINDOWS\System32\win32u.dll
0x00007fffca240000 - 0x00007fffca4d4000 	C:\WINDOWS\WinSxS\amd64_microsoft.windows.common-controls_6595b64144ccf1df_6.0.26100.7019_none_3e06ffa0e335b8a8\COMCTL32.dll
0x00007fffe6210000 - 0x00007fffe623b000 	C:\WINDOWS\System32\GDI32.dll
0x00007fffe5680000 - 0x00007fffe57ac000 	C:\WINDOWS\System32\gdi32full.dll
0x00007fffe7a00000 - 0x00007fffe7aa9000 	C:\WINDOWS\System32\msvcrt.dll
0x00007fffe4cb0000 - 0x00007fffe4d53000 	C:\WINDOWS\System32\msvcp_win.dll
0x00007fffe79b0000 - 0x00007fffe79e1000 	C:\WINDOWS\System32\IMM32.DLL
0x00007fffdaf40000 - 0x00007fffdaf4c000 	C:\Program Files\Java\jdk-24\bin\vcruntime140_1.dll
0x00007fffad160000 - 0x00007fffad1ee000 	C:\Program Files\Java\jdk-24\bin\msvcp140.dll
0x00007fff35160000 - 0x00007fff35f02000 	C:\Program Files\Java\jdk-24\bin\server\jvm.dll
0x00007fffe5b00000 - 0x00007fffe5bb4000 	C:\WINDOWS\System32\ADVAPI32.dll
0x00007fffe65d0000 - 0x00007fffe6676000 	C:\WINDOWS\System32\sechost.dll
0x00007fffe5c10000 - 0x00007fffe5d28000 	C:\WINDOWS\System32\RPCRT4.dll
0x00007fffe5e40000 - 0x00007fffe5eb4000 	C:\WINDOWS\System32\WS2_32.dll
0x00007fffd8400000 - 0x00007fffd8435000 	C:\WINDOWS\SYSTEM32\WINMM.dll
0x00007fffe37f0000 - 0x00007fffe384e000 	C:\WINDOWS\SYSTEM32\POWRPROF.dll
0x00007fffd8350000 - 0x00007fffd835b000 	C:\WINDOWS\SYSTEM32\VERSION.dll
0x00007fffe38e0000 - 0x00007fffe38f4000 	C:\WINDOWS\SYSTEM32\UMPDC.dll
0x00007fffe3af0000 - 0x00007fffe3b0b000 	C:\WINDOWS\SYSTEM32\kernel.appcore.dll
0x00007fffdaed0000 - 0x00007fffdaeda000 	C:\Program Files\Java\jdk-24\bin\jimage.dll
0x00007fffe2400000 - 0x00007fffe2642000 	C:\WINDOWS\SYSTEM32\DBGHELP.DLL
0x00007fffe7620000 - 0x00007fffe79ab000 	C:\WINDOWS\System32\combase.dll
0x00007fffe6680000 - 0x00007fffe6757000 	C:\WINDOWS\System32\OLEAUT32.dll
0x00007fffcc320000 - 0x00007fffcc35c000 	C:\WINDOWS\SYSTEM32\dbgcore.DLL
0x00007fffe55d0000 - 0x00007fffe5675000 	C:\WINDOWS\System32\bcryptPrimitives.dll
0x00007fffbdd20000 - 0x00007fffbdd2f000 	C:\Program Files\Java\jdk-24\bin\instrument.dll
0x00007fffbab40000 - 0x00007fffbab5e000 	C:\Program Files\Java\jdk-24\bin\java.dll
0x00007fffe6430000 - 0x00007fffe65c7000 	C:\WINDOWS\System32\ole32.dll
0x00007fffe6e40000 - 0x00007fffe7591000 	C:\WINDOWS\System32\SHELL32.dll
0x00007fffe4fd0000 - 0x00007fffe513b000 	C:\WINDOWS\System32\wintypes.dll
0x00007fffe2890000 - 0x00007fffe30ed000 	C:\WINDOWS\SYSTEM32\windows.storage.dll
0x00007fffe5900000 - 0x00007fffe59f2000 	C:\WINDOWS\System32\SHCORE.dll
0x00007fffe75b0000 - 0x00007fffe7617000 	C:\WINDOWS\System32\shlwapi.dll
0x00007fffe4bd0000 - 0x00007fffe4bf9000 	C:\WINDOWS\SYSTEM32\profapi.dll
0x00007fffa52b0000 - 0x00007fffa5387000 	C:\Program Files\Java\jdk-24\bin\jsvml.dll
0x00007fffb7660000 - 0x00007fffb7677000 	C:\Program Files\Java\jdk-24\bin\zip.dll
0x00007fffbdd10000 - 0x00007fffbdd20000 	C:\Program Files\Java\jdk-24\bin\net.dll
0x00007fffe40a0000 - 0x00007fffe410b000 	C:\WINDOWS\system32\mswsock.dll
0x00007fffb7680000 - 0x00007fffb7696000 	C:\Program Files\Java\jdk-24\bin\nio.dll
0x00007fffbab30000 - 0x00007fffbab39000 	C:\Program Files\Java\jdk-24\bin\extnet.dll
0x00007fffb7650000 - 0x00007fffb765a000 	C:\Program Files\Java\jdk-24\bin\management.dll
0x00007fffb53f0000 - 0x00007fffb53fb000 	C:\Program Files\Java\jdk-24\bin\management_ext.dll
0x00007fffe7ab0000 - 0x00007fffe7ab8000 	C:\WINDOWS\System32\PSAPI.DLL
0x00007fff54d20000 - 0x00007fff54d38000 	C:\WINDOWS\system32\napinsp.dll
0x00007fffe35b0000 - 0x00007fffe36dc000 	C:\WINDOWS\SYSTEM32\DNSAPI.dll
0x00007fffe3570000 - 0x00007fffe35a4000 	C:\WINDOWS\SYSTEM32\IPHLPAPI.DLL
0x00007fffe6760000 - 0x00007fffe676a000 	C:\WINDOWS\System32\NSI.dll
0x00007fff54d40000 - 0x00007fff54d52000 	C:\WINDOWS\System32\winrnr.dll
0x00007fff5eef0000 - 0x00007fff5ef12000 	C:\WINDOWS\system32\nlansp_c.dll
0x00007fffdbf40000 - 0x00007fffdbf56000 	C:\WINDOWS\system32\wshbth.dll
0x00007fffdc1e0000 - 0x00007fffdc1eb000 	C:\Windows\System32\rasadhlp.dll
0x00007fffde210000 - 0x00007fffde296000 	C:\WINDOWS\System32\fwpuclnt.dll
0x00007fffc5ee0000 - 0x00007fffc5ef0000 	C:\Program Files\Java\jdk-24\bin\verify.dll
0x00007fffe4490000 - 0x00007fffe44ab000 	C:\WINDOWS\SYSTEM32\CRYPTSP.dll
0x00007fffe3ab0000 - 0x00007fffe3aea000 	C:\WINDOWS\system32\rsaenh.dll
0x00007fffe4150000 - 0x00007fffe417b000 	C:\WINDOWS\SYSTEM32\USERENV.dll
0x00007fffe4ba0000 - 0x00007fffe4bca000 	C:\WINDOWS\SYSTEM32\bcrypt.dll
0x00007fffe42f0000 - 0x00007fffe42fc000 	C:\WINDOWS\SYSTEM32\CRYPTBASE.dll
0x00007fffb4e50000 - 0x00007fffb4e5f000 	D:\visualvm_22\visualvm_22\visualvm\lib\deployed\jdk16\windows-amd64\profilerinterface.dll

dbghelp: loaded successfully - version: 4.0.5 - missing functions: none
symbol engine: initialized successfully - sym options: 0x614 - pdb path: .;C:\Program Files\Java\jdk-24\bin;C:\WINDOWS\SYSTEM32;C:\WINDOWS\WinSxS\amd64_microsoft.windows.common-controls_6595b64144ccf1df_6.0.26100.7019_none_3e06ffa0e335b8a8;C:\Program Files\Java\jdk-24\bin\server;D:\visualvm_22\visualvm_22\visualvm\lib\deployed\jdk16\windows-amd64

VM Arguments:
jvm_args: -javaagent:D:\IntelliJ IDEA Community Edition 2024.3.5\lib\idea_rt.jar=63413 -Dfile.encoding=UTF-8 -Dsun.stdout.encoding=UTF-8 -Dsun.stderr.encoding=UTF-8 -XX:+UnlockDiagnosticVMOptions -XX:+UnlockExperimentalVMOptions -DcompilerBlackholesEnabled=true -XX:CompileCommandFile=C:\Users\olga\AppData\Local\Temp\jmh17969707080410556222compilecommand 
java_command: org.openjdk.jmh.runner.ForkedMain 127.0.0.1 63415
java_class_path (initial): C:\Users\olga\IdeaProjects\BinarySearchTree\target\classes;C:\Users\olga\.m2\repository\org\openjdk\jmh\jmh-core\1.36\jmh-core-1.36.jar;C:\Users\olga\.m2\repository\net\sf\jopt-simple\jopt-simple\5.0.4\jopt-simple-5.0.4.jar;C:\Users\olga\.m2\repository\org\apache\commons\commons-math3\3.2\commons-math3-3.2.jar;C:\Users\olga\.m2\repository\org\openjdk\jmh\jmh-generator-annprocess\1.36\jmh-generator-annprocess-1.36.jar;C:\Users\olga\.m2\repository\org\apache\maven\plugins\maven-compiler-plugin\3.14.1\maven-compiler-plugin-3.14.1.jar;C:\Users\olga\.m2\repository\org\ow2\asm\asm\9.8\asm-9.8.jar;C:\Users\olga\.m2\repository\org\apache\maven\shared\maven-shared-utils\3.4.2\maven-shared-utils-3.4.2.jar;C:\Users\olga\.m2\repository\org\slf4j\slf4j-api\1.7.36\slf4j-api-1.7.36.jar;C:\Users\olga\.m2\repository\commons-io\commons-io\2.11.0\commons-io-2.11.0.jar;C:\Users\olga\.m2\repository\org\apache\maven\shared\maven-shared-incremental\1.1\maven-shared-incremental-1.1.jar;C:\Users\olga\.m2\repository\org\codehaus\plexus\plexus-java\1.5.0\plexus-java-1.5.0.jar;C:\Users\olga\.m2\repository\com\thoughtworks\qdox\qdox\2.2.0\qdox-2.2.0.jar;C:\Users\olga\.m2\repository\org\codehaus\plexus\plexus-compiler-api\2.15.0\plexus-compiler-api-2.15.0.jar;C:\Users\olga\.m2\repository\org\codehaus\plexus\plexus-compiler-manager\2.15.0\plexus-compiler-manager-2.15.0.jar;C:\Users\olga\.m2\repository\javax\inject\javax.inject\1\javax.inject-1.jar;C:\Users\olga\.m2\repository\org\codehaus\plexus\plexus-xml\3.0.0\plexus-xml-3.0.0.jar;C:\Users\olga\.m2\repository\org\codehaus\plexus\plexus-compiler-javac\2.15.0\plexus-compiler-javac-2.15.0.jar;C:\Users\olga\.m2\repository\org\codehaus\plexus\plexus-utils\4.0.2\plexus-utils-4.0.2.jar
Launcher Type: SUN_STANDARD

[Global flags]
     bool AOTInvokeDynamicLinking                  = false                                  {diagnostic} {ergonomic}
     intx CICompilerCount                          = 12                                        {product} {ergonomic}
    ccstr CompileCommandFile                       = C:\Users\olga\AppData\Local\Temp\jmh17969707080410556222compilecommand            {product} {command line}
     uint ConcGCThreads                            = 4                                         {product} {ergonomic}
     bool FlightRecorder                           = true                                      {product} {management}
     uint G1ConcRefinementThreads                  = 15                                        {product} {ergonomic}
     uint G1EagerReclaimRemSetThreshold            = 32                                   {experimental} {ergonomic}
   size_t G1HeapRegionSize                         = 4194304                                   {product} {ergonomic}
     uint G1RemSetArrayOfCardsEntries              = 32                                   {experimental} {ergonomic}
     uint G1RemSetHowlMaxNumBuckets                = 8                                    {experimental} {ergonomic}
     uint G1RemSetHowlNumBuckets                   = 8                                    {experimental} {ergonomic}
   size_t InitialHeapSize                          = 532676608                                 {product} {ergonomic}
   size_t MarkStackSize                            = 4194304                                   {product} {ergonomic}
   size_t MarkStackSizeMax                         = 536870912                                 {product} {ergonomic}
   size_t MaxHeapSize                              = 8493465600                                {product} {ergonomic}
   size_t MaxNewSize                               = 5096079360                                {product} {ergonomic}
   size_t MinHeapDeltaBytes                        = 4194304                                   {product} {ergonomic}
   size_t MinHeapSize                              = 8388608                                   {product} {ergonomic}
    uintx NonNMethodCodeHeapSize                   = 7602176                                {pd product} {ergonomic}
    uintx NonProfiledCodeHeapSize                  = 122093568                              {pd product} {ergonomic}
    uintx ProfiledCodeHeapSize                     = 121962496                              {pd product} {ergonomic}
    uintx ReservedCodeCacheSize                    = 251658240                              {pd product} {ergonomic}
     bool SegmentedCodeCache                       = true                                      {product} {ergonomic}
   size_t SoftMaxHeapSize                          = 8493465600                             {manageable} {ergonomic}
     bool UnlockDiagnosticVMOptions                = true                                   {diagnostic} {command line}
     bool UnlockExperimentalVMOptions              = true                                 {experimental} {command line}
     bool UseCompressedOops                        = true                           {product lp64_product} {ergonomic}
     bool UseG1GC                                  = true                                      {product} {ergonomic}
     bool UseLargePagesIndividualAllocation        = false                                  {pd product} {ergonomic}

Logging:
Log output configuration:
 #0: stdout all=warning uptime,level,tags foldmultilines=false
 #1: stderr all=off uptime,level,tags foldmultilines=false

Environment Variables:
JAVA_HOME=C:\Program Files\Java\jdk-17
PATH=C:\Program Files\Java\jdk-17\bin;C:\WINDOWS\system32;C:\WINDOWS;C:\WINDOWS\System32\Wbem;C:\WINDOWS\System32\WindowsPowerShell\v1.0\;C:\WINDOWS\System32\OpenSSH\;C:\Program Files\Git\cmd;C:\Program Files\Docker\Docker\resources\bin;C:\Program Files\nodejs\;D:\terraform;C:\Program Files\Oracle\VirtualBox;C:\python;D:\terraform;D:\terraform\terraform_1.12.1_windows_amd64\plugins\terraform-provider-yandex_v0.116.0.exe;C:\Users\olga\AppData\Roaming\terraform;C:\Users\olga\AppData\Local\Programs\Python\Python313;C:\Users\olga\AppData\Local\Programs\Python\Python313\Scripts;C:\Program Files\Kubernetes\Minikube;C:\Users\olga\AppData\Local\Microsoft\WindowsApps;C:\Program Files\Java\jdk-17\bin;C:\Users\olga\AppData\Roaming\npm;C:\Users\olga\AppData\Local\Programs\Microsoft VS Code\bin;C:\Users\olga\yandex-cloud\bin;D:\terraform;D:\terraform\terraform_1.12.1_windows_amd64\plugins\terraform-provider-yandex_v0.116.0.exe;C:\Users\olga\AppData\Roaming\terraform;C:\Users\olga\AppData\Local\Programs\Python\Python313;C:\Users\olga\AppData\Local\Programs\Python\Python313\Scripts;C:\Users\olga\AppData\Local\Microsoft\WinGet\Links;
USERNAME=olga
OS=Windows_NT
PROCESSOR_IDENTIFIER=Intel64 Family 6 Model 183 Stepping 1, GenuineIntel
TMP=C:\Users\olga\AppData\Local\Temp
TEMP=C:\Users\olga\AppData\Local\Temp




Periodic native trim disabled

---------------  S Y S T E M  ---------------

OS:
 Windows 11 , 64 bit Build 26100 (10.0.26100.7019)
OS uptime: 3 days 17:32 hours
Hyper-V role detected

CPU: total 20 (initial active 20) (10 cores per cpu, 2 threads per core) family 6 model 183 stepping 1 microcode 0x12b, cx8, cmov, fxsr, ht, mmx, 3dnowpref, sse, sse2, sse3, ssse3, sse4.1, sse4.2, popcnt, lzcnt, tsc, tscinvbit, avx, avx2, aes, erms, clmul, bmi1, bmi2, adx, sha, fma, vzeroupper, clflush, clflushopt, clwb, hv, serialize, rdtscp, rdpid, fsrm, gfni, f16c, cet_ibt, cet_ss
Processor Information for the first 20 processors :
  Max Mhz: 2600, Current Mhz: 2600, Mhz Limit: 2600

Memory: 4k page, system-wide physical 32387M (16531M free)
TotalPageFile size 34435M (AvailPageFile size 14852M)
current process WorkingSet (physical memory assigned to process): 271M, peak: 378M
current process commit charge ("private bytes"): 663M, peak: 786M

vm_info: Java HotSpot(TM) 64-Bit Server VM (24+36-3646) for windows-amd64 JRE (24+36-3646), built on 2025-02-06T00:20:43Z with MS VC++ 17.6 (VS2022)

END.
