#
# A fatal error has been detected by the Java Runtime Environment:
#
#  EXCEPTION_ACCESS_VIOLATION (0xc0000005) at pc=0x00007fff3558a47c, pid=8752, tid=22708
#
# JRE version: Java(TM) SE Runtime Environment (24.0+36) (build 24+36-3646)
# Java VM: Java HotSpot(TM) 64-Bit Server VM (24+36-3646, mixed mode, sharing, tiered, compressed oops, compressed class ptrs, g1 gc, windows-amd64)
# Problematic frame:
# V  [jvm.dll+0x42a47c]
#
# No core dump will be written. Minidumps are not enabled by default on client versions of Windows
#
# If you would like to submit a bug report, please visit:
#   https://bugreport.java.com/bugreport/crash.jsp
#

---------------  S U M M A R Y ------------

Command Line: -javaagent:D:\IntelliJ IDEA Community Edition 2024.3.5\lib\idea_rt.jar=56616 -Dfile.encoding=UTF-8 -Dsun.stdout.encoding=UTF-8 -Dsun.stderr.encoding=UTF-8 -XX:+UnlockDiagnosticVMOptions -XX:+UnlockExperimentalVMOptions -DcompilerBlackholesEnabled=true -XX:CompileCommandFile=C:\Users\olga\AppData\Local\Temp\jmh11509141329820474773compilecommand org.openjdk.jmh.runner.ForkedMain 127.0.0.1 56618

Host: 13th Gen Intel(R) Core(TM) i7-13650HX, 20 cores, 31G,  Windows 11 , 64 bit Build 26100 (10.0.26100.7019)
Time: Sat Nov 15 18:23:01 2025 RTZ 2 (s 11 , 64 bit Build 26100 (10.0.26100.7019) elapsed time: 151.818612 seconds (0d 0h 2m 31s)

---------------  T H R E A D  ---------------

Current thread (0x000002382b8cb9d0):  JavaThread "<no-name - thread is attaching>"        [_thread_in_vm, id=22708, stack(0x000000f17a900000,0x000000f17aa00000) (1024K)]

Stack: [0x000000f17a900000,0x000000f17aa00000],  sp=0x000000f17a9fee50,  free space=1019k
Native frames: (J=compiled Java code, j=interpreted, Vv=VM code, C=native code)
V  [jvm.dll+0x42a47c]  (no source info available)
V  [jvm.dll+0x4c941b]  (no source info available)
C  0x00000238163de0f9  (no source info available)

The last pc belongs to native nmethod (printed below).
Java frames: (J=compiled Java code, j=interpreted, Vv=VM code)
J 3462  java.lang.Object.wait0(J)V java.base@24 (0 bytes) @ 0x00000238163de16e [0x00000238163de080+0x00000000000000ee]
J 3533 c1 java.lang.Object.wait(J)V java.base@24 (59 bytes) @ 0x000002380ec63664 [0x000002380ec63380+0x00000000000002e4]
J 3371 c1 org.graalvm.visualvm.lib.jfluid.server.ProfilerServer.getLastResponse()Lorg/graalvm/visualvm/lib/jfluid/wireprotocol/Response; (68 bytes) @ 0x000002380ebf4cf4 [0x000002380ebf4980+0x0000000000000374]
j  org.graalvm.visualvm.lib.jfluid.server.ProfilerInterface.firstTimeVMObjectAlloc(Ljava/lang/String;I)I+33
J 3478 c2 java.lang.Object.<init>()V java.base@24 (9 bytes) @ 0x00000238163ebdac [0x00000238163ead00+0x00000000000010ac]
j  java.lang.Thread.<init>(Ljava/lang/ThreadGroup;Ljava/lang/String;ILjava/lang/Runnable;J)V+1 java.base@24
j  java.lang.Thread.<init>(Ljava/lang/ThreadGroup;Ljava/lang/String;)V+9 java.base@24
v  ~StubRoutines::call_stub 0x0000023815af0fcd

siginfo: EXCEPTION_ACCESS_VIOLATION (0xc0000005), writing address 0x0000000000000018


Registers:
RAX=0x0000000000000000, RBX=0x0000000000000191, RCX=0x0000000000000018, RDX=0x0000000000000044
RSP=0x000000f17a9fee50, RBP=0x000000f17a9fef30, RSI=0x000002382b8cb9d0, RDI=0x0000000000000191
R8 =0x0000000000000000, R9 =0x0000000000000018, R10=0x00000238163de16e, R11=0x000002380ebf4980
R12=0x0000000000000000, R13=0x0000000000000000, R14=0x000000f17a9ff001, R15=0x0000000000000000
RIP=0x00007fff3558a47c, EFLAGS=0x0000000000010246

XMM[0]=0x0000000000000000 0x0000000000000000
XMM[1]=0x0000000000000000 0x0000000000000000
XMM[2]=0x0000000000000000 0x0000000000000000
XMM[3]=0x0000000000000000 0x0000000000000000
XMM[4]=0x0000000000000000 0x0000000000000000
XMM[5]=0x0000000000000000 0x0000000000000000
XMM[6]=0x0000000000000000 0x0000000000000000
XMM[7]=0x0000000000000000 0x0000000000000000
XMM[8]=0x0000000000000000 0x0000000000000000
XMM[9]=0x0000000000000000 0x0000000000000000
XMM[10]=0x0000000000000000 0x0000000000000000
XMM[11]=0x0000000000000000 0x0000000000000000
XMM[12]=0x0000000000000000 0x0000000000000000
XMM[13]=0x0000000000000000 0x0000000000000000
XMM[14]=0x0000000000000000 0x0000000000000000
XMM[15]=0x0000000000000000 0x0000000000000000
  MXCSR=0x00001fa0


Register to memory mapping:

RAX=0x0 is null
RBX=0x0000000000000191 is an unknown value
RCX=0x0000000000000018 is an unknown value
RDX=0x0000000000000044 is an unknown value
RSP=0x000000f17a9fee50 is pointing into the stack for thread: 0x000002382b8cb9d0
RBP=0x000000f17a9fef30 is pointing into the stack for thread: 0x000002382b8cb9d0
RSI=0x000002382b8cb9d0 is a thread
RDI=0x0000000000000191 is an unknown value
R8 =0x0 is null
R9 =0x0000000000000018 is an unknown value
R10=0x00000238163de16e is at entry_point+238 in (nmethod*)0x00000238163ddf88
Compiled method (n/a) 151984 3462     n 0       java.lang.Object::wait0 (native)
 total in heap  [0x00000238163ddf88,0x00000238163de1e0] = 600
 relocation     [0x00000238163de060,0x00000238163de070] = 16
 main code      [0x00000238163de080,0x00000238163de1da] = 346
 stub code      [0x00000238163de1da,0x00000238163de1e0] = 6
R11=0x000002380ebf4980 is at entry_point+0 in (nmethod*)0x000002380ebf4808
Compiled method (c1) 151984 3371  s!   3       org.graalvm.visualvm.lib.jfluid.server.ProfilerServer::getLastResponse (68 bytes)
 total in heap  [0x000002380ebf4808,0x000002380ebf51a8] = 2464
 relocation     [0x000002380ebf48e0,0x000002380ebf4968] = 136
 main code      [0x000002380ebf4980,0x000002380ebf5128] = 1960
 stub code      [0x000002380ebf5128,0x000002380ebf5180] = 88
 oops           [0x000002380ebf5180,0x000002380ebf5188] = 8
 metadata       [0x000002380ebf5188,0x000002380ebf51a8] = 32
 immutable data [0x000002382badb6e0,0x000002382badb868] = 392
 dependencies   [0x000002382badb6e0,0x000002382badb6f0] = 16
 nul chk table  [0x000002382badb6f0,0x000002382badb700] = 16
 handler table  [0x000002382badb700,0x000002382badb758] = 88
 scopes pcs     [0x000002382badb758,0x000002382badb808] = 176
 scopes data    [0x000002382badb808,0x000002382badb868] = 96
R12=0x0 is null
R13=0x0 is null
R14=0x000000f17a9ff001 is pointing into the stack for thread: 0x000002382b8cb9d0
R15=0x0 is null

Top of Stack: (sp=0x000000f17a9fee50)
0x000000f17a9fee50:   c391be8c00000018 000000061c8df460   ........`.......
0x000000f17a9fee60:   00000018c390acdc 000000181c800000   ................
0x000000f17a9fee70:   00000238039b3578 00007fff3562941b   x5..8.....b5....
0x000000f17a9fee80:   0000000620abbd10 00000238c41577e2   ... .....w..8...
0x000000f17a9fee90:   000000061c8dd340 0000000000000400   @...............
0x000000f17a9feea0:   000002382b8cb9d0 000000f17a9ff088   ...+8......z....
0x000000f17a9feeb0:   000000f17a9ff010 0000000000000000   ...z............
0x000000f17a9feec0:   000002386d8cf460 00000238163de0f9   `..m8.....=.8...
0x000000f17a9feed0:   000002386d8ceb0d 0000000000000180   ...m8...........
0x000000f17a9feee0:   000000f17a9fef30 000000061c8d9b10   0..z............
0x000000f17a9feef0:   000000061c8d9b10 000002386d8ceb38   ........8..m8...
0x000000f17a9fef00:   000000061c8dd318 000002381631aca0   ..........1.8...
0x000000f17a9fef10:   000002382b8cb9d0 000000f17a9ff088   ...+8......z....
0x000000f17a9fef20:   000000f17a9ff010 0000000000000000   ...z............
0x000000f17a9fef30:   000000f17a9ff058 000002380ec63664   X..z....d6..8...
0x000000f17a9fef40:   0000000000000018 000000061c8d9b10   ................
0x000000f17a9fef50:   000000061c8d96c0 0000000000000670   ........p.......
0x000000f17a9fef60:   000000f17a9fef90 0000000620abbee0   ...z....... ....
0x000000f17a9fef70:   000002386d942248 000000f17a9fefe8   H".m8......z....
0x000000f17a9fef80:   fffffffffffffff7 0000023872a73242   ........B2.r8...
0x000000f17a9fef90:   000000f17a9ff058 000002380ebf4cf4   X..z.....L..8...
0x000000f17a9fefa0:   000000f17a9fefe8 000000061c8d9b10   ...z............
0x000000f17a9fefb0:   000002386d8cebc8 0000000000000000   ...m8...........
0x000000f17a9fefc0:   0000000623295bd0 000000061c8d96c0   .[)#............
0x000000f17a9fefd0:   0000000000000000 000000061c8d96c0   ................
0x000000f17a9fefe0:   000000061c8d99e0 0000023815af8800   ............8...
0x000000f17a9feff0:   000000061c8d9b10 0000023815af8800   ............8...
0x000000f17a9ff000:   000000f17a9ff058 0000023815af899a   X..z........8...
0x000000f17a9ff010:   fffffffffffffff7 000002386d973e29   ........)>.m8...
0x000000f17a9ff020:   0000000000000006 000002386d9784a8   ...........m8...
0x000000f17a9ff030:   000002386d8d3890 000000061c8ce0a8   .8.m8...........
0x000000f17a9ff040:   000002386d973ef8 fffffffffffffff7   .>.m8...........

Instructions: (pc=0x00007fff3558a47c)
  0x00007fff3558a37c:   cc cc cc cc 4c 8b c2 48 63 15 ae e4 86 00 48 ff
  0x00007fff3558a38c:   25 1f 45 80 00 cc cc cc cc cc cc cc cc cc cc cc
  0x00007fff3558a39c:   cc cc cc cc 4c 8b c2 48 63 15 4a e5 86 00 48 ff
  0x00007fff3558a3ac:   25 ff 44 80 00 cc cc cc cc cc cc cc cc cc cc cc
  0x00007fff3558a3bc:   cc cc cc cc 4c 8b c2 48 63 15 62 e5 86 00 48 ff
  0x00007fff3558a3cc:   25 df 44 80 00 cc cc cc cc cc cc cc cc cc cc cc
  0x00007fff3558a3dc:   cc cc cc cc 4c 8b c2 48 63 15 66 e5 86 00 48 ff
  0x00007fff3558a3ec:   25 bf 44 80 00 cc cc cc cc cc cc cc cc cc cc cc
  0x00007fff3558a3fc:   cc cc cc cc 4c 8b c2 48 63 15 fe e4 86 00 48 ff
  0x00007fff3558a40c:   25 9f 44 80 00 cc cc cc cc cc cc cc cc cc cc cc
  0x00007fff3558a41c:   cc cc cc cc 48 63 05 fd e4 86 00 89 14 08 c3 cc
  0x00007fff3558a42c:   cc cc cc cc 48 63 05 0d e5 86 00 89 14 08 c3 cc
  0x00007fff3558a43c:   cc cc cc cc 48 63 05 b9 e4 86 00 89 14 08 c3 cc
  0x00007fff3558a44c:   cc cc cc cc 44 8b c2 8b 15 5f e4 86 00 e9 42 03
  0x00007fff3558a45c:   2f 00 cc cc 40 53 48 83 ec 20 8b da 48 63 15 cd
  0x00007fff3558a46c:   e3 86 00 ff 15 73 36 80 00 48 63 0d 18 e4 86 00
=>0x00007fff3558a47c:   89 1c 01 48 83 c4 20 5b c3 cc cc cc cc cc cc cc
  0x00007fff3558a48c:   cc cc cc cc 48 63 05 31 e4 86 00 48 89 14 08 c3
  0x00007fff3558a49c:   cc cc cc cc 48 63 05 a5 e4 86 00 c6 04 08 01 c3
  0x00007fff3558a4ac:   cc cc cc cc 4c 8b c2 48 63 15 b2 e5 86 00 48 ff
  0x00007fff3558a4bc:   25 ef 43 80 00 cc cc cc cc cc cc cc cc cc cc cc
  0x00007fff3558a4cc:   cc cc cc cc 4c 8b c2 48 63 15 1a e5 86 00 48 ff
  0x00007fff3558a4dc:   25 cf 43 80 00 cc cc cc cc cc cc cc cc cc cc cc
  0x00007fff3558a4ec:   cc cc cc cc 4c 8b c2 48 63 15 46 e4 86 00 48 ff
  0x00007fff3558a4fc:   25 af 43 80 00 cc cc cc cc cc cc cc cc cc cc cc
  0x00007fff3558a50c:   cc cc cc cc 48 83 ec 48 48 8b 0d 65 f1 8b 00 48
  0x00007fff3558a51c:   8d 05 66 88 62 00 48 89 44 24 20 48 8d 54 24 20
  0x00007fff3558a52c:   8b 05 2e af 89 00 89 44 24 2c 0f b6 05 5a d2 86
  0x00007fff3558a53c:   00 88 44 24 31 8b 05 1d b5 85 00 89 44 24 34 c7
  0x00007fff3558a54c:   44 24 28 08 00 00 00 c6 44 24 30 00 e8 d3 3b fd
  0x00007fff3558a55c:   ff 48 83 c4 48 c3 cc cc cc cc cc cc cc cc cc cc
  0x00007fff3558a56c:   cc cc cc cc 4c 8b c2 8b 15 87 e4 86 00 e9 d2 f8


Stack slot to memory mapping:

stack at sp + 0 slots: 0xc391be8c00000018 is an unknown value
stack at sp + 1 slots: 0x000000061c8df460 is an oop: java.lang.Object 
{0x000000061c8df460} - klass: 'java/lang/Object' - flags: 

 - ---- fields (total size 2 words):
stack at sp + 2 slots: 0x00000018c390acdc is an unknown value
stack at sp + 3 slots: 0x000000181c800000 is an unknown value
stack at sp + 4 slots: 0x00000238039b3578 points into unknown readable memory: 0x000000061c8d9b10 | 10 9b 8d 1c 06 00 00 00
stack at sp + 5 slots: 0x00007fff3562941b jvm.dll
stack at sp + 6 slots: 0x0000000620abbd10 is an oop: java.lang.Thread 
{0x0000000620abbd10} - klass: 'java/lang/Thread' - flags: 

 - ---- fields (total size 14 words):
 - 'threadLocalRandomProbe' 'I' @12  0 (0x00000000)
 - private volatile 'eetop' 'J' @16  2440272067024 (0x000002382b8cb9d0)
 - private final 'tid' 'J' @24  0 (0x0000000000000000)
 - 'threadLocalRandomSeed' 'J' @32  0 (0x0000000000000000)
 - injected 'jvmti_thread_state' 'J' @40  0 (0x0000000000000000)
 - 'threadLocalRandomSecondarySeed' 'I' @48  0 (0x00000000)
 - injected 'jvmti_VTMS_transition_disable_count' 'I' @52  0 (0x00000000)
 - injected 'jfr_epoch' 'S' @56  0 (0x0000)
 - volatile 'interrupted' 'Z' @58  false (0x00)
 - injected 'jvmti_is_in_VTMS_transition' 'Z' @59  false (0x00)
 - private volatile 'name' 'Ljava/lang/String;' @60  null (0x00000000)
 - private volatile 'contextClassLoader' 'Ljava/lang/ClassLoader;' @64  null (0x00000000)
 - private final 'holder' 'Ljava/lang/Thread$FieldHolder;' @68  null (0x00000000)
 - 'threadLocals' 'Ljava/lang/ThreadLocal$ThreadLocalMap;' @72  a 'java/lang/ThreadLocal$ThreadLocalMap'{0x0000000620abbe58} (0xc41577cb)
 - 'inheritableThreadLocals' 'Ljava/lang/ThreadLocal$ThreadLocalMap;' @76  null (0x00000000)
 - private 'scopedValueBindings' 'Ljava/lang/Object;' @80  null (0x00000000)
 - final 'interruptLock' 'Ljava/lang/Object;' @84  null (0x00000000)
 - private volatile 'parkBlocker' 'Ljava/lang/Object;' @88  null (0x00000000)
 - private 'nioBlocker' 'Lsun/nio/ch/Interruptible;' @92  null (0x00000000)
 - private 'cont' 'Ljdk/internal/vm/Continuation;' @96  null (0x00000000)
 - private volatile 'uncaughtExceptionHandler' 'Ljava/lang/Thread$UncaughtExceptionHandler;' @100  null (0x00000000)
 - private 'container' 'Ljdk/internal/vm/ThreadContainer;' @104  null (0x00000000)
 - private volatile 'headStackableScopes' 'Ljdk/internal/vm/StackableScope;' @108  null (0x00000000)
stack at sp + 7 slots: 0x00000238c41577e2 is an unknown value

Lock stack of current Java thread (top to bottom):
LockStack[0]: java.lang.Class 
{0x000000061c8d99e0} - klass: 'java/lang/Class' - flags: 

 - ---- fields (total size 38 words):
 - private volatile transient 'classRedefinedCount' 'I' @12  1 (0x00000001)
 - injected 'klass' 'J' @16  2440297109960 (0x000002382d0ad9c8)
 - injected 'array_klass' 'J' @24  0 (0x0000000000000000)
 - injected 'oop_size' 'I' @32  38 (0x00000026)
 - injected 'static_oop_field_count' 'I' @36  39 (0x00000027)
 - private volatile transient 'cachedConstructor' 'Ljava/lang/reflect/Constructor;' @40  null (0x00000000)
 - private transient 'name' 'Ljava/lang/String;' @44  "org.graalvm.visualvm.lib.jfluid.server.ProfilerServer"{0x000000061c8dcc60} (0xc391b98c)
 - private transient 'module' 'Ljava/lang/Module;' @48  a 'java/lang/Module'{0x000000061c8dccc0} (0xc391b998)
 - private final 'classLoader' 'Ljava/lang/ClassLoader;' @52  null (0x00000000)
 - private transient 'classData' 'Ljava/lang/Object;' @56  null (0x00000000)
 - private transient 'signers' '[Ljava/lang/Object;' @60  null (0x00000000)
 - private transient 'packageName' 'Ljava/lang/String;' @64  null (0x00000000)
 - private final 'componentType' 'Ljava/lang/Class;' @68  null (0x00000000)
 - private volatile transient 'reflectionData' 'Ljava/lang/ref/SoftReference;' @72  null (0x00000000)
 - private volatile transient 'genericInfo' 'Lsun/reflect/generics/repository/ClassRepository;' @76  null (0x00000000)
 - private volatile transient 'enumConstants' '[Ljava/lang/Object;' @80  null (0x00000000)
 - private volatile transient 'enumConstantDirectory' 'Ljava/util/Map;' @84  null (0x00000000)
 - private volatile transient 'annotationData' 'Ljava/lang/Class$AnnotationData;' @88  null (0x00000000)
 - private volatile transient 'annotationType' 'Lsun/reflect/annotation/AnnotationType;' @92  null (0x00000000)
 - transient 'classValueMap' 'Ljava/lang/ClassValue$ClassValueMap;' @96  null (0x00000000)
 - injected 'protection_domain' 'Ljava/lang/Object;' @100  null (0x00000000)
 - injected 'source_file' 'Ljava/lang/Object;' @104  "ProfilerServer.java"{0x000000061c8dccf8} (0xc391b99f)
 - injected '<init_lock>' 'Ljava/lang/Object;' @108  null (0x00000000)
 - signature: Lorg/graalvm/visualvm/lib/jfluid/server/ProfilerServer;
 - ---- static fields (39):
 - private static 'messages' 'Ljava/util/ResourceBundle;' @112  a 'java/util/PropertyResourceBundle'{0x000000061c8dab60} (0xc391b56c)
 - private static 'ENTER_TO_SHUTDOWN_MSG' 'Ljava/lang/String;' @116  "Press ENTER to shut down the target JVM..."{0x000000061c8dab08} (0xc391b561)
 - private static 'MAIN_CLASS_NOT_PUBLIC_MSG' 'Ljava/lang/String;' @120  "Main class {0} is not public.\x0AProfiler can not start it"{0x000000061c8daaa8} (0xc391b555)
 - private static 'INCORRECT_MAIN_MODIFIERS_MSG' 'Ljava/lang/String;' @124  "Method {0}.main(String args[]) has incorrect modifiers"{0x000000061c8daa48} (0xc391b549)
 - private static 'UNEXPECTED_EXCEPTION_MSG' 'Ljava/lang/String;' @128  "Target application threw an unexpected exception: {0}"{0x000000061c8da9e8} (0xc391b53d)
 - private static 'ELAPSED_TIME_MSG' 'Ljava/lang/String;' @132  "Main application thread elapsed time: {0} ms."{0x000000061c8da990} (0xc391b532)
 - private static 'CONNECTION_MSG' 'Ljava/lang/String;' @136  "Profiler Agent: Established connection with the tool"{0x000000061c8da930} (0xc391b526)
 - private static 'WAITING_ON_PORT_MSG' 'Ljava/lang/String;' @140  "Profiler Agent: Waiting for connection on port {0} (Protocol version: {1})"{0x000000061c8da8b8} (0xc391b517)
 - private static 'WAITING_ON_PORT_TIMEOUT_MSG' 'Ljava/lang/String;' @144  "Profiler Agent: Waiting for connection on port {0}, timeout {1} seconds (Protocol version: {2})"{0x000000061c8da830} (0xc391b506)
 - private static 'CONNECTION_EXCEPTION_MSG' 'Ljava/lang/String;' @148  "Profiler Agent Error: Exception when trying to establish connection with client:\x0A{0}"{0x000000061c8da7b0} (0xc391b4f6)
 - private static 'CONNECTION_EXCEPTION_BIND_MSG' 'Ljava/lang/String;' @152  "Profiler Agent Error: Make sure the previously profiled process has been fully terminated"{0x000000061c8da728} (0xc391b4e5)
 - private static 'CONNECTION_TIMEOUT_MSG' 'Ljava/lang/String;' @156  "Profiler Agent Error: Timed out trying to establish connection with client"{0x000000061c8da6b0} (0xc391b4d6)
 - private static 'AGENT_ERROR_MSG' 'Ljava/lang/String;' @160  "Profiler Agent Error: {0}"{0x000000061c8da668} (0xc391b4cd)
 - private static 'CONNECTION_INTERRUPTED_MSG' 'Ljava/lang/String;' @164  "Profiler Agent Error: Connection with client interrupted"{0x000000061c8da608} (0xc391b4c1)
 - private static 'COMMAND_EXCEPTION_MSG' 'Ljava/lang/String;' @168  "Profiler Agent Error: Exception when handling command from client:\x0A{0}"{0x000000061c8da598} (0xc391b4b3)
 - private static 'RESPONSE_EXCEPTION_MSG' 'Ljava/lang/String;' @172  "Profiler Agent Error: Exception when trying to send response or command to client:\x0A{0}"{0x000000061c8da518} (0xc391b4a3)
 - private static 'CONNECTION_CLOSED_MSG' 'Ljava/lang/String;' @176  "Profiler Agent: Connection with agent closed"{0x000000061c8da4c0} (0xc391b498)
 - private static 'CONNECTION_CLOSED_EX_MSG' 'Ljava/lang/String;' @180  "Profiler Agent: Connection with agent closed (ProfilingSessionStatus was null)"{0x000000061c8da448} (0xc391b489)
 - private static 'INCORRECT_AGENT_ID_MSG' 'Ljava/lang/String;' @184  "Profiler Agent Warning: Wrong agentId specified: {0}"{0x000000061c8da3e8} (0xc391b47d)
 - private static 'THREAD_EXCEPTION_MSG' 'Ljava/lang/String;' @188  "Profiler Agent Error: Exception in executeInSeparateThread()"{0x000000061c8da380} (0xc391b470)
 - private static 'THREAD_WAIT_EXCEPTION_MSG' 'Ljava/lang/String;' @192  "Profiler Agent Error: Exception in wait in SeparateCmdExecutionThread"{0x000000061c8da310} (0xc391b462)
 - private static 'LOCAL_SESSION_MSG' 'Ljava/lang/String;' @196  "Profiler Agent: Local accelerated session"{0x000000061c8da2b8} (0xc391b457)
 - private static 'REMOTE_SESSION_MSG' 'Ljava/lang/String;' @200  "Profiler Agent: Standard session"{0x000000061c8da270} (0xc391b44e)
 - public static final 'ATTACH_DYNAMIC' 'I' @268  0 (0x00000000)
 - public static final 'ATTACH_DIRECT' 'I' @272  1 (0x00000001)
 - private static volatile 'profilerInterfaceInitialized' 'Z' @292  true (0x01)
 - private static volatile 'connectionOpen' 'Z' @293  true (0x01)
 - private static volatile 'connectionFailed' 'Z' @294  false (0x00)
 - private static volatile 'detachCommandReceived' 'Z' @295  false (0x00)
 - private static 'profilerServer' 'Lorg/graalvm/visualvm/lib/jfluid/server/ProfilerServer;' @204  a 'org/graalvm/visualvm/lib/jfluid/server/ProfilerServer'{0x000000061c8d96c0} (0xc391b2d8)
 - private static 'status' 'Lorg/graalvm/visualvm/lib/jfluid/global/ProfilingSessionStatus;' @208  a 'org/graalvm/visualvm/lib/jfluid/global/ProfilingSessionStatus'{0x000000061c8d9fc8} (0xc391b3f9)
 - private static volatile 'startTargetApp' 'Z' @296  false (0x00)
 - private static volatile 'targetAppMainThreadComplete' 'Z' @297  false (0x00)
 - private static volatile 'startupException' 'Ljava/lang/Exception;' @212  null (0x00000000)
 - private static final 'targetAppRunningLock' 'Ljava/lang/Object;' @216  a 'java/lang/Object'{0x000000061c8d9fb8} (0xc391b3f7)
 - private static 'mainThread' 'Ljava/lang/Thread;' @220  null (0x00000000)
 - private static 'separateCmdExecutionThread' 'Lorg/graalvm/visualvm/lib/jfluid/server/ProfilerServer$SeparateCmdExecutionThread;' @224  a 'org/graalvm/visualvm/lib/jfluid/server/ProfilerServer$SeparateCmdExecutionThread'{0x000000061c8d9ca0} (0xc391b394)
 - private static 'shutdownWaitThread' 'Lorg/graalvm/visualvm/lib/jfluid/server/ProfilerServer$ShutdownWaitThread;' @228  a 'org/graalvm/visualvm/lib/jfluid/server/ProfilerServer$ShutdownWaitThread'{0x000000061c8d9ba0} (0xc391b374)
 - static final 'execInSeparateThreadLock' 'Ljava/lang/Object;' @232  a 'java/lang/Object'{0x000000061c8d9b90} (0xc391b372)
 - static 'execInSeparateThreadOpCode' 'I' @276  40 (0x00000028)
 - private static volatile 'preemptExit' 'Z' @298  true (0x01)
 - private static 'shutdownOK' 'Z' @299  false (0x00)
 - private static final 'shutdownLock' 'Ljava/lang/Object;' @236  a 'java/lang/Object'{0x000000061c8d9b80} (0xc391b370)
 - private static final 'resultsNotifiedLock' 'Ljava/lang/Object;' @240  a 'java/lang/Object'{0x000000061c8d9b70} (0xc391b36e)
 - private static 'resultsNotified' 'Z' @300  true (0x01)
 - private static 'resourcesInitialized' 'Z' @301  true (0x01)
 - private static '_fullJFluidPath' 'Ljava/lang/String;' @244  "D:\visualvm_22\visualvm_22\visualvm\lib"{0x000000061c8d9b20} (0xc391b364)
 - private static '_portNo' 'I' @280  5140 (0x00001414)
 - private static '_activateCode' 'I' @284  0 (0x00000000)
 - private static '_timeOut' 'I' @288  0 (0x00000000)
 - private static 'lastResponse' 'Lorg/graalvm/visualvm/lib/jfluid/wireprotocol/Response;' @248  null (0x00000000)
 - private static final 'responseLock' 'Ljava/lang/Object;' @252  a 'java/lang/Object'{0x000000061c8d9b10} (0xc391b362)
 - static synthetic 'array$Ljava$lang$String' 'Ljava/lang/Class;' @256  null (0x00000000)
 - static synthetic 'class$java$lang$Class' 'Ljava/lang/Class;' @260  null (0x00000000)
 - static synthetic 'class$java$lang$ClassLoader' 'Ljava/lang/Class;' @264  null (0x00000000)


Compiled method (n/a) 152084 3462     n 0       java.lang.Object::wait0 (native)
 total in heap  [0x00000238163ddf88,0x00000238163de1e0] = 600
 relocation     [0x00000238163de060,0x00000238163de070] = 16
 main code      [0x00000238163de080,0x00000238163de1da] = 346
 stub code      [0x00000238163de1da,0x00000238163de1e0] = 6

[Constant Pool (empty)]

[MachCode]
[Entry Point]
  # {method} {0x000002386d8cc7e0} 'wait0' '(J)V' in 'java/lang/Object'
  # this:     rdx:rdx   = 'java/lang/Object'
  # parm0:    r8:r8     = long
  #           [sp+0x70]  (sp of caller)
  0x00000238163de080: 6690 448b | 5208 443b 

  0x00000238163de088: ;   {runtime_call Shared Runtime ic_miss_blob}
  0x00000238163de088: 5008 0f85 | d006 76ff 
[Verified Entry Point]
  0x00000238163de090: 8984 2400 | 80ff ff55 | 488b ec48 | 83ec 6090 | 4181 7f20 | 0100 0000 

  0x00000238163de0a8: ;   {runtime_call StubRoutines (final stubs)}
  0x00000238163de0a8: 7405 e851 | 7874 ff48 | 8954 2420 | 4883 fa00 | 488d 5424 | 2048 0f44 | 5424 204c | 8d15 a400 
  0x00000238163de0c8: 0000 4d89 | 97b0 0300 | 00c5 f877 | 4989 a7a8 | 0300 0049 | 8d8f c803 | 0000 41c7 | 8754 0400 
  0x00000238163de0e8: 0004 0000 

  0x00000238163de0ec: ;   {runtime_call}
  0x00000238163de0ec: 0048 b8d0 | 9262 35ff | 7f00 00ff | d0c5 f877 | 41c7 8754 | 0400 0005 | 0000 00f0 | 8344 24c0 
  0x00000238163de10c: 0049 3b6f | 280f 870e | 0000 0041 | 83bf 5004 | 0000 000f | 8423 0000 | 00c5 f877 | 498b cf4c 
  0x00000238163de12c: 8be4 4883 | ec20 4883 

  0x00000238163de134: ;   {runtime_call}
  0x00000238163de134: e4f0 48b8 | c0ba 5835 | ff7f 0000 | ffd0 498b | e44d 33e4 | 41c7 8754 | 0400 0008 | 0000 004d 
  0x00000238163de154: 8b97 7005 | 0000 4983 | fa00 740e | 49c7 8770 | 0500 0000 | 0000 0041 | ffe2 4183 | bfd0 0400 
  0x00000238163de174: 0002 0f84 | 3c00 0000 | 49c7 87a8 | 0300 0000 | 0000 0049 | c787 b003 | 0000 0000 | 0000 c5f8 
  0x00000238163de194: 7749 8b8f | 3804 0000 | c781 0001 | 0000 0000 | 0000 c949 | 837f 0800 | 0f85 0100 

  0x00000238163de1b0: ;   {runtime_call StubRoutines (initial stubs)}
  0x00000238163de1b0: 0000 c3e9 | 082d 71ff | c5f8 774c | 8be4 4883 | ec20 4883 

  0x00000238163de1c4: ;   {runtime_call}
  0x00000238163de1c4: e4f0 48b8 | 6058 9035 | ff7f 0000 | ffd0 498b | e44d 33e4 | eba2 f4f4 | f4f4 f4f4 
[/MachCode]


Compiled method (c1) 152094 3533   !   3       java.lang.Object::wait (59 bytes)
 total in heap  [0x000002380ec63208,0x000002380ec63908] = 1792
 relocation     [0x000002380ec632e0,0x000002380ec63368] = 136
 main code      [0x000002380ec63380,0x000002380ec63898] = 1304
 stub code      [0x000002380ec63898,0x000002380ec638f8] = 96
 metadata       [0x000002380ec638f8,0x000002380ec63908] = 16
 immutable data [0x000002382b754930,0x000002382b754a78] = 328
 dependencies   [0x000002382b754930,0x000002382b754938] = 8
 nul chk table  [0x000002382b754938,0x000002382b754948] = 16
 handler table  [0x000002382b754948,0x000002382b754960] = 24
 scopes pcs     [0x000002382b754960,0x000002382b754a10] = 176
 scopes data    [0x000002382b754a10,0x000002382b754a78] = 104

[Constant Pool (empty)]

[MachCode]
[Instructions begin]
  0x000002380ec63380: 6666 660f | 1f84 0000 | 0000 0066 | 6666 9066 | 6690 448b | 5208 443b 

  0x000002380ec63398: ;   {runtime_call Shared Runtime ic_miss_blob}
  0x000002380ec63398: 5008 0f85 | c0b3 ed06 
[Verified Entry Point]
  0x000002380ec633a0: 8984 2400 | 80ff ff55 | 4883 ec50 | 4181 7f20 | 0100 0000 

  0x000002380ec633b4: ;   {runtime_call StubRoutines (final stubs)}
  0x000002380ec633b4: 7405 e845 

  0x000002380ec633b8: ;   {metadata(method data for {method} {0x000002386d8cc748} 'wait' '(J)V' in 'java/lang/Object')}
  0x000002380ec633b8: 25ec 0648 | be60 f48c | 6d38 0200 | 008b becc | 0000 0083 | c702 89be | cc00 0000 | 81e7 fe07 
  0x000002380ec633d8: 0000 85ff | 0f84 0404 | 0000 498b | f0bf 0000 | 0000 483b 

  0x000002380ec633ec: ;   {metadata(method data for {method} {0x000002386d8cc748} 'wait' '(J)V' in 'java/lang/Object')}
  0x000002380ec633ec: f748 be60 | f48c 6d38 | 0200 00bf | 2001 0000 | 7c05 bf10 | 0100 0048 | 8b1c 3e48 | 8d5b 0148 
  0x000002380ec6340c: 891c 3e0f | 8c67 0200 

  0x000002380ec63414: ;   {metadata(method data for {method} {0x000002386d8cc748} 'wait' '(J)V' in 'java/lang/Object')}
  0x000002380ec63414: 0048 be60 | f48c 6d38 | 0200 0048 | 8386 4001 | 0000 0149 | 8bb7 9003 | 0000 488b | 3648 85f6 
  0x000002380ec63434: ;   {metadata(method data for {method} {0x000002386d8cc748} 'wait' '(J)V' in 'java/lang/Object')}
  0x000002380ec63434: 48b8 60f4 | 8c6d 3802 | 0000 750c | 8088 4901 | 0000 01e9 | ae00 0000 | 8b4e 0849 | ba00 0000 
  0x000002380ec63454: 2c38 0200 | 0049 03ca | 483b 8858 | 0100 0075 | 0d48 8380 | 6001 0000 | 01e9 6000 | 0000 483b 
  0x000002380ec63474: 8868 0100 | 0075 0d48 | 8380 7001 | 0000 01e9 | 4a00 0000 | 4883 b858 | 0100 0000 | 7517 4889 
  0x000002380ec63494: 8858 0100 | 0048 c780 | 6001 0000 | 0100 0000 | e929 0000 | 0048 83b8 | 6801 0000 | 0075 1748 
  0x000002380ec634b4: 8988 6801 | 0000 48c7 | 8070 0100 | 0001 0000 | 00e9 0800 | 0000 4883 | 8050 0100 

  0x000002380ec634d0: ;   {metadata('java/lang/VirtualThread')}
  0x000002380ec634d0: 0001 48b9 | f07e 182c | 3802 0000 | 8b5e 0849 | ba00 0000 | 2c38 0200 | 0049 03da | 483b cb0f 
  0x000002380ec634f0: 8505 0000 | 00e9 0500 | 0000 4833 | ffeb 05bf | 0100 0000 

  0x000002380ec63504: ;   {metadata(method data for {method} {0x000002386d8cc748} 'wait' '(J)V' in 'java/lang/Object')}
  0x000002380ec63504: 85ff 48bf | 60f4 8c6d | 3802 0000 | bb80 0100 | 0074 05bb | 9001 0000 | 488b 041f | 488d 4001 
  0x000002380ec63524: 4889 041f | 0f84 1701 | 0000 4885 

  0x000002380ec63530: ;   {metadata(method data for {method} {0x000002386d8cc748} 'wait' '(J)V' in 'java/lang/Object')}
  0x000002380ec63530: f648 bb60 | f48c 6d38 | 0200 0075 | 0c80 8b99 | 0100 0001 | e9ae 0000 | 008b 4608 | 49ba 0000 
  0x000002380ec63550: 002c 3802 | 0000 4903 | c248 3b83 | a801 0000 | 750d 4883 | 83b0 0100 | 0001 e960 | 0000 0048 
  0x000002380ec63570: 3b83 b801 | 0000 750d | 4883 83c0 | 0100 0001 | e94a 0000 | 0048 83bb | a801 0000 | 0075 1748 
  0x000002380ec63590: 8983 a801 | 0000 48c7 | 83b0 0100 | 0001 0000 | 00e9 2900 | 0000 4883 | bbb8 0100 | 0000 7517 
  0x000002380ec635b0: 4889 83b8 | 0100 0048 | c783 c001 | 0000 0100 | 0000 e908 | 0000 0048 | 8383 a001 

  0x000002380ec635cc: ;   {metadata('java/lang/VirtualThread')}
  0x000002380ec635cc: 0000 0148 | b8f0 7e18 | 2c38 0200 | 008b 7e08 | 49ba 0000 | 002c 3802 | 0000 4903 | fa48 3bc7 
  0x000002380ec635ec: 0f85 1502 | 0000 e900 | 0000 0048 | 8974 2428 

  0x000002380ec635fc: ;   {metadata(method data for {method} {0x000002386d8cc748} 'wait' '(J)V' in 'java/lang/Object')}
  0x000002380ec635fc: 488b fa48 | bb60 f48c | 6d38 0200 | 0048 8383 | d001 0000 | 0166 0f1f 

  0x000002380ec63614: ;   {optimized virtual_call}
  0x000002380ec63614: 4400 00e8 

  0x000002380ec63618: ; ImmutableOopMap {[40]=Oop }
                      ;*invokevirtual wait0 {reexecute=0 rethrow=0 return_oop=0}
                      ; - java.lang.Object::wait@37 (line 382)
  0x000002380ec63618: 44b4 ed06 

  0x000002380ec6361c: ;   {post_call_nop}
  0x000002380ec6361c: 0f1f 8400 | 1404 0000 

  0x000002380ec63624: ;   {metadata(method data for {method} {0x000002386d8cc748} 'wait' '(J)V' in 'java/lang/Object')}
  0x000002380ec63624: 49b8 60f4 | 8c6d 3802 | 0000 41ff | 8000 0200 | 0048 83c4 

  0x000002380ec63638: ;   {poll_return}
  0x000002380ec63638: 505d 493b | 6728 0f87 | cc01 0000 | c348 8bf2 

  0x000002380ec63648: ;   {metadata(method data for {method} {0x000002386d8cc748} 'wait' '(J)V' in 'java/lang/Object')}
  0x000002380ec63648: 48bf 60f4 | 8c6d 3802 | 0000 4883 | 8748 0200 | 0001 0f1f 

  0x000002380ec6365c: ;   {optimized virtual_call}
  0x000002380ec6365c: 4400 00e8 

  0x000002380ec63660: ; ImmutableOopMap {}
                      ;*invokevirtual wait0 {reexecute=0 rethrow=0 return_oop=0}
                      ; - java.lang.Object::wait@55 (line 389)
  0x000002380ec63660: 2caa 7707 

  0x000002380ec63664: ;   {post_call_nop}
  0x000002380ec63664: 0f1f 8400 | 5c04 0001 | 4883 c450 

  0x000002380ec63670: ;   {poll_return}
  0x000002380ec63670: 5d49 3b67 | 280f 87ab | 0100 00c3 | 0f1f 4000 

  0x000002380ec63680: ;   {no_reloc}
  0x000002380ec63680: e9c6 0100 | 0000 0000 | 0000 498b | 87c8 0100 | 0048 8d78 | 2849 3bbf | d801 0000 | 0f87 b301 
  0x000002380ec636a0: 0000 4989 | bfc8 0100 | 0048 c700 | 0100 0000 | 488b ca49 | ba00 0000 | 2c38 0200 | 0049 2bca 
  0x000002380ec636c0: 8948 0848 | 33c9 8948 | 0c48 33c9 | 4889 4810 | 4889 4818 | 4889 4820 

  0x000002380ec636d8: ;   {metadata(method data for {method} {0x000002386d8cc748} 'wait' '(J)V' in 'java/lang/Object')}
  0x000002380ec636d8: 4c8b c048 | ba60 f48c | 6d38 0200 | 0048 8382 | 3001 0000 

  0x000002380ec636ec: ;   {oop("timeout value is negative"{0x00000007ffc178e0})}
  0x000002380ec636ec: 0149 b8e0 | 78c1 ff07 | 0000 0048 | 8bd0 4889 

  0x000002380ec636fc: ;   {optimized virtual_call}
  0x000002380ec636fc: 4424 30e8 

  0x000002380ec63700: ; ImmutableOopMap {[48]=Oop }
                      ;*invokespecial <init> {reexecute=0 rethrow=0 return_oop=0}
                      ; - java.lang.Object::wait@12 (line 377)
  0x000002380ec63700: 5cb3 ed06 

  0x000002380ec63704: ;   {post_call_nop}
  0x000002380ec63704: 0f1f 8400 | fc04 0002 | 488b 4424 | 30e9 7801 | 0000 498b | 8708 0500 | 004d 33d2 | 4d89 9708 
  0x000002380ec63724: 0500 004d | 33d2 4d89 | 9710 0500 | 0048 3b06 

  0x000002380ec63734: ;   {metadata(method data for {method} {0x000002386d8cc748} 'wait' '(J)V' in 'java/lang/Object')}
  0x000002380ec63734: 488b d648 | bf60 f48c | 6d38 0200 | 008b 5208 | 49ba 0000 | 002c 3802 | 0000 4903 | d248 3b97 
  0x000002380ec63754: 2002 0000 | 750d 4883 | 8728 0200 | 0001 e960 | 0000 0048 | 3b97 3002 | 0000 750d | 4883 8738 
  0x000002380ec63774: 0200 0001 | e94a 0000 | 0048 83bf | 2002 0000 | 0075 1748 | 8997 2002 | 0000 48c7 | 8728 0200 
  0x000002380ec63794: 0001 0000 | 00e9 2900 | 0000 4883 | bf30 0200 | 0000 7517 | 4889 9730 | 0200 0048 | c787 3802 
  0x000002380ec637b4: 0000 0100 | 0000 e908 | 0000 0048 | 8387 1802 | 0000 0148 | 8bd6 4889 

  0x000002380ec637cc: ;   {optimized virtual_call}
  0x000002380ec637cc: 4424 38e8 

  0x000002380ec637d0: ; ImmutableOopMap {[56]=Oop }
                      ;*invokevirtual getAndClearInterrupt {reexecute=0 rethrow=0 return_oop=0}
                      ; - java.lang.Object::wait@46 (line 385)
  0x000002380ec637d0: 8cb2 ed06 

  0x000002380ec637d4: ;   {post_call_nop}
  0x000002380ec637d4: 0f1f 8400 | cc05 0003 | 488b 4424 | 38e9 a800 

  0x000002380ec637e4: ;   {metadata({method} {0x000002386d8cc748} 'wait' '(J)V' in 'java/lang/Object')}
  0x000002380ec637e4: 0000 49ba | 40c7 8c6d | 3802 0000 | 4c89 5424 | 0848 c704 | 24ff ffff 

  0x000002380ec637fc: ;   {runtime_call C1 Runtime counter_overflow_blob}
  0x000002380ec637fc: ffe8 5e02 

  0x000002380ec63800: ; ImmutableOopMap {rdx=Oop }
                      ;*synchronization entry
                      ; - java.lang.Object::wait@-1 (line 376)
  0x000002380ec63800: fa06 e9db | fbff ff48 

  0x000002380ec63808: ;   {runtime_call C1 Runtime throw_class_cast_exception_blob}
  0x000002380ec63808: 8934 24e8 

  0x000002380ec6380c: ; ImmutableOopMap {rdx=Oop }
                      ;*checkcast {reexecute=0 rethrow=0 return_oop=0}
                      ; - java.lang.Object::wait@31 (line 380)
  0x000002380ec6380c: 50d5 f906 

  0x000002380ec63810: ;   {internal_word}
  0x000002380ec63810: 49ba 3a36 | c60e 3802 | 0000 4d89 | 9760 0400 

  0x000002380ec63820: ;   {runtime_call SafepointBlob}
  0x000002380ec63820: 00e9 ba24 

  0x000002380ec63824: ;   {internal_word}
  0x000002380ec63824: ee06 49ba | 7136 c60e | 3802 0000 | 4d89 9760 

  0x000002380ec63834: ;   {runtime_call SafepointBlob}
  0x000002380ec63834: 0400 00e9 | a424 ee06 

  0x000002380ec6383c: ;   {metadata(nullptr)}
  0x000002380ec6383c: 48ba 0000 | 0000 0000 | 0000 b800 

  0x000002380ec63848: ;   {runtime_call C1 Runtime load_klass_patching_blob}
  0x000002380ec63848: 0f05 0ae8 

  0x000002380ec6384c: ; ImmutableOopMap {}
                      ;*new {reexecute=1 rethrow=0 return_oop=0}
                      ; - (reexecute) java.lang.Object::wait@6 (line 377)
  0x000002380ec6384c: 90f1 f906 | e92b feff | ff48 8bd2 

  0x000002380ec63858: ;   {runtime_call C1 Runtime fast_new_instance_blob}
  0x000002380ec63858: e803 baf9 

  0x000002380ec6385c: ; ImmutableOopMap {}
                      ;*new {reexecute=0 rethrow=0 return_oop=0}
                      ; - java.lang.Object::wait@6 (line 377)
  0x000002380ec6385c: 06e9 76fe 

  0x000002380ec63860: ;   {runtime_call C1 Runtime throw_null_pointer_exception_blob}
  0x000002380ec63860: ffff e8f9 

  0x000002380ec63864: ; ImmutableOopMap {rsi=Oop rax=Oop }
                      ;*invokevirtual getAndClearInterrupt {reexecute=0 rethrow=0 return_oop=0}
                      ; - java.lang.Object::wait@46 (line 385)
  0x000002380ec63864: b0f9 0648 | 8b74 2428 | e9a5 feff | ff49 8b87 | 0805 0000 | 49c7 8708 | 0500 0000 | 0000 0049 
  0x000002380ec63884: c787 1005 | 0000 0000 | 0000 4883 

  0x000002380ec63890: ;   {runtime_call C1 Runtime unwind_exception_blob}
  0x000002380ec63890: c450 5de9 | c8a1 f906 
[Stub Code]
  0x000002380ec63898: ;   {no_reloc}
  0x000002380ec63898: 48bb 0000 | 0000 0000 

  0x000002380ec638a0: ;   {runtime_call nmethod}
  0x000002380ec638a0: 0000 e9fb 

  0x000002380ec638a4: ;   {static_stub}
  0x000002380ec638a4: ffff ff48 | bb00 0000 | 0000 0000 

  0x000002380ec638b0: ;   {runtime_call nmethod}
  0x000002380ec638b0: 00e9 fbff 

  0x000002380ec638b4: ;   {static_stub}
  0x000002380ec638b4: ffff 48bb | 0000 0000 | 0000 0000 

  0x000002380ec638c0: ;   {runtime_call nmethod}
  0x000002380ec638c0: e9fb ffff 

  0x000002380ec638c4: ;   {runtime_call C1 Runtime handle_exception_from_callee_blob}
  0x000002380ec638c4: ffe8 96ce 

  0x000002380ec638c8: ;   {external_word}
  0x000002380ec638c8: f906 48b9 | f8eb b635 | ff7f 0000 | 4883 e4f0 

  0x000002380ec638d8: ;   {runtime_call}
  0x000002380ec638d8: 48b8 b0a9 | 7d35 ff7f | 0000 ffd0 

  0x000002380ec638e4: ;   {section_word}
  0x000002380ec638e4: f449 bae5 | 38c6 0e38 | 0200 0041 

  0x000002380ec638f0: ;   {runtime_call DeoptimizationBlob}
  0x000002380ec638f0: 52e9 8a19 | ee06 f4f4 
[/MachCode]


Compiled method (c1) 152132 3371  s!   3       org.graalvm.visualvm.lib.jfluid.server.ProfilerServer::getLastResponse (68 bytes)
 total in heap  [0x000002380ebf4808,0x000002380ebf51a8] = 2464
 relocation     [0x000002380ebf48e0,0x000002380ebf4968] = 136
 main code      [0x000002380ebf4980,0x000002380ebf5128] = 1960
 stub code      [0x000002380ebf5128,0x000002380ebf5180] = 88
 oops           [0x000002380ebf5180,0x000002380ebf5188] = 8
 metadata       [0x000002380ebf5188,0x000002380ebf51a8] = 32
 immutable data [0x000002382badb6e0,0x000002382badb868] = 392
 dependencies   [0x000002382badb6e0,0x000002382badb6f0] = 16
 nul chk table  [0x000002382badb6f0,0x000002382badb700] = 16
 handler table  [0x000002382badb700,0x000002382badb758] = 88
 scopes pcs     [0x000002382badb758,0x000002382badb808] = 176
 scopes data    [0x000002382badb808,0x000002382badb868] = 96

[Constant Pool (empty)]

[MachCode]
[Verified Entry Point]
  # {method} {0x000002386d942250} 'getLastResponse' '()Lorg/graalvm/visualvm/lib/jfluid/wireprotocol/Response;' in 'org/graalvm/visualvm/lib/jfluid/server/ProfilerServer'
  #           [sp+0x70]  (sp of caller)
  0x000002380ebf4980: 8984 2400 | 80ff ff55 | 4883 ec60 | 4181 7f20 | 0100 0000 

  0x000002380ebf4994: ;   {runtime_call StubRoutines (final stubs)}
  0x000002380ebf4994: 7405 e865 

  0x000002380ebf4998: ;   {oop(a 'java/lang/Class'{0x000000061c8d99e0} = 'org/graalvm/visualvm/lib/jfluid/server/ProfilerServer')}
  0x000002380ebf4998: 0ff3 0649 | b8e0 998d | 1c06 0000 | 0048 8d54 | 2438 4c89 | 4208 498b | 0041 8bb7 | 5806 0000 
  0x000002380ebf49b8: 81fe a806 | 0000 0f8d | d005 0000 | 4d3b 4437 | f80f 8425 | 0000 00a8 | 020f 85bd | 0500 0048 
  0x000002380ebf49d8: 8bf0 4883 | e6fe 4883 | c801 f049 | 0fb1 300f | 85a7 0500 | 0041 8bb7 | 5806 0000 | 4d89 0437 
  0x000002380ebf49f8: 83c6 0841 | 89b7 5806 

  0x000002380ebf4a00: ;   {metadata(method data for {method} {0x000002386d942250} 'getLastResponse' '()Lorg/graalvm/visualvm/lib/jfluid/wireprotocol/Response;' in 'org/graalvm/visualvm/lib/jfluid/server/ProfilerServer')}
  0x000002380ebf4a00: 0000 48b8 | 60e5 8b6d | 3802 0000 | 448b 80cc | 0000 0041 | 83c0 0244 | 8980 cc00 | 0000 4181 
  0x000002380ebf4a20: e0fe 0700 | 0045 85c0 | 0f84 7905 

  0x000002380ebf4a2c: ;   {oop(a 'java/lang/Object'{0x000000061c8d9b10})}
  0x000002380ebf4a2c: 0000 49b8 | 109b 8d1c | 0600 0000 | 488d 5424 | 484c 8942 | 0849 8b00 | 418b b758 | 0600 0081 
  0x000002380ebf4a4c: fea8 0600 | 000f 8d71 | 0500 004d | 3b44 37f8 | 0f84 2500 | 0000 a802 | 0f85 5e05 | 0000 488b 
  0x000002380ebf4a6c: f048 83e6 | fe48 83c8 | 01f0 490f | b130 0f85 | 4805 0000 | 418b b758 | 0600 004d | 8904 3783 
  0x000002380ebf4a8c: c608 4189 | b758 0600 

  0x000002380ebf4a94: ;   {oop(a 'java/lang/Class'{0x000000061c8d99e0} = 'org/graalvm/visualvm/lib/jfluid/server/ProfilerServer')}
  0x000002380ebf4a94: 0049 b8e0 | 998d 1c06 | 0000 0045 | 8b80 f800 | 0000 49c1 | e003 4d85 

  0x000002380ebf4aac: ;   {metadata(method data for {method} {0x000002386d942250} 'getLastResponse' '()Lorg/graalvm/visualvm/lib/jfluid/wireprotocol/Response;' in 'org/graalvm/visualvm/lib/jfluid/server/ProfilerServer')}
  0x000002380ebf4aac: c049 b860 | e58b 6d38 | 0200 00ba | 1001 0000 | 7505 ba20 | 0100 0049 | 8b34 1048 | 8d76 0149 
  0x000002380ebf4acc: 8934 100f | 852f 0300 | 00e9 b200 | 0000 660f | 1f44 0000 

  0x000002380ebf4ae0: ;   {metadata(method data for {method} {0x000002386d942250} 'getLastResponse' '()Lorg/graalvm/visualvm/lib/jfluid/wireprotocol/Response;' in 'org/graalvm/visualvm/lib/jfluid/server/ProfilerServer')}
  0x000002380ebf4ae0: 48b8 60e5 | 8b6d 3802 | 0000 ff80 | 6001 0000 | 41b8 0000 | 0000 e921 | 0000 0049 | 8b87 0805 
  0x000002380ebf4b00: 0000 4d33 | d24d 8997 | 0805 0000 | 4d33 d24d | 8997 1005 | 0000 41b8 | 0100 0000 | 4585 c0ba 
  0x000002380ebf4b20: 0200 0000 | 7505 ba00 

  0x000002380ebf4b28: ;   {metadata(method data for {method} {0x000002386d942250} 'getLastResponse' '()Lorg/graalvm/visualvm/lib/jfluid/wireprotocol/Response;' in 'org/graalvm/visualvm/lib/jfluid/server/ProfilerServer')}
  0x000002380ebf4b28: 0000 0048 | be60 e58b | 6d38 0200 | 008b bed0 | 0000 0003 | fa89 bed0 | 0000 0085 | d275 05bf 
  0x000002380ebf4b48: 0200 0000 | 81e7 fe3f | 0000 85ff | 0f84 8104 | 0000 4d8b 

  0x000002380ebf4b5c: ; ImmutableOopMap {[64]=Oop [80]=Oop }
                      ;*ifne {reexecute=1 rethrow=0 return_oop=0}
                      ; - (reexecute) org.graalvm.visualvm.lib.jfluid.server.ProfilerServer::getLastResponse@29 (line 444)
                      ;   {poll}
  0x000002380ebf4b5c: 5730 4185 | 0245 85c0 

  0x000002380ebf4b64: ;   {metadata(method data for {method} {0x000002386d942250} 'getLastResponse' '()Lorg/graalvm/visualvm/lib/jfluid/wireprotocol/Response;' in 'org/graalvm/visualvm/lib/jfluid/server/ProfilerServer')}
  0x000002380ebf4b64: 49b8 60e5 | 8b6d 3802 | 0000 ba88 | 0100 0074 | 05ba 7801 | 0000 498b | 3410 488d | 7601 4989 
  0x000002380ebf4b84: 3410 0f84 | 7501 0000 

  0x000002380ebf4b8c: ;   {oop(a 'java/lang/Object'{0x000000061c8d9b10})}
  0x000002380ebf4b8c: 48ba 109b | 8d1c 0600 | 0000 4c8b 

  0x000002380ebf4b98: ;   {metadata(method data for {method} {0x000002386d942250} 'getLastResponse' '()Lorg/graalvm/visualvm/lib/jfluid/wireprotocol/Response;' in 'org/graalvm/visualvm/lib/jfluid/server/ProfilerServer')}
  0x000002380ebf4b98: c248 be60 | e58b 6d38 | 0200 0045 | 8b40 0849 | ba00 0000 | 2c38 0200 | 004d 03c2 | 4c3b 8638 
  0x000002380ebf4bb8: 0100 0075 | 0d48 8386 | 4001 0000 | 01e9 6000 | 0000 4c3b | 8648 0100 | 0075 0d48 | 8386 5001 
  0x000002380ebf4bd8: 0000 01e9 | 4a00 0000 | 4883 be38 | 0100 0000 | 7517 4c89 | 8638 0100 | 0048 c786 | 4001 0000 
  0x000002380ebf4bf8: 0100 0000 | e929 0000 | 0048 83be | 4801 0000 | 0075 174c | 8986 4801 | 0000 48c7 | 8650 0100 
  0x000002380ebf4c18: 0001 0000 | 00e9 0800 | 0000 4883 | 8630 0100 

  0x000002380ebf4c28: ;   {metadata(method data for {method} {0x000002386d8cc628} 'wait' '()V' in 'java/lang/Object')}
  0x000002380ebf4c28: 0001 49b8 | 30bd 8c6d | 3802 0000 | 418b b0cc | 0000 0083 | c602 4189 | b0cc 0000 | 0081 e6fe 
  0x000002380ebf4c48: ff1f 0085 | f60f 84a9 | 0300 004c 

  0x000002380ebf4c54: ;   {metadata(method data for {method} {0x000002386d8cc628} 'wait' '()V' in 'java/lang/Object')}
  0x000002380ebf4c54: 8bc2 48be | 30bd 8c6d | 3802 0000 | 458b 4008 | 49ba 0000 | 002c 3802 | 0000 4d03 | c24c 3b86 
  0x000002380ebf4c74: 1801 0000 | 750d 4883 | 8620 0100 | 0001 e960 | 0000 004c | 3b86 2801 | 0000 750d | 4883 8630 
  0x000002380ebf4c94: 0100 0001 | e94a 0000 | 0048 83be | 1801 0000 | 0075 174c | 8986 1801 | 0000 48c7 | 8620 0100 
  0x000002380ebf4cb4: 0001 0000 | 00e9 2900 | 0000 4883 | be28 0100 | 0000 7517 | 4c89 8628 | 0100 0048 | c786 3001 
  0x000002380ebf4cd4: 0000 0100 | 0000 e908 | 0000 0048 | 8386 1001 | 0000 0141 | b800 0000 

  0x000002380ebf4cec: ;   {optimized virtual_call}
  0x000002380ebf4cec: 0066 90e8 

  0x000002380ebf4cf0: ; ImmutableOopMap {[64]=Oop [80]=Oop }
                      ;*invokevirtual wait {reexecute=0 rethrow=0 return_oop=0}
                      ; - java.lang.Object::wait@2 (line 351)
                      ; - org.graalvm.visualvm.lib.jfluid.server.ProfilerServer::getLastResponse@17 (line 438)
  0x000002380ebf4cf0: ace6 0600 

  0x000002380ebf4cf4: ;   {post_call_nop}
  0x000002380ebf4cf4: 0f1f 8400 | ec04 0001 | e9df fdff 

  0x000002380ebf4d00: ;   {oop(a 'java/lang/Class'{0x000000061c8d99e0} = 'org/graalvm/visualvm/lib/jfluid/server/ProfilerServer')}
  0x000002380ebf4d00: ff49 b8e0 | 998d 1c06 | 0000 0045 | 8b80 f800 | 0000 49c1 | e003 4d85 

  0x000002380ebf4d18: ;   {metadata(method data for {method} {0x000002386d942250} 'getLastResponse' '()Lorg/graalvm/visualvm/lib/jfluid/wireprotocol/Response;' in 'org/graalvm/visualvm/lib/jfluid/server/ProfilerServer')}
  0x000002380ebf4d18: c049 b860 | e58b 6d38 | 0200 00ba | 9801 0000 | 7505 baa8 | 0100 0049 | 8b34 1048 | 8d76 0149 
  0x000002380ebf4d38: 8934 100f | 85c3 0000 

  0x000002380ebf4d40: ;   {oop(a 'java/lang/Class'{0x00000007ffc7c4d8} = 'java/lang/System')}
  0x000002380ebf4d40: 0049 b8d8 | c4c7 ff07 | 0000 0041 | 8b50 7448 | c1e2 0348 | 3b02 4c8b 

  0x000002380ebf4d58: ;   {metadata(method data for {method} {0x000002386d942250} 'getLastResponse' '()Lorg/graalvm/visualvm/lib/jfluid/wireprotocol/Response;' in 'org/graalvm/visualvm/lib/jfluid/server/ProfilerServer')}
  0x000002380ebf4d58: c248 be60 | e58b 6d38 | 0200 0045 | 8b40 0849 | ba00 0000 | 2c38 0200 | 004d 03c2 | 4c3b 86c0 
  0x000002380ebf4d78: 0100 0075 | 0d48 8386 | c801 0000 | 01e9 6000 | 0000 4c3b | 86d0 0100 | 0075 0d48 | 8386 d801 
  0x000002380ebf4d98: 0000 01e9 | 4a00 0000 | 4883 bec0 | 0100 0000 | 7517 4c89 | 86c0 0100 | 0048 c786 | c801 0000 
  0x000002380ebf4db8: 0100 0000 | e929 0000 | 0048 83be | d001 0000 | 0075 174c | 8986 d001 | 0000 48c7 | 86d8 0100 
  0x000002380ebf4dd8: 0001 0000 | 00e9 0800 | 0000 4883 | 86b8 0100 

  0x000002380ebf4de8: ;   {oop("Profiler Agent Error: lastResponse == null - internal error?"{0x000000061cb81778})}
  0x000002380ebf4de8: 0001 49b8 | 7817 b81c | 0600 0000 

  0x000002380ebf4df4: ;   {optimized virtual_call}
  0x000002380ebf4df4: 6666 90e8 

  0x000002380ebf4df8: ; ImmutableOopMap {[64]=Oop [80]=Oop }
                      ;*invokevirtual println {reexecute=0 rethrow=0 return_oop=0}
                      ; - org.graalvm.visualvm.lib.jfluid.server.ProfilerServer::getLastResponse@43 (line 447)
  0x000002380ebf4df8: 649c f406 

  0x000002380ebf4dfc: ;   {post_call_nop}
  0x000002380ebf4dfc: 0f1f 8400 | f405 0002 

  0x000002380ebf4e04: ;   {oop(a 'java/lang/Class'{0x000000061c8d99e0} = 'org/graalvm/visualvm/lib/jfluid/server/ProfilerServer')}
  0x000002380ebf4e04: 48b8 e099 | 8d1c 0600 | 0000 8bb0 | f800 0000 | 48c1 e603 | 410f be7f | 4885 ff0f | 85fd 0100 
  0x000002380ebf4e24: 00c7 80f8 | 0000 0000 

  0x000002380ebf4e2c: ;   {oop(a 'java/lang/Object'{0x000000061c8d9b10})}
  0x000002380ebf4e2c: 0000 0048 | b810 9b8d | 1c06 0000 | 0048 8d44 | 2448 488b | 5808 418b | bf58 0600 | 0049 3b5c 
  0x000002380ebf4e4c: 3ff8 0f85 | f001 0000 | 4183 af58 | 0600 0008 | 493b 5c3f | f00f 842a | 0000 0048 | 8b03 a802 
  0x000002380ebf4e6c: 0f85 1200 | 0000 488b | f848 83cf | 01f0 480f | b13b 0f84 | 0d00 0000 | 4183 8758 | 0600 0008 
  0x000002380ebf4e8c: e9b3 0100 

  0x000002380ebf4e90: ;   {metadata(method data for {method} {0x000002386d942250} 'getLastResponse' '()Lorg/graalvm/visualvm/lib/jfluid/wireprotocol/Response;' in 'org/graalvm/visualvm/lib/jfluid/server/ProfilerServer')}
  0x000002380ebf4e90: 0048 b860 | e58b 6d38 | 0200 00ff | 80e8 0100 | 0048 8d44 | 2438 488b | 5808 418b | bf58 0600 
  0x000002380ebf4eb0: 0049 3b5c | 3ff8 0f85 | 9b01 0000 | 4183 af58 | 0600 0008 | 493b 5c3f | f00f 842a | 0000 0048 
  0x000002380ebf4ed0: 8b03 a802 | 0f85 1200 | 0000 488b | f848 83cf | 01f0 480f | b13b 0f84 | 0d00 0000 | 4183 8758 
  0x000002380ebf4ef0: 0600 0008 | e95e 0100 | 0048 8bc6 | 4883 c460 

  0x000002380ebf4f00: ;   {poll_return}
  0x000002380ebf4f00: 5d49 3b67 | 280f 875f | 0100 00c3 | 498b 8708 | 0500 004d | 33d2 4d89 | 9708 0500 | 004d 33d2 
  0x000002380ebf4f20: 4d89 9710 | 0500 0048 

  0x000002380ebf4f28: ;   {oop(a 'java/lang/Object'{0x000000061c8d9b10})}
  0x000002380ebf4f28: 8bf0 48b8 | 109b 8d1c | 0600 0000 | 488d 4424 | 4848 8b58 | 0841 8bbf | 5806 0000 | 493b 5c3f 
  0x000002380ebf4f48: f80f 8531 | 0100 0041 | 83af 5806 | 0000 0849 | 3b5c 3ff0 | 0f84 2a00 | 0000 488b | 03a8 020f 
  0x000002380ebf4f68: 8512 0000 | 0048 8bf8 | 4883 cf01 | f048 0fb1 | 3b0f 840d | 0000 0041 | 8387 5806 | 0000 08e9 
  0x000002380ebf4f88: f400 0000 | 488b c6e9 | 1c01 0000 | 4c89 4424 | 0848 8914 

  0x000002380ebf4f9c: ;   {runtime_call C1 Runtime monitorenter_nofpu_blob}
  0x000002380ebf4f9c: 24e8 bec9 

  0x000002380ebf4fa0: ; ImmutableOopMap {r8=Oop [64]=Oop }
                      ;*synchronization entry
                      ; - org.graalvm.visualvm.lib.jfluid.server.ProfilerServer::getLastResponse@-1 (line 429)
  0x000002380ebf4fa0: 0007 e95b 

  0x000002380ebf4fa4: ;   {metadata({method} {0x000002386d942250} 'getLastResponse' '()Lorg/graalvm/visualvm/lib/jfluid/wireprotocol/Response;' in 'org/graalvm/visualvm/lib/jfluid/server/ProfilerServer')}
  0x000002380ebf4fa4: faff ff49 | ba48 2294 | 6d38 0200 | 004c 8954 | 2408 48c7 | 0424 ffff 

  0x000002380ebf4fbc: ;   {runtime_call C1 Runtime counter_overflow_blob}
  0x000002380ebf4fbc: ffff e89d 

  0x000002380ebf4fc0: ; ImmutableOopMap {[64]=Oop }
                      ;*synchronization entry
                      ; - org.graalvm.visualvm.lib.jfluid.server.ProfilerServer::getLastResponse@-1 (line 429)
  0x000002380ebf4fc0: ea00 07e9 | 66fa ffff | 4c89 4424 | 0848 8914 

  0x000002380ebf4fd0: ;   {runtime_call C1 Runtime monitorenter_nofpu_blob}
  0x000002380ebf4fd0: 24e8 8ac9 

  0x000002380ebf4fd4: ; ImmutableOopMap {r8=Oop [64]=Oop [80]=Oop }
                      ;*monitorenter {reexecute=0 rethrow=0 return_oop=0}
                      ; - org.graalvm.visualvm.lib.jfluid.server.ProfilerServer::getLastResponse@5 (line 429)
  0x000002380ebf4fd4: 0007 e9ba 

  0x000002380ebf4fd8: ;   {metadata({method} {0x000002386d942250} 'getLastResponse' '()Lorg/graalvm/visualvm/lib/jfluid/wireprotocol/Response;' in 'org/graalvm/visualvm/lib/jfluid/server/ProfilerServer')}
  0x000002380ebf4fd8: faff ff49 | ba48 2294 | 6d38 0200 | 004c 8954 | 2408 48c7 | 0424 1d00 

  0x000002380ebf4ff0: ;   {runtime_call C1 Runtime counter_overflow_blob}
  0x000002380ebf4ff0: 0000 e869 

  0x000002380ebf4ff4: ; ImmutableOopMap {[64]=Oop [80]=Oop }
                      ;*ifne {reexecute=1 rethrow=0 return_oop=0}
                      ; - (reexecute) org.graalvm.visualvm.lib.jfluid.server.ProfilerServer::getLastResponse@29 (line 444)
  0x000002380ebf4ff4: ea00 07e9 | 5efb ffff 

  0x000002380ebf4ffc: ;   {metadata({method} {0x000002386d8cc628} 'wait' '()V' in 'java/lang/Object')}
  0x000002380ebf4ffc: 49ba 20c6 | 8c6d 3802 | 0000 4c89 | 5424 0848 | c704 24ff 

  0x000002380ebf5010: ;   {runtime_call C1 Runtime counter_overflow_blob}
  0x000002380ebf5010: ffff ffe8 

  0x000002380ebf5014: ; ImmutableOopMap {rdx=Oop [64]=Oop [80]=Oop }
                      ;*synchronization entry
                      ; - java.lang.Object::wait@-1 (line 351)
                      ; - org.graalvm.visualvm.lib.jfluid.server.ProfilerServer::getLastResponse@17 (line 438)
  0x000002380ebf5014: 48ea 0007 | e936 fcff 

  0x000002380ebf501c: ;   {runtime_call C1 Runtime throw_null_pointer_exception_blob}
  0x000002380ebf501c: ffe8 3e99 

  0x000002380ebf5020: ; ImmutableOopMap {rdx=Oop [64]=Oop [80]=Oop }
                      ;*invokevirtual println {reexecute=0 rethrow=0 return_oop=0}
                      ; - org.graalvm.visualvm.lib.jfluid.server.ProfilerServer::getLastResponse@43 (line 447)
  0x000002380ebf5020: 0007 8bb8 | f800 0000 | 48c1 e703 | 4883 ff00 | 0f84 effd | ffff 4889 

  0x000002380ebf5038: ;   {runtime_call g1_pre_barrier_slow}
  0x000002380ebf5038: 3c24 e821 | f000 07e9 | e1fd ffff | 488d 4424 | 4848 8904 

  0x000002380ebf504c: ;   {runtime_call C1 Runtime monitorexit_nofpu_blob}
  0x000002380ebf504c: 24e8 0ecf | 0007 e93a | feff ff48 | 8d44 2438 | 4889 0424 

  0x000002380ebf5060: ;   {runtime_call C1 Runtime monitorexit_nofpu_blob}
  0x000002380ebf5060: e8fb ce00 | 07e9 8ffe 

  0x000002380ebf5068: ;   {internal_word}
  0x000002380ebf5068: ffff 49ba | 014f bf0e | 3802 0000 | 4d89 9760 

  0x000002380ebf5078: ;   {runtime_call SafepointBlob}
  0x000002380ebf5078: 0400 00e9 | 600c f506 | 488d 4424 | 4848 8904 

  0x000002380ebf5088: ;   {runtime_call C1 Runtime monitorexit_nofpu_blob}
  0x000002380ebf5088: 24e8 d2ce | 0007 e9f9 | feff ff49 | 8b87 0805 | 0000 49c7 | 8708 0500 | 0000 0000 | 0049 c787 
  0x000002380ebf50a8: 1005 0000 | 0000 0000 | 488b d848 | 8d44 2438 | 488b 7008 | 418b bf58 | 0600 0049 | 3b74 3ff8 
  0x000002380ebf50c8: 0f85 4a00 | 0000 4183 | af58 0600 | 0008 493b | 743f f00f | 842a 0000 | 0048 8b06 | a802 0f85 
  0x000002380ebf50e8: 1200 0000 | 488b f848 | 83cf 01f0 | 480f b13e | 0f84 0d00 | 0000 4183 | 8758 0600 | 0008 e90d 
  0x000002380ebf5108: 0000 0048 | 8bc3 4883 

  0x000002380ebf5110: ;   {runtime_call C1 Runtime unwind_exception_blob}
  0x000002380ebf5110: c460 5de9 | 4889 0007 | 488d 4424 | 3848 8904 

  0x000002380ebf5120: ;   {runtime_call C1 Runtime monitorexit_nofpu_blob}
  0x000002380ebf5120: 24e8 3ace | 0007 ebe3 
[Stub Code]
  0x000002380ebf5128: ;   {no_reloc}
  0x000002380ebf5128: 0f1f 4400 

  0x000002380ebf512c: ;   {static_stub}
  0x000002380ebf512c: 0048 bb00 | 0000 0000 

  0x000002380ebf5134: ;   {runtime_call nmethod}
  0x000002380ebf5134: 0000 00e9 | fbff ffff 

  0x000002380ebf513c: ;   {static_stub}
  0x000002380ebf513c: 48bb 40c7 | 8c6d 3802 

  0x000002380ebf5144: ;   {runtime_call I2C/C2I adapters}
  0x000002380ebf5144: 0000 e96b 

  0x000002380ebf5148: ;   {runtime_call C1 Runtime handle_exception_from_callee_blob}
  0x000002380ebf5148: 16f5 06e8 | 10b6 0007 

  0x000002380ebf5150: ;   {external_word}
  0x000002380ebf5150: 48b9 f8eb | b635 ff7f | 0000 4883 

  0x000002380ebf515c: ;   {runtime_call}
  0x000002380ebf515c: e4f0 48b8 | b0a9 7d35 | ff7f 0000 

  0x000002380ebf5168: ;   {section_word}
  0x000002380ebf5168: ffd0 f449 | ba6b 51bf | 0e38 0200 

  0x000002380ebf5174: ;   {runtime_call DeoptimizationBlob}
  0x000002380ebf5174: 0041 52e9 | 0401 f506 | f4f4 f4f4 
[/MachCode]


---------------  P R O C E S S  ---------------

Threads class SMR info:
_java_thread_list=0x000002382bd7c2b0, length=25, elements={
0x0000023828368290, 0x00000238283689d0, 0x000002382836a180, 0x000002382836b170,
0x000002382836cf30, 0x000002382836da60, 0x000002382836f060, 0x0000023828370380,
0x000002382b4de500, 0x000002382b722fa0, 0x000002382b723960, 0x0000023872277530,
0x00000238723c6560, 0x00000238722dc140, 0x00000238722cf740, 0x00000238722f4e30,
0x000002387231aa90, 0x0000023872352240, 0x00000238723513a0, 0x0000023872350c50,
0x0000023872353f80, 0x0000023872353830, 0x0000023872352990, 0x000002382b8cab30,
0x000002382b8cb9d0
}

Java Threads: ( => current thread )
  0x0000023828368290 JavaThread "Reference Handler"          daemon [_thread_blocked, id=18588, stack(0x000000f17b100000,0x000000f17b200000) (1024K)]
  0x00000238283689d0 JavaThread "Finalizer"                  daemon [_thread_blocked, id=20628, stack(0x000000f17b200000,0x000000f17b300000) (1024K)]
  0x000002382836a180 JavaThread "Signal Dispatcher"          daemon [_thread_blocked, id=25264, stack(0x000000f17b300000,0x000000f17b400000) (1024K)]
  0x000002382836b170 JavaThread "Attach Listener"            daemon [_thread_blocked, id=23808, stack(0x000000f17b400000,0x000000f17b500000) (1024K)]
  0x000002382836cf30 JavaThread "Service Thread"             daemon [_thread_blocked, id=24412, stack(0x000000f17b500000,0x000000f17b600000) (1024K)]
  0x000002382836da60 JavaThread "Monitor Deflation Thread"   daemon [_thread_blocked, id=13392, stack(0x000000f17b600000,0x000000f17b700000) (1024K)]
  0x000002382836f060 JavaThread "C2 CompilerThread0"         daemon [_thread_blocked, id=25032, stack(0x000000f17b700000,0x000000f17b800000) (1024K)]
  0x0000023828370380 JavaThread "C1 CompilerThread0"         daemon [_thread_blocked, id=8544, stack(0x000000f17b800000,0x000000f17b900000) (1024K)]
  0x000002382b4de500 JavaThread "Common-Cleaner"             daemon [_thread_blocked, id=24036, stack(0x000000f17b900000,0x000000f17ba00000) (1024K)]
  0x000002382b722fa0 JavaThread "Monitor Ctrl-Break"         daemon [_thread_in_native, id=18948, stack(0x000000f17bf00000,0x000000f17c000000) (1024K)]
  0x000002382b723960 JavaThread "Notification Thread"        daemon [_thread_blocked, id=10836, stack(0x000000f17c000000,0x000000f17c100000) (1024K)]
  0x0000023872277530 JavaThread "JFR Recorder Thread"        daemon [_thread_in_native, id=13964, stack(0x000000f17bd00000,0x000000f17be00000) (1024K)]
  0x00000238723c6560 JavaThread "JFR Periodic Tasks"         daemon [_thread_blocked, id=8724, stack(0x000000f17c500000,0x000000f17c600000) (1024K)]
  0x00000238722dc140 JavaThread "RMI TCP Accept-0"           daemon [_thread_in_native, id=24652, stack(0x000000f17c600000,0x000000f17c700000) (1024K)]
  0x00000238722cf740 JavaThread "RMI TCP Connection(1)-192.168.0.102" daemon [_thread_in_native, id=19160, stack(0x000000f17c700000,0x000000f17c800000) (1024K)]
  0x00000238722f4e30 JavaThread "RMI Scheduler(0)"           daemon [_thread_blocked, id=13584, stack(0x000000f17c800000,0x000000f17c900000) (1024K)]
  0x000002387231aa90 JavaThread "JMX server connection timeout 46" daemon [_thread_blocked, id=1960, stack(0x000000f17c900000,0x000000f17ca00000) (1024K)]
  0x0000023872352240 JavaThread "VirtualThread-unblocker"    daemon [_thread_blocked, id=3088, stack(0x000000f17be00000,0x000000f17bf00000) (1024K)]
  0x00000238723513a0 JavaThread "RMI TCP Connection(3)-192.168.0.102" daemon [_thread_in_native, id=10736, stack(0x000000f17bc00000,0x000000f17bd00000) (1024K)]
  0x0000023872350c50 JavaThread "*** Profiler Agent Communication Thread" daemon [_thread_blocked, id=23884, stack(0x000000f17bb00000,0x000000f17bc00000) (1024K)]
  0x0000023872353f80 JavaThread "*** JFluid Monitor thread ***" daemon [_thread_blocked, id=25020, stack(0x000000f17c200000,0x000000f17c300000) (1024K)]
  0x0000023872353830 JavaThread "*** Profiler Agent Special Execution Thread 6" daemon [_thread_blocked, id=18768, stack(0x000000f17c300000,0x000000f17c400000) (1024K)]
  0x0000023872352990 JavaThread "*** Profiler Agent Special Execution Thread 3" daemon [_thread_blocked, id=7080, stack(0x000000f17d400000,0x000000f17d500000) (1024K)]
  0x000002382b8cab30 JavaThread "JMH-Shutdown-Timeout"       daemon [_thread_blocked, id=10472, stack(0x000000f17a600000,0x000000f17a700000) (1024K)]
=>0x000002382b8cb9d0 JavaThread "<no-name - thread is attaching>"        [_thread_in_vm, id=22708, stack(0x000000f17a900000,0x000000f17aa00000) (1024K)]
Total: 25

Other Threads:
  0x00000238283585a0 VMThread "VM Thread"                           [id=25352, stack(0x000000f17b000000,0x000000f17b100000) (1024K)]
  0x000002382829ac40 WatcherThread "VM Periodic Task Thread"        [id=8424, stack(0x000000f17af00000,0x000000f17b000000) (1024K)]
  0x0000023805e69670 WorkerThread "GC Thread#0"                     [id=15680, stack(0x000000f17aa00000,0x000000f17ab00000) (1024K)]
  0x0000023872774580 WorkerThread "GC Thread#1"                     [id=24184, stack(0x000000f17ba00000,0x000000f17bb00000) (1024K)]
  0x0000023872775870 WorkerThread "GC Thread#2"                     [id=19024, stack(0x000000f17c400000,0x000000f17c500000) (1024K)]
  0x0000023872775c20 WorkerThread "GC Thread#3"                     [id=8648, stack(0x000000f17ca00000,0x000000f17cb00000) (1024K)]
  0x000002382bcad750 WorkerThread "GC Thread#4"                     [id=6044, stack(0x000000f17cb00000,0x000000f17cc00000) (1024K)]
  0x000002382b7954f0 WorkerThread "GC Thread#5"                     [id=14216, stack(0x000000f17cc00000,0x000000f17cd00000) (1024K)]
  0x000002382b7949e0 WorkerThread "GC Thread#6"                     [id=1788, stack(0x000000f17cd00000,0x000000f17ce00000) (1024K)]
  0x000002382b794d90 WorkerThread "GC Thread#7"                     [id=23740, stack(0x000000f17ce00000,0x000000f17cf00000) (1024K)]
  0x000002382b795140 WorkerThread "GC Thread#8"                     [id=5324, stack(0x000000f17cf00000,0x000000f17d000000) (1024K)]
  0x000002382b795c50 WorkerThread "GC Thread#9"                     [id=17680, stack(0x000000f17d000000,0x000000f17d100000) (1024K)]
  0x000002382b7958a0 WorkerThread "GC Thread#10"                    [id=21104, stack(0x000000f17d100000,0x000000f17d200000) (1024K)]
  0x000002382b796000 WorkerThread "GC Thread#11"                    [id=24316, stack(0x000000f17d200000,0x000000f17d300000) (1024K)]
  0x0000023805e7e340 ConcurrentGCThread "G1 Main Marker"            [id=11240, stack(0x000000f17ab00000,0x000000f17ac00000) (1024K)]
  0x0000023805e80780 WorkerThread "G1 Conc#0"                       [id=19320, stack(0x000000f17ac00000,0x000000f17ad00000) (1024K)]
  0x0000023805ebe9a0 ConcurrentGCThread "G1 Refine#0"               [id=11648, stack(0x000000f17ad00000,0x000000f17ae00000) (1024K)]
  0x00000238282903f0 ConcurrentGCThread "G1 Service"                [id=23964, stack(0x000000f17ae00000,0x000000f17af00000) (1024K)]
Total: 18

Threads with active compile tasks:
Total: 0

VM state: not at safepoint (normal execution)

VM Mutex/Monitor currently owned by a thread: None

Heap address: 0x0000000605c00000, size: 8100 MB, Compressed Oops mode: Zero based, Oop shift amount: 3

CDS archive(s) mapped at: [0x000002382c000000-0x000002382cd40000-0x000002382cd40000), size 13893632, SharedBaseAddress: 0x000002382c000000, ArchiveRelocationMode: 1.
Compressed class space mapped at: 0x000002382d000000-0x000002386d000000, reserved size: 1073741824
UseCompressedClassPointers 1, UseCompactObjectHeaders 0
Narrow klass pointer bits 32, Max shift 3
Narrow klass base: 0x000002382c000000, Narrow klass shift: 0
Encoding Range: [0x000002382c000000 - 0x000002392c000000), (4294967296 bytes)
Klass Range:    [0x000002382c000000 - 0x000002386d000000), (1090519040 bytes)
Klass ID Range:  [8 - 1090519033) (1090519025)

GC Precious Log:
 CardTable entry size: 512
 Card Set container configuration: InlinePtr #cards 4 size 8 Array Of Cards #cards 32 size 80 Howl #buckets 8 coarsen threshold 7372 Howl Bitmap #cards 1024 size 144 coarsen threshold 921 Card regions per heap region 1 cards per card region 8192
 CPUs: 20 total, 20 available
 Memory: 32387M
 Large Page Support: Disabled
 NUMA Support: Disabled
 Compressed Oops: Enabled (Zero based)
 Heap Region Size: 4M
 Heap Min Capacity: 8M
 Heap Initial Capacity: 508M
 Heap Max Capacity: 8100M
 Pre-touch: Disabled
 Parallel Workers: 15
 Concurrent Workers: 4
 Concurrent Refinement Workers: 15
 Periodic GC: Disabled

Heap:
 garbage-first heap   total reserved 8294400K, committed 524288K, used 91416K [0x0000000605c00000, 0x0000000800000000)
  region size 4096K, 24 young (98304K), 4 survivors (16384K)
 Metaspace       used 10942K, committed 11328K, reserved 1114112K
  class space    used 972K, committed 1152K, reserved 1048576K

Heap Regions: E=young(eden), S=young(survivor), O=old, HS=humongous(starts), HC=humongous(continues), CS=collection set, F=free, TAMS=top-at-mark-start, PB=parsable bottom
|   0|0x0000000605c00000, 0x0000000605c00000, 0x0000000606000000|  0%| F|  |TAMS 0x0000000605c00000| PB 0x0000000605c00000| Untracked |  0
|   1|0x0000000606000000, 0x0000000606000000, 0x0000000606400000|  0%| F|  |TAMS 0x0000000606000000| PB 0x0000000606000000| Untracked |  0
|   2|0x0000000606400000, 0x0000000606400000, 0x0000000606800000|  0%| F|  |TAMS 0x0000000606400000| PB 0x0000000606400000| Untracked |  0
|   3|0x0000000606800000, 0x0000000606800000, 0x0000000606c00000|  0%| F|  |TAMS 0x0000000606800000| PB 0x0000000606800000| Untracked |  0
|   4|0x0000000606c00000, 0x0000000606c00000, 0x0000000607000000|  0%| F|  |TAMS 0x0000000606c00000| PB 0x0000000606c00000| Untracked |  0
|   5|0x0000000607000000, 0x0000000607000000, 0x0000000607400000|  0%| F|  |TAMS 0x0000000607000000| PB 0x0000000607000000| Untracked |  0
|   6|0x0000000607400000, 0x0000000607400000, 0x0000000607800000|  0%| F|  |TAMS 0x0000000607400000| PB 0x0000000607400000| Untracked |  0
|   7|0x0000000607800000, 0x0000000607800000, 0x0000000607c00000|  0%| F|  |TAMS 0x0000000607800000| PB 0x0000000607800000| Untracked |  0
|   8|0x0000000607c00000, 0x0000000607c00000, 0x0000000608000000|  0%| F|  |TAMS 0x0000000607c00000| PB 0x0000000607c00000| Untracked |  0
|   9|0x0000000608000000, 0x0000000608000000, 0x0000000608400000|  0%| F|  |TAMS 0x0000000608000000| PB 0x0000000608000000| Untracked |  0
|  10|0x0000000608400000, 0x0000000608400000, 0x0000000608800000|  0%| F|  |TAMS 0x0000000608400000| PB 0x0000000608400000| Untracked |  0
|  11|0x0000000608800000, 0x0000000608800000, 0x0000000608c00000|  0%| F|  |TAMS 0x0000000608800000| PB 0x0000000608800000| Untracked |  0
|  12|0x0000000608c00000, 0x0000000608c00000, 0x0000000609000000|  0%| F|  |TAMS 0x0000000608c00000| PB 0x0000000608c00000| Untracked |  0
|  13|0x0000000609000000, 0x0000000609000000, 0x0000000609400000|  0%| F|  |TAMS 0x0000000609000000| PB 0x0000000609000000| Untracked |  0
|  14|0x0000000609400000, 0x0000000609400000, 0x0000000609800000|  0%| F|  |TAMS 0x0000000609400000| PB 0x0000000609400000| Untracked |  0
|  15|0x0000000609800000, 0x0000000609800000, 0x0000000609c00000|  0%| F|  |TAMS 0x0000000609800000| PB 0x0000000609800000| Untracked |  0
|  16|0x0000000609c00000, 0x0000000609c00000, 0x000000060a000000|  0%| F|  |TAMS 0x0000000609c00000| PB 0x0000000609c00000| Untracked |  0
|  17|0x000000060a000000, 0x000000060a000000, 0x000000060a400000|  0%| F|  |TAMS 0x000000060a000000| PB 0x000000060a000000| Untracked |  0
|  18|0x000000060a400000, 0x000000060a400000, 0x000000060a800000|  0%| F|  |TAMS 0x000000060a400000| PB 0x000000060a400000| Untracked |  0
|  19|0x000000060a800000, 0x000000060a800000, 0x000000060ac00000|  0%| F|  |TAMS 0x000000060a800000| PB 0x000000060a800000| Untracked |  0
|  20|0x000000060ac00000, 0x000000060ac00000, 0x000000060b000000|  0%| F|  |TAMS 0x000000060ac00000| PB 0x000000060ac00000| Untracked |  0
|  21|0x000000060b000000, 0x000000060b000000, 0x000000060b400000|  0%| F|  |TAMS 0x000000060b000000| PB 0x000000060b000000| Untracked |  0
|  22|0x000000060b400000, 0x000000060b400000, 0x000000060b800000|  0%| F|  |TAMS 0x000000060b400000| PB 0x000000060b400000| Untracked |  0
|  23|0x000000060b800000, 0x000000060b800000, 0x000000060bc00000|  0%| F|  |TAMS 0x000000060b800000| PB 0x000000060b800000| Untracked |  0
|  24|0x000000060bc00000, 0x000000060bc00000, 0x000000060c000000|  0%| F|  |TAMS 0x000000060bc00000| PB 0x000000060bc00000| Untracked |  0
|  25|0x000000060c000000, 0x000000060c000000, 0x000000060c400000|  0%| F|  |TAMS 0x000000060c000000| PB 0x000000060c000000| Untracked |  0
|  26|0x000000060c400000, 0x000000060c400000, 0x000000060c800000|  0%| F|  |TAMS 0x000000060c400000| PB 0x000000060c400000| Untracked |  0
|  27|0x000000060c800000, 0x000000060c800000, 0x000000060cc00000|  0%| F|  |TAMS 0x000000060c800000| PB 0x000000060c800000| Untracked |  0
|  28|0x000000060cc00000, 0x000000060cc00000, 0x000000060d000000|  0%| F|  |TAMS 0x000000060cc00000| PB 0x000000060cc00000| Untracked |  0
|  29|0x000000060d000000, 0x000000060d000000, 0x000000060d400000|  0%| F|  |TAMS 0x000000060d000000| PB 0x000000060d000000| Untracked |  0
|  30|0x000000060d400000, 0x000000060d400000, 0x000000060d800000|  0%| F|  |TAMS 0x000000060d400000| PB 0x000000060d400000| Untracked |  0
|  31|0x000000060d800000, 0x000000060d800000, 0x000000060dc00000|  0%| F|  |TAMS 0x000000060d800000| PB 0x000000060d800000| Untracked |  0
|  32|0x000000060dc00000, 0x000000060dc00000, 0x000000060e000000|  0%| F|  |TAMS 0x000000060dc00000| PB 0x000000060dc00000| Untracked |  0
|  33|0x000000060e000000, 0x000000060e000000, 0x000000060e400000|  0%| F|  |TAMS 0x000000060e000000| PB 0x000000060e000000| Untracked |  0
|  34|0x000000060e400000, 0x000000060e400000, 0x000000060e800000|  0%| F|  |TAMS 0x000000060e400000| PB 0x000000060e400000| Untracked |  0
|  35|0x000000060e800000, 0x000000060e800000, 0x000000060ec00000|  0%| F|  |TAMS 0x000000060e800000| PB 0x000000060e800000| Untracked |  0
|  36|0x000000060ec00000, 0x000000060ec00000, 0x000000060f000000|  0%| F|  |TAMS 0x000000060ec00000| PB 0x000000060ec00000| Untracked |  0
|  37|0x000000060f000000, 0x000000060f000000, 0x000000060f400000|  0%| F|  |TAMS 0x000000060f000000| PB 0x000000060f000000| Untracked |  0
|  38|0x000000060f400000, 0x000000060f400000, 0x000000060f800000|  0%| F|  |TAMS 0x000000060f400000| PB 0x000000060f400000| Untracked |  0
|  39|0x000000060f800000, 0x000000060f800000, 0x000000060fc00000|  0%| F|  |TAMS 0x000000060f800000| PB 0x000000060f800000| Untracked |  0
|  40|0x000000060fc00000, 0x000000060fc00000, 0x0000000610000000|  0%| F|  |TAMS 0x000000060fc00000| PB 0x000000060fc00000| Untracked |  0
|  41|0x0000000610000000, 0x0000000610000000, 0x0000000610400000|  0%| F|  |TAMS 0x0000000610000000| PB 0x0000000610000000| Untracked |  0
|  42|0x0000000610400000, 0x0000000610400000, 0x0000000610800000|  0%| F|  |TAMS 0x0000000610400000| PB 0x0000000610400000| Untracked |  0
|  43|0x0000000610800000, 0x0000000610800000, 0x0000000610c00000|  0%| F|  |TAMS 0x0000000610800000| PB 0x0000000610800000| Untracked |  0
|  44|0x0000000610c00000, 0x0000000610c00000, 0x0000000611000000|  0%| F|  |TAMS 0x0000000610c00000| PB 0x0000000610c00000| Untracked |  0
|  45|0x0000000611000000, 0x0000000611000000, 0x0000000611400000|  0%| F|  |TAMS 0x0000000611000000| PB 0x0000000611000000| Untracked |  0
|  46|0x0000000611400000, 0x0000000611400000, 0x0000000611800000|  0%| F|  |TAMS 0x0000000611400000| PB 0x0000000611400000| Untracked |  0
|  47|0x0000000611800000, 0x0000000611800000, 0x0000000611c00000|  0%| F|  |TAMS 0x0000000611800000| PB 0x0000000611800000| Untracked |  0
|  48|0x0000000611c00000, 0x0000000611c00000, 0x0000000612000000|  0%| F|  |TAMS 0x0000000611c00000| PB 0x0000000611c00000| Untracked |  0
|  49|0x0000000612000000, 0x0000000612000000, 0x0000000612400000|  0%| F|  |TAMS 0x0000000612000000| PB 0x0000000612000000| Untracked |  0
|  50|0x0000000612400000, 0x0000000612400000, 0x0000000612800000|  0%| F|  |TAMS 0x0000000612400000| PB 0x0000000612400000| Untracked |  0
|  51|0x0000000612800000, 0x0000000612800000, 0x0000000612c00000|  0%| F|  |TAMS 0x0000000612800000| PB 0x0000000612800000| Untracked |  0
|  52|0x0000000612c00000, 0x0000000612c00000, 0x0000000613000000|  0%| F|  |TAMS 0x0000000612c00000| PB 0x0000000612c00000| Untracked |  0
|  53|0x0000000613000000, 0x0000000613000000, 0x0000000613400000|  0%| F|  |TAMS 0x0000000613000000| PB 0x0000000613000000| Untracked |  0
|  54|0x0000000613400000, 0x0000000613400000, 0x0000000613800000|  0%| F|  |TAMS 0x0000000613400000| PB 0x0000000613400000| Untracked |  0
|  55|0x0000000613800000, 0x0000000613800000, 0x0000000613c00000|  0%| F|  |TAMS 0x0000000613800000| PB 0x0000000613800000| Untracked |  0
|  56|0x0000000613c00000, 0x0000000613c00000, 0x0000000614000000|  0%| F|  |TAMS 0x0000000613c00000| PB 0x0000000613c00000| Untracked |  0
|  57|0x0000000614000000, 0x0000000614000000, 0x0000000614400000|  0%| F|  |TAMS 0x0000000614000000| PB 0x0000000614000000| Untracked |  0
|  58|0x0000000614400000, 0x0000000614400000, 0x0000000614800000|  0%| F|  |TAMS 0x0000000614400000| PB 0x0000000614400000| Untracked |  0
|  59|0x0000000614800000, 0x0000000614800000, 0x0000000614c00000|  0%| F|  |TAMS 0x0000000614800000| PB 0x0000000614800000| Untracked |  0
|  60|0x0000000614c00000, 0x0000000614c00000, 0x0000000615000000|  0%| F|  |TAMS 0x0000000614c00000| PB 0x0000000614c00000| Untracked |  0
|  61|0x0000000615000000, 0x0000000615000000, 0x0000000615400000|  0%| F|  |TAMS 0x0000000615000000| PB 0x0000000615000000| Untracked |  0
|  62|0x0000000615400000, 0x0000000615400000, 0x0000000615800000|  0%| F|  |TAMS 0x0000000615400000| PB 0x0000000615400000| Untracked |  0
|  63|0x0000000615800000, 0x0000000615800000, 0x0000000615c00000|  0%| F|  |TAMS 0x0000000615800000| PB 0x0000000615800000| Untracked |  0
|  64|0x0000000615c00000, 0x0000000615c00000, 0x0000000616000000|  0%| F|  |TAMS 0x0000000615c00000| PB 0x0000000615c00000| Untracked |  0
|  65|0x0000000616000000, 0x0000000616000000, 0x0000000616400000|  0%| F|  |TAMS 0x0000000616000000| PB 0x0000000616000000| Untracked |  0
|  66|0x0000000616400000, 0x0000000616400000, 0x0000000616800000|  0%| F|  |TAMS 0x0000000616400000| PB 0x0000000616400000| Untracked |  0
|  67|0x0000000616800000, 0x0000000616800000, 0x0000000616c00000|  0%| F|  |TAMS 0x0000000616800000| PB 0x0000000616800000| Untracked |  0
|  68|0x0000000616c00000, 0x0000000616c00000, 0x0000000617000000|  0%| F|  |TAMS 0x0000000616c00000| PB 0x0000000616c00000| Untracked |  0
|  69|0x0000000617000000, 0x0000000617000000, 0x0000000617400000|  0%| F|  |TAMS 0x0000000617000000| PB 0x0000000617000000| Untracked |  0
|  70|0x0000000617400000, 0x0000000617400000, 0x0000000617800000|  0%| F|  |TAMS 0x0000000617400000| PB 0x0000000617400000| Untracked |  0
|  71|0x0000000617800000, 0x0000000617800000, 0x0000000617c00000|  0%| F|  |TAMS 0x0000000617800000| PB 0x0000000617800000| Untracked |  0
|  72|0x0000000617c00000, 0x0000000617c00000, 0x0000000618000000|  0%| F|  |TAMS 0x0000000617c00000| PB 0x0000000617c00000| Untracked |  0
|  73|0x0000000618000000, 0x0000000618000000, 0x0000000618400000|  0%| F|  |TAMS 0x0000000618000000| PB 0x0000000618000000| Untracked |  0
|  74|0x0000000618400000, 0x0000000618400000, 0x0000000618800000|  0%| F|  |TAMS 0x0000000618400000| PB 0x0000000618400000| Untracked |  0
|  75|0x0000000618800000, 0x0000000618800000, 0x0000000618c00000|  0%| F|  |TAMS 0x0000000618800000| PB 0x0000000618800000| Untracked |  0
|  76|0x0000000618c00000, 0x0000000618c00000, 0x0000000619000000|  0%| F|  |TAMS 0x0000000618c00000| PB 0x0000000618c00000| Untracked |  0
|  77|0x0000000619000000, 0x0000000619000000, 0x0000000619400000|  0%| F|  |TAMS 0x0000000619000000| PB 0x0000000619000000| Untracked |  0
|  78|0x0000000619400000, 0x0000000619400000, 0x0000000619800000|  0%| F|  |TAMS 0x0000000619400000| PB 0x0000000619400000| Untracked |  0
|  79|0x0000000619800000, 0x0000000619800000, 0x0000000619c00000|  0%| F|  |TAMS 0x0000000619800000| PB 0x0000000619800000| Untracked |  0
|  80|0x0000000619c00000, 0x0000000619c00000, 0x000000061a000000|  0%| F|  |TAMS 0x0000000619c00000| PB 0x0000000619c00000| Untracked |  0
|  81|0x000000061a000000, 0x000000061a000000, 0x000000061a400000|  0%| F|  |TAMS 0x000000061a000000| PB 0x000000061a000000| Untracked |  0
|  82|0x000000061a400000, 0x000000061a400000, 0x000000061a800000|  0%| F|  |TAMS 0x000000061a400000| PB 0x000000061a400000| Untracked |  0
|  83|0x000000061a800000, 0x000000061a800000, 0x000000061ac00000|  0%| F|  |TAMS 0x000000061a800000| PB 0x000000061a800000| Untracked |  0
|  84|0x000000061ac00000, 0x000000061ac00000, 0x000000061b000000|  0%| F|  |TAMS 0x000000061ac00000| PB 0x000000061ac00000| Untracked |  0
|  85|0x000000061b000000, 0x000000061b000000, 0x000000061b400000|  0%| F|  |TAMS 0x000000061b000000| PB 0x000000061b000000| Untracked |  0
|  86|0x000000061b400000, 0x000000061b400000, 0x000000061b800000|  0%| F|  |TAMS 0x000000061b400000| PB 0x000000061b400000| Untracked |  0
|  87|0x000000061b800000, 0x000000061b800000, 0x000000061bc00000|  0%| F|  |TAMS 0x000000061b800000| PB 0x000000061b800000| Untracked |  0
|  88|0x000000061bc00000, 0x000000061bc28de8, 0x000000061c000000|  3%| S|CS|TAMS 0x000000061bc00000| PB 0x000000061bc00000| Complete |  0
|  89|0x000000061c000000, 0x000000061c400000, 0x000000061c400000|100%| S|CS|TAMS 0x000000061c000000| PB 0x000000061c000000| Complete |  0
|  90|0x000000061c400000, 0x000000061c800000, 0x000000061c800000|100%| S|CS|TAMS 0x000000061c400000| PB 0x000000061c400000| Complete |  0
|  91|0x000000061c800000, 0x000000061cc00000, 0x000000061cc00000|100%| S|CS|TAMS 0x000000061c800000| PB 0x000000061c800000| Complete |  0
|  92|0x000000061cc00000, 0x000000061cc00000, 0x000000061d000000|  0%| F|  |TAMS 0x000000061cc00000| PB 0x000000061cc00000| Untracked |  0
|  93|0x000000061d000000, 0x000000061d000000, 0x000000061d400000|  0%| F|  |TAMS 0x000000061d000000| PB 0x000000061d000000| Untracked |  0
|  94|0x000000061d400000, 0x000000061d400000, 0x000000061d800000|  0%| F|  |TAMS 0x000000061d400000| PB 0x000000061d400000| Untracked |  0
|  95|0x000000061d800000, 0x000000061d800000, 0x000000061dc00000|  0%| F|  |TAMS 0x000000061d800000| PB 0x000000061d800000| Untracked |  0
|  96|0x000000061dc00000, 0x000000061dc00000, 0x000000061e000000|  0%| F|  |TAMS 0x000000061dc00000| PB 0x000000061dc00000| Untracked |  0
|  97|0x000000061e000000, 0x000000061e000000, 0x000000061e400000|  0%| F|  |TAMS 0x000000061e000000| PB 0x000000061e000000| Untracked |  0
|  98|0x000000061e400000, 0x000000061e400000, 0x000000061e800000|  0%| F|  |TAMS 0x000000061e400000| PB 0x000000061e400000| Untracked |  0
|  99|0x000000061e800000, 0x000000061e800000, 0x000000061ec00000|  0%| F|  |TAMS 0x000000061e800000| PB 0x000000061e800000| Untracked |  0
| 100|0x000000061ec00000, 0x000000061ec00000, 0x000000061f000000|  0%| F|  |TAMS 0x000000061ec00000| PB 0x000000061ec00000| Untracked |  0
| 101|0x000000061f000000, 0x000000061f000000, 0x000000061f400000|  0%| F|  |TAMS 0x000000061f000000| PB 0x000000061f000000| Untracked |  0
| 102|0x000000061f400000, 0x000000061f400000, 0x000000061f800000|  0%| F|  |TAMS 0x000000061f400000| PB 0x000000061f400000| Untracked |  0
| 103|0x000000061f800000, 0x000000061f800000, 0x000000061fc00000|  0%| F|  |TAMS 0x000000061f800000| PB 0x000000061f800000| Untracked |  0
| 104|0x000000061fc00000, 0x000000061fc00000, 0x0000000620000000|  0%| F|  |TAMS 0x000000061fc00000| PB 0x000000061fc00000| Untracked |  0
| 105|0x0000000620000000, 0x0000000620000000, 0x0000000620400000|  0%| F|  |TAMS 0x0000000620000000| PB 0x0000000620000000| Untracked |  0
| 106|0x0000000620400000, 0x0000000620400000, 0x0000000620800000|  0%| F|  |TAMS 0x0000000620400000| PB 0x0000000620400000| Untracked |  0
| 107|0x0000000620800000, 0x0000000620b84198, 0x0000000620c00000| 87%| E|  |TAMS 0x0000000620800000| PB 0x0000000620800000| Complete |  0
| 108|0x0000000620c00000, 0x0000000621000000, 0x0000000621000000|100%| E|CS|TAMS 0x0000000620c00000| PB 0x0000000620c00000| Complete |  0
| 109|0x0000000621000000, 0x0000000621400000, 0x0000000621400000|100%| E|CS|TAMS 0x0000000621000000| PB 0x0000000621000000| Complete |  0
| 110|0x0000000621400000, 0x0000000621800000, 0x0000000621800000|100%| E|CS|TAMS 0x0000000621400000| PB 0x0000000621400000| Complete |  0
| 111|0x0000000621800000, 0x0000000621c00000, 0x0000000621c00000|100%| E|CS|TAMS 0x0000000621800000| PB 0x0000000621800000| Complete |  0
| 112|0x0000000621c00000, 0x0000000622000000, 0x0000000622000000|100%| E|CS|TAMS 0x0000000621c00000| PB 0x0000000621c00000| Complete |  0
| 113|0x0000000622000000, 0x0000000622400000, 0x0000000622400000|100%| E|CS|TAMS 0x0000000622000000| PB 0x0000000622000000| Complete |  0
| 114|0x0000000622400000, 0x0000000622800000, 0x0000000622800000|100%| E|CS|TAMS 0x0000000622400000| PB 0x0000000622400000| Complete |  0
| 115|0x0000000622800000, 0x0000000622c00000, 0x0000000622c00000|100%| E|CS|TAMS 0x0000000622800000| PB 0x0000000622800000| Complete |  0
| 116|0x0000000622c00000, 0x0000000623000000, 0x0000000623000000|100%| E|CS|TAMS 0x0000000622c00000| PB 0x0000000622c00000| Complete |  0
| 117|0x0000000623000000, 0x0000000623400000, 0x0000000623400000|100%| E|CS|TAMS 0x0000000623000000| PB 0x0000000623000000| Complete |  0
| 118|0x0000000623400000, 0x0000000623800000, 0x0000000623800000|100%| E|CS|TAMS 0x0000000623400000| PB 0x0000000623400000| Complete |  0
| 119|0x0000000623800000, 0x0000000623c00000, 0x0000000623c00000|100%| E|CS|TAMS 0x0000000623800000| PB 0x0000000623800000| Complete |  0
| 120|0x0000000623c00000, 0x0000000624000000, 0x0000000624000000|100%| E|CS|TAMS 0x0000000623c00000| PB 0x0000000623c00000| Complete |  0
| 121|0x0000000624000000, 0x0000000624400000, 0x0000000624400000|100%| E|CS|TAMS 0x0000000624000000| PB 0x0000000624000000| Complete |  0
| 122|0x0000000624400000, 0x0000000624800000, 0x0000000624800000|100%| E|CS|TAMS 0x0000000624400000| PB 0x0000000624400000| Complete |  0
| 123|0x0000000624800000, 0x0000000624c00000, 0x0000000624c00000|100%| E|CS|TAMS 0x0000000624800000| PB 0x0000000624800000| Complete |  0
| 124|0x0000000624c00000, 0x0000000625000000, 0x0000000625000000|100%| E|CS|TAMS 0x0000000624c00000| PB 0x0000000624c00000| Complete |  0
| 125|0x0000000625000000, 0x0000000625400000, 0x0000000625400000|100%| E|CS|TAMS 0x0000000625000000| PB 0x0000000625000000| Complete |  0
| 126|0x0000000625400000, 0x0000000625800000, 0x0000000625800000|100%| E|CS|TAMS 0x0000000625400000| PB 0x0000000625400000| Complete |  0
|2024|0x00000007ffc00000, 0x00000007ffd1d3c0, 0x0000000800000000| 27%| O|  |TAMS 0x00000007ffc00000| PB 0x00000007ffc00000| Untracked |  0

Card table byte_map: [0x000002381f230000,0x0000023820210000] _byte_map_base: 0x000002381c202000

Marking Bits: (CMBitMap*) 0x0000023805e69a30
 Bits: [0x0000023820210000, 0x00000238280a0000)

Polling page: 0x0000023803ba0000

Metaspace:

Usage:
  Non-class:      9.74 MB used.
      Class:    972.77 KB used.
       Both:     10.69 MB used.

Virtual space:
  Non-class space:       64.00 MB reserved,       9.94 MB ( 16%) committed,  1 nodes.
      Class space:        1.00 GB reserved,       1.12 MB ( <1%) committed,  1 nodes.
             Both:        1.06 GB reserved,      11.06 MB (  1%) committed. 

Chunk freelists:
   Non-Class:  6.04 MB
       Class:  14.70 MB
        Both:  20.74 MB

MaxMetaspaceSize: unlimited
CompressedClassSpaceSize: 1.00 GB
Initial GC threshold: 21.00 MB
Current GC threshold: 21.00 MB
CDS: on
 - commit_granule_bytes: 65536.
 - commit_granule_words: 8192.
 - virtual_space_node_default_size: 8388608.
 - enlarge_chunks_in_place: 1.
UseCompressedClassPointers 1, UseCompactObjectHeaders 0
Narrow klass pointer bits 32, Max shift 3
Narrow klass base: 0x000002382c000000, Narrow klass shift: 0
Encoding Range: [0x000002382c000000 - 0x000002392c000000), (4294967296 bytes)
Klass Range:    [0x000002382c000000 - 0x000002386d000000), (1090519040 bytes)
Klass ID Range:  [8 - 1090519033) (1090519025)


Internal statistics:

num_allocs_failed_limit: 0.
num_arena_births: 410.
num_arena_deaths: 0.
num_vsnodes_births: 2.
num_vsnodes_deaths: 0.
num_space_committed: 177.
num_space_uncommitted: 0.
num_chunks_returned_to_freelist: 0.
num_chunks_taken_from_freelist: 631.
num_chunk_merges: 0.
num_chunk_splits: 352.
num_chunks_enlarged: 114.
num_inconsistent_stats: 0.

CodeHeap 'non-profiled nmethods': size=119232Kb used=2065Kb max_used=2065Kb free=117166Kb
 bounds [0x0000023816230000, 0x00000238164a0000, 0x000002381d6a0000]
CodeHeap 'profiled nmethods': size=119104Kb used=6495Kb max_used=6495Kb free=112608Kb
 bounds [0x000002380e6a0000, 0x000002380ed00000, 0x0000023815af0000]
CodeHeap 'non-nmethods': size=7424Kb used=1367Kb max_used=3172Kb free=6056Kb
 bounds [0x0000023815af0000, 0x0000023815e10000, 0x0000023816230000]
CodeCache: size=245760Kb, used=9927Kb, max_used=11732Kb, free=235830Kb
 total_blobs=4309, nmethods=3776, adapters=438, full_count=0
Compilation: enabled, stopped_count=0, restarted_count=0

Compilation events (20 events):
Event: 149.499 Thread 0x0000023828370380 3802       3       org.graalvm.visualvm.lib.jfluid.wireprotocol.MonitoredNumbersResponse::writeObject (356 bytes)
Event: 149.503 Thread 0x0000023828370380 nmethod 3802 0x000002380eceee08 code [0x000002380ecef1a0, 0x000002380ecf1c18]
Event: 151.796 Thread 0x000002382836f060 3803   !   4       java.util.concurrent.ConcurrentHashMap::putVal (432 bytes)
Event: 151.797 Thread 0x0000023828370380 3804       1       java.util.stream.Collectors$CollectorImpl::supplier (5 bytes)
Event: 151.797 Thread 0x0000023828370380 nmethod 3804 0x0000023816431f88 code [0x0000023816432080, 0x0000023816432148]
Event: 151.797 Thread 0x0000023828370380 3805       1       java.util.stream.Collectors$CollectorImpl::accumulator (5 bytes)
Event: 151.797 Thread 0x0000023828370380 nmethod 3805 0x0000023816432288 code [0x0000023816432380, 0x0000023816432448]
Event: 151.797 Thread 0x0000023828370380 3807       3       java.util.stream.AbstractPipeline::wrapSink (37 bytes)
Event: 151.798 Thread 0x0000023828370380 nmethod 3807 0x000002380ecf1c88 code [0x000002380ecf1de0, 0x000002380ecf21e0]
Event: 151.798 Thread 0x0000023828370380 3812       3       java.lang.String::join (281 bytes)
Event: 151.803 Thread 0x0000023828370380 nmethod 3812 0x000002380ecf2208 code [0x000002380ecf2500, 0x000002380ecf47b0]
Event: 151.803 Thread 0x0000023828370380 3808       3       java.util.stream.AbstractPipeline::copyInto (54 bytes)
Event: 151.804 Thread 0x0000023828370380 nmethod 3808 0x000002380ecf4808 code [0x000002380ecf49a0, 0x000002380ecf5230]
Event: 151.804 Thread 0x0000023828370380 3806       1       java.util.stream.Collectors$CollectorImpl::combiner (5 bytes)
Event: 151.804 Thread 0x0000023828370380 nmethod 3806 0x0000023816432588 code [0x0000023816432680, 0x0000023816432748]
Event: 151.804 Thread 0x0000023828370380 3809       1       java.util.stream.ReduceOps$Box::get (5 bytes)
Event: 151.805 Thread 0x0000023828370380 nmethod 3809 0x0000023816432888 code [0x0000023816432980, 0x0000023816432a48]
Event: 151.805 Thread 0x0000023828370380 3810       3       java.util.StringJoiner::toString (53 bytes)
Event: 151.805 Thread 0x0000023828370380 nmethod 3810 0x000002380ecf5288 code [0x000002380ecf53c0, 0x000002380ecf55d0]
Event: 151.805 Thread 0x0000023828370380 3811       3       java.lang.System$1::join (11 bytes)

GC Heap History (4 events):
Event: 18.125 GC heap before
{Heap before GC invocations=0 (full 0):
 garbage-first heap   total reserved 8294400K, committed 524288K, used 46196K [0x0000000605c00000, 0x0000000800000000)
  region size 4096K, 12 young (49152K), 0 survivors (0K)
 Metaspace       used 10098K, committed 10432K, reserved 1114112K
  class space    used 933K, committed 1088K, reserved 1048576K
}
Event: 18.139 GC heap after
{Heap after GC invocations=1 (full 0):
 garbage-first heap   total reserved 8294400K, committed 524288K, used 6236K [0x0000000605c00000, 0x0000000800000000)
  region size 4096K, 2 young (8192K), 2 survivors (8192K)
 Metaspace       used 10098K, committed 10432K, reserved 1114112K
  class space    used 933K, committed 1088K, reserved 1048576K
}
Event: 46.415 GC heap before
{Heap before GC invocations=1 (full 0):
 garbage-first heap   total reserved 8294400K, committed 524288K, used 137308K [0x0000000605c00000, 0x0000000800000000)
  region size 4096K, 35 young (143360K), 2 survivors (8192K)
 Metaspace       used 10777K, committed 11072K, reserved 1114112K
  class space    used 958K, committed 1088K, reserved 1048576K
}
Event: 46.435 GC heap after
{Heap after GC invocations=2 (full 0):
 garbage-first heap   total reserved 8294400K, committed 524288K, used 13592K [0x0000000605c00000, 0x0000000800000000)
  region size 4096K, 4 young (16384K), 4 survivors (16384K)
 Metaspace       used 10777K, committed 11072K, reserved 1114112K
  class space    used 958K, committed 1088K, reserved 1048576K
}

Dll operation events (14 events):
Event: 0.005 Loaded shared library C:\Program Files\Java\jdk-24\bin\java.dll
Event: 0.023 Loaded shared library C:\Program Files\Java\jdk-24\bin\jsvml.dll
Event: 0.045 Loaded shared library C:\Program Files\Java\jdk-24\bin\zip.dll
Event: 0.047 Loaded shared library C:\Program Files\Java\jdk-24\bin\instrument.dll
Event: 0.049 Loaded shared library C:\Program Files\Java\jdk-24\bin\net.dll
Event: 0.050 Loaded shared library C:\Program Files\Java\jdk-24\bin\nio.dll
Event: 0.052 Loaded shared library C:\Program Files\Java\jdk-24\bin\zip.dll
Event: 0.073 Loaded shared library C:\Program Files\Java\jdk-24\bin\extnet.dll
Event: 0.081 Loaded shared library C:\Program Files\Java\jdk-24\bin\jimage.dll
Event: 0.109 Loaded shared library C:\Program Files\Java\jdk-24\bin\management.dll
Event: 0.110 Loaded shared library C:\Program Files\Java\jdk-24\bin\management_ext.dll
Event: 10.249 Loaded shared library C:\Program Files\Java\jdk-24\bin\verify.dll
Event: 17.683 Loaded shared library C:\Program Files\Java\jdk-24\bin\instrument.dll
Event: 17.703 Loaded shared library D:\visualvm_22\visualvm_22\visualvm\lib\deployed\jdk16\windows-amd64\profilerinterface.dll

Deoptimization events (20 events):
Event: 124.568 Thread 0x00000238723513a0 Uncommon trap: trap_request=0xffffff4d fr.pc=0x00000238163485ac relative=0x00000000000001ec
Event: 124.568 Thread 0x00000238723513a0 Uncommon trap: reason=unstable_if action=reinterpret pc=0x00000238163485ac method=java.io.BufferedInputStream.read()I @ 23 c2
Event: 124.569 Thread 0x00000238723513a0 DEOPT PACKING pc=0x00000238163485ac sp=0x000000f17bcff480
Event: 124.569 Thread 0x00000238723513a0 DEOPT UNPACKING pc=0x0000023815c08602 sp=0x000000f17bcff420 mode 2
Event: 128.288 Thread 0x00000238722dc140 Uncommon trap: trap_request=0xffffffcc fr.pc=0x000002381628cbb4 relative=0x0000000000000194
Event: 128.288 Thread 0x00000238722dc140 Uncommon trap: reason=intrinsic_or_type_checked_inlining action=make_not_entrant pc=0x000002381628cbb4 method=java.lang.invoke.DirectMethodHandle.allocateInstance(Ljava/lang/Object;)Ljava/lang/Object; @ 12 c2
Event: 128.288 Thread 0x00000238722dc140 DEOPT PACKING pc=0x000002381628cbb4 sp=0x000000f17c6ff240
Event: 128.288 Thread 0x00000238722dc140 DEOPT UNPACKING pc=0x0000023815c08602 sp=0x000000f17c6ff160 mode 2
Event: 128.316 Thread 0x00000238723513a0 Uncommon trap: trap_request=0xffffff4d fr.pc=0x000002381632022c relative=0x00000000000000ac
Event: 128.316 Thread 0x00000238723513a0 Uncommon trap: reason=unstable_if action=reinterpret pc=0x000002381632022c method=sun.nio.ch.NioSocketImpl.configureNonBlockingIfNeeded(Ljava/io/FileDescriptor;Z)V @ 8 c2
Event: 128.316 Thread 0x00000238723513a0 DEOPT PACKING pc=0x000002381632022c sp=0x000000f17bcff0c0
Event: 128.316 Thread 0x00000238723513a0 DEOPT UNPACKING pc=0x0000023815c08602 sp=0x000000f17bcff048 mode 2
Event: 151.798 Thread 0x0000023805e00650 Uncommon trap: trap_request=0xffffff4d fr.pc=0x000002381631e4c4 relative=0x00000000000000c4
Event: 151.798 Thread 0x0000023805e00650 Uncommon trap: reason=unstable_if action=reinterpret pc=0x000002381631e4c4 method=java.util.concurrent.locks.ReentrantLock$NonfairSync.initialTryLock()Z @ 10 c2
Event: 151.798 Thread 0x0000023805e00650 DEOPT PACKING pc=0x000002381631e4c4 sp=0x000000f17a9fedc0
Event: 151.798 Thread 0x0000023805e00650 DEOPT UNPACKING pc=0x0000023815c08602 sp=0x000000f17a9fed48 mode 2
Event: 151.802 Thread 0x0000023805e00650 Uncommon trap: trap_request=0xffffff4d fr.pc=0x000002381631ee9c relative=0x00000000000000fc
Event: 151.802 Thread 0x0000023805e00650 Uncommon trap: reason=unstable_if action=reinterpret pc=0x000002381631ee9c method=java.util.concurrent.locks.ReentrantLock$Sync.tryRelease(I)Z @ 26 c2
Event: 151.802 Thread 0x0000023805e00650 DEOPT PACKING pc=0x000002381631ee9c sp=0x000000f17a9fee60
Event: 151.802 Thread 0x0000023805e00650 DEOPT UNPACKING pc=0x0000023815c08602 sp=0x000000f17a9fed20 mode 2

Classes loaded (20 events):
Event: 48.180 Loading class org/graalvm/visualvm/lib/jfluid/wireprotocol/GetClassIdCommand
Event: 48.180 Loading class org/graalvm/visualvm/lib/jfluid/wireprotocol/GetClassIdCommand done
Event: 48.181 Loading class org/graalvm/visualvm/lib/jfluid/wireprotocol/GetClassIdResponse
Event: 48.181 Loading class org/graalvm/visualvm/lib/jfluid/wireprotocol/GetClassIdResponse done
Event: 51.217 Loading class org/graalvm/visualvm/lib/jfluid/server/ProfilerRuntimeObjLiveness$ProfilerRuntimeObjLivenessWeakRef
Event: 51.217 Loading class org/graalvm/visualvm/lib/jfluid/server/ProfilerRuntimeObjLiveness$ProfilerRuntimeObjLivenessWeakRef done
Event: 51.314 Loading class org/graalvm/visualvm/lib/jfluid/wireprotocol/GetMethodNamesForJMethodIdsCommand
Event: 51.314 Loading class org/graalvm/visualvm/lib/jfluid/wireprotocol/GetMethodNamesForJMethodIdsCommand done
Event: 51.315 Loading class org/graalvm/visualvm/lib/jfluid/wireprotocol/MethodNamesResponse
Event: 51.315 Loading class org/graalvm/visualvm/lib/jfluid/wireprotocol/MethodNamesResponse done
Event: 51.317 Loading class org/graalvm/visualvm/lib/jfluid/wireprotocol/ObjectAllocationResultsResponse
Event: 51.317 Loading class org/graalvm/visualvm/lib/jfluid/wireprotocol/ObjectAllocationResultsResponse done
Event: 61.284 Loading class org/openjdk/jmh/runner/link/ResultsFrame
Event: 61.284 Loading class org/openjdk/jmh/runner/link/ResultsFrame done
Event: 61.292 Loading class org/graalvm/visualvm/lib/jfluid/wireprotocol/ClassLoadedCommand
Event: 61.293 Loading class org/graalvm/visualvm/lib/jfluid/wireprotocol/ClassLoadedCommand done
Event: 151.787 Loading class org/openjdk/jmh/results/BenchmarkResultMetaData
Event: 151.787 Loading class org/openjdk/jmh/results/BenchmarkResultMetaData done
Event: 151.792 Loading class org/openjdk/jmh/runner/link/ResultMetadataFrame
Event: 151.792 Loading class org/openjdk/jmh/runner/link/ResultMetadataFrame done

Classes unloaded (0 events):
No events

Classes redefined (20 events):
Event: 41.097 Thread 0x00000238283585a0 redefined class name=org.graalvm.visualvm.lib.jfluid.server.ProfilerInterface$InitiateProfilingThread, count=33
Event: 41.128 Thread 0x00000238283585a0 redefined class name=org.openjdk.jmh.util.SingletonStatistics, count=1
Event: 41.128 Thread 0x00000238283585a0 redefined class name=org.graalvm.visualvm.lib.jfluid.server.ProfilerInterface$InitiateProfilingThread, count=34
Event: 41.157 Thread 0x00000238283585a0 redefined class name=org.openjdk.jmh.util.AbstractStatistics, count=1
Event: 41.157 Thread 0x00000238283585a0 redefined class name=org.graalvm.visualvm.lib.jfluid.server.ProfilerInterface$InitiateProfilingThread, count=35
Event: 44.298 Thread 0x00000238283585a0 redefined class name=org.openjdk.jmh.infra.IterationParams, count=6
Event: 44.298 Thread 0x00000238283585a0 redefined class name=org.example.jmh_generated.SpeedTest_jmhType_B2, count=6
Event: 44.298 Thread 0x00000238283585a0 redefined class name=org.openjdk.jmh.results.Result, count=3
Event: 44.298 Thread 0x00000238283585a0 redefined class name=org.example.SpeedTest, count=3
Event: 44.298 Thread 0x00000238283585a0 redefined class name=org.openjdk.jmh.runner.InfraControlL2, count=4
Event: 44.298 Thread 0x00000238283585a0 redefined class name=org.openjdk.jmh.results.RawResults, count=3
Event: 44.298 Thread 0x00000238283585a0 redefined class name=org.openjdk.jmh.results.BenchmarkTaskResult, count=3
Event: 44.298 Thread 0x00000238283585a0 redefined class name=org.openjdk.jmh.infra.Blackhole, count=8
Event: 44.298 Thread 0x00000238283585a0 redefined class name=org.openjdk.jmh.runner.options.TimeValue, count=3
Event: 44.298 Thread 0x00000238283585a0 redefined class name=org.openjdk.jmh.util.Deduplicator, count=3
Event: 44.298 Thread 0x00000238283585a0 redefined class name=org.example.jmh_generated.SpeedTest_delete_jmhTest, count=3
Event: 44.298 Thread 0x00000238283585a0 redefined class name=org.openjdk.jmh.infra.BenchmarkParams, count=6
Event: 44.298 Thread 0x00000238283585a0 redefined class name=org.openjdk.jmh.runner.InfraControl, count=10
Event: 44.299 Thread 0x00000238283585a0 redefined class name=org.example.BinaryTree, count=3
Event: 48.163 Thread 0x00000238283585a0 redefined class name=java.lang.Object, count=1

Internal exceptions (20 events):
Event: 4.712 Thread 0x00000238722cf740 Exception <a 'java/lang/NoSuchMethodError'{0x000000062300baa0}: static [Ljavax/management/MBeanConstructorInfo;.<clinit>()V> (0x000000062300baa0) 
thrown [s\open\src\hotspot\share\prims\jni.cpp, line 1108]
Event: 4.713 Thread 0x00000238722cf740 Exception <a 'java/lang/NoSuchMethodError'{0x000000062300c5e0}: static [Ljavax/management/MBeanNotificationInfo;.<clinit>()V> (0x000000062300c5e0) 
thrown [s\open\src\hotspot\share\prims\jni.cpp, line 1108]
Event: 4.713 Thread 0x00000238722cf740 Exception <a 'java/lang/NoSuchMethodError'{0x000000062300d110}: static [Ljavax/management/MBeanOperationInfo;.<clinit>()V> (0x000000062300d110) 
thrown [s\open\src\hotspot\share\prims\jni.cpp, line 1108]
Event: 4.726 Thread 0x00000238722cf740 Exception <a 'java/lang/NoSuchMethodError'{0x000000062300f648}: 'java.lang.Object java.lang.invoke.DirectMethodHandle$Holder.invokeInterface(java.lang.Object, java.lang.Object, java.lang.Object, java.lang.Object, java.lang.Object)'> (0x000000062300f648) 
thrown [s\open\src\hotspot\share\interpreter\linkResolver.cpp, line 805]
Event: 4.761 Thread 0x00000238722cf740 Exception <a 'java/lang/NoSuchMethodError'{0x0000000623073208}: 'int java.lang.invoke.DirectMethodHandle$Holder.invokeInterface(java.lang.Object, java.lang.Object, java.lang.Object, java.lang.Object)'> (0x0000000623073208) 
thrown [s\open\src\hotspot\share\interpreter\linkResolver.cpp, line 805]
Event: 4.763 Thread 0x00000238722cf740 Exception <a 'java/lang/NoSuchMethodError'{0x000000062307b7f8}: 'int java.lang.invoke.DirectMethodHandle$Holder.invokeSpecial(java.lang.Object, java.lang.Object, java.lang.Object, java.lang.Object, java.lang.Object)'> (0x000000062307b7f8) 
thrown [s\open\src\hotspot\share\interpreter\linkResolver.cpp, line 805]
Event: 4.763 Thread 0x00000238722cf740 Exception <a 'java/lang/NoSuchMethodError'{0x00000006230839c8}: 'int java.lang.invoke.DelegatingMethodHandle$Holder.reinvoke_L(java.lang.Object, java.lang.Object, java.lang.Object, java.lang.Object)'> (0x00000006230839c8) 
thrown [s\open\src\hotspot\share\interpreter\linkResolver.cpp, line 805]
Event: 4.769 Thread 0x00000238722cf740 Exception <a 'java/lang/NoSuchMethodError'{0x00000006230b0aa0}: 'long java.lang.invoke.DirectMethodHandle$Holder.invokeInterface(java.lang.Object, java.lang.Object)'> (0x00000006230b0aa0) 
thrown [s\open\src\hotspot\share\interpreter\linkResolver.cpp, line 805]
Event: 4.770 Thread 0x00000238722cf740 Exception <a 'java/lang/NoSuchMethodError'{0x00000006230b8fa0}: 'java.lang.Object java.lang.invoke.DirectMethodHandle$Holder.invokeStatic(java.lang.Object, long)'> (0x00000006230b8fa0) 
thrown [s\open\src\hotspot\share\interpreter\linkResolver.cpp, line 805]
Event: 4.771 Thread 0x00000238722cf740 Exception <a 'java/lang/NoSuchMethodError'{0x00000006230c1000}: 'long java.lang.invoke.DelegatingMethodHandle$Holder.reinvoke_L(java.lang.Object, java.lang.Object)'> (0x00000006230c1000) 
thrown [s\open\src\hotspot\share\interpreter\linkResolver.cpp, line 805]
Event: 4.787 Thread 0x00000238722cf740 Exception <a 'java/lang/NoSuchMethodError'{0x00000006230fd720}: 'void java.lang.invoke.DirectMethodHandle$Holder.invokeStaticInit(java.lang.Object, java.lang.Object, java.lang.Object)'> (0x00000006230fd720) 
thrown [s\open\src\hotspot\share\interpreter\linkResolver.cpp, line 805]
Event: 4.795 Thread 0x00000238722cf740 Exception <a 'java/lang/NoSuchMethodError'{0x000000062310f0f0}: 'int java.lang.invoke.DirectMethodHandle$Holder.invokeStaticInit(java.lang.Object, java.lang.Object)'> (0x000000062310f0f0) 
thrown [s\open\src\hotspot\share\interpreter\linkResolver.cpp, line 805]
Event: 5.822 Thread 0x00000238722cf740 Exception <a 'java/lang/NoSuchMethodError'{0x000000062314f180}: static [J.<clinit>()V> (0x000000062314f180) 
thrown [s\open\src\hotspot\share\prims\jni.cpp, line 1108]
Event: 5.825 Thread 0x00000238722cf740 Exception <a 'java/lang/NoSuchMethodError'{0x0000000623153f48}: 'java.lang.Object java.lang.invoke.DirectMethodHandle$Holder.invokeInterface(java.lang.Object, java.lang.Object, java.lang.Object, int)'> (0x0000000623153f48) 
thrown [s\open\src\hotspot\share\interpreter\linkResolver.cpp, line 805]
Event: 5.834 Thread 0x00000238722cf740 Exception <a 'java/lang/NoSuchMethodError'{0x00000006231814e0}: 'int java.lang.invoke.DirectMethodHandle$Holder.invokeVirtual(java.lang.Object, java.lang.Object)'> (0x00000006231814e0) 
thrown [s\open\src\hotspot\share\interpreter\linkResolver.cpp, line 805]
Event: 5.856 Thread 0x00000238722cf740 Exception <a 'java/lang/NoSuchMethodError'{0x00000006231a2eb8}: static [Ljavax/management/openmbean/CompositeData;.<clinit>()V> (0x00000006231a2eb8) 
thrown [s\open\src\hotspot\share\prims\jni.cpp, line 1108]
Event: 17.857 Thread 0x0000023872351af0 Exception <a 'java/lang/IncompatibleClassChangeError'{0x0000000622eece00}: Found class java.lang.Object, but interface was expected> (0x0000000622eece00) 
thrown [s\open\src\hotspot\share\interpreter\linkResolver.cpp, line 872]
Event: 17.885 Thread 0x0000023872350c50 Exception <a 'java/lang/VerifyError'{0x0000000622fe2528}: Stack map does not match the one at exception handler 21
Exception Details:
  Location:
    org/graalvm/visualvm/lib/jfluid/ConstructorTest.<init>()V @21: astore_1
  Reason:
    Current frame's flags are not assignable to stack map frame's.
  Current Frame:
    bci: @0
    flags: { flagThisUninit }
    locals: { uninitializedThis }
    stack: { 'java/lang/Throwable' }
  Stackmap Frame:
    bci: @21
    flags: { }
    locals: { top }
    stack: { 'ja
Event: 18.116 Thread 0x0000023872350c50 Exception <a 'java/lang/NoSuchMethodError'{0x0000000622fff240}: 'java.lang.Object java.lang.invoke.DelegatingMethodHandle$Holder.reinvoke_L(java.lang.Object, int, long, java.lang.Object, java.lang.Object, int, java.lang.Object)'> (0x0000000622fff240) 
thrown [s\open\src\hotspot\share\interpreter\linkResolver.cpp, line 805]
Event: 44.279 Thread 0x000002382bd933f0 Implicit null exception at 0x000002381633c42f to 0x000002381633c984

VM Operations (20 events):
Event: 143.320 Executing VM operation: ThreadDump
Event: 143.320 Executing VM operation: ThreadDump done
Event: 144.322 Executing VM operation: ThreadDump
Event: 144.322 Executing VM operation: ThreadDump done
Event: 145.324 Executing VM operation: ThreadDump
Event: 145.324 Executing VM operation: ThreadDump done
Event: 146.324 Executing VM operation: ThreadDump
Event: 146.324 Executing VM operation: ThreadDump done
Event: 146.329 Executing VM operation: FindDeadlocks
Event: 146.329 Executing VM operation: FindDeadlocks done
Event: 147.325 Executing VM operation: ThreadDump
Event: 147.325 Executing VM operation: ThreadDump done
Event: 148.329 Executing VM operation: ThreadDump
Event: 148.329 Executing VM operation: ThreadDump done
Event: 149.330 Executing VM operation: ThreadDump
Event: 149.331 Executing VM operation: ThreadDump done
Event: 150.341 Executing VM operation: ThreadDump
Event: 150.341 Executing VM operation: ThreadDump done
Event: 151.349 Executing VM operation: ThreadDump
Event: 151.349 Executing VM operation: ThreadDump done

Memory protections (0 events):
No events

Nmethod flushes (0 events):
No events

Events (20 events):
Event: 50.888 Thread 0x000002387238daa0 Thread exited: 0x000002387238daa0
Event: 50.888 Thread 0x0000023872390800 Thread exited: 0x0000023872390800
Event: 50.888 Thread 0x000002387238cb80 Thread exited: 0x000002387238cb80
Event: 51.888 Thread 0x000002387238f150 Thread exited: 0x000002387238f150
Event: 52.991 Thread 0x000002382836f060 Thread added: 0x000002387238c3f0
Event: 54.904 Thread 0x000002387238c3f0 Thread exited: 0x000002387238c3f0
Event: 59.897 Thread 0x0000023828370380 Thread added: 0x000002387238daa0
Event: 61.290 Thread 0x000002387238daa0 Thread exited: 0x000002387238daa0
Event: 61.315 Thread 0x000002382836f060 Thread added: 0x000002387238daa0
Event: 61.315 Thread 0x000002382836f060 Thread added: 0x000002387238c3f0
Event: 61.907 Thread 0x000002387238c3f0 Thread exited: 0x000002387238c3f0
Event: 61.912 Thread 0x000002387238daa0 Thread exited: 0x000002387238daa0
Event: 121.649 Thread 0x000002382836f060 Thread added: 0x000002387238c3f0
Event: 122.239 Thread 0x000002387238c3f0 Thread exited: 0x000002387238c3f0
Event: 132.341 Thread 0x0000023828370380 Thread added: 0x000002387238e230
Event: 132.651 Thread 0x000002387238e230 Thread exited: 0x000002387238e230
Event: 151.805 Thread 0x000002382bd933f0 Thread exited: 0x000002382bd933f0
Event: 151.806 Thread 0x0000023805e00650 Thread added: 0x000002382b8cab30
Event: 151.806 Thread 0x0000023805e00650 Thread exited: 0x0000023805e00650
Event: 151.806 Thread 0x000002382b8cb9d0 Thread added: 0x000002382b8cb9d0


Dynamic libraries:
0x00007ff64b3c0000 - 0x00007ff64b3d0000 	C:\Program Files\Java\jdk-24\bin\java.exe
0x00007fffe7b60000 - 0x00007fffe7dc8000 	C:\WINDOWS\SYSTEM32\ntdll.dll
0x00007fffe6d70000 - 0x00007fffe6e39000 	C:\WINDOWS\System32\KERNEL32.DLL
0x00007fffe51d0000 - 0x00007fffe55c8000 	C:\WINDOWS\System32\KERNELBASE.dll
0x00007fffe57b0000 - 0x00007fffe58fb000 	C:\WINDOWS\System32\ucrtbase.dll
0x00007fffcefb0000 - 0x00007fffcefc6000 	C:\Program Files\Java\jdk-24\bin\jli.dll
0x00007fffbdd30000 - 0x00007fffbdd4b000 	C:\Program Files\Java\jdk-24\bin\VCRUNTIME140.dll
0x00007fffe6240000 - 0x00007fffe6407000 	C:\WINDOWS\System32\USER32.dll
0x00007fffca240000 - 0x00007fffca4d4000 	C:\WINDOWS\WinSxS\amd64_microsoft.windows.common-controls_6595b64144ccf1df_6.0.26100.7019_none_3e06ffa0e335b8a8\COMCTL32.dll
0x00007fffe4d60000 - 0x00007fffe4d87000 	C:\WINDOWS\System32\win32u.dll
0x00007fffe6210000 - 0x00007fffe623b000 	C:\WINDOWS\System32\GDI32.dll
0x00007fffe7a00000 - 0x00007fffe7aa9000 	C:\WINDOWS\System32\msvcrt.dll
0x00007fffe5680000 - 0x00007fffe57ac000 	C:\WINDOWS\System32\gdi32full.dll
0x00007fffe4cb0000 - 0x00007fffe4d53000 	C:\WINDOWS\System32\msvcp_win.dll
0x00007fffe79b0000 - 0x00007fffe79e1000 	C:\WINDOWS\System32\IMM32.DLL
0x00007fffdaf40000 - 0x00007fffdaf4c000 	C:\Program Files\Java\jdk-24\bin\vcruntime140_1.dll
0x00007fffad160000 - 0x00007fffad1ee000 	C:\Program Files\Java\jdk-24\bin\msvcp140.dll
0x00007fff35160000 - 0x00007fff35f02000 	C:\Program Files\Java\jdk-24\bin\server\jvm.dll
0x00007fffe5b00000 - 0x00007fffe5bb4000 	C:\WINDOWS\System32\ADVAPI32.dll
0x00007fffe65d0000 - 0x00007fffe6676000 	C:\WINDOWS\System32\sechost.dll
0x00007fffe5c10000 - 0x00007fffe5d28000 	C:\WINDOWS\System32\RPCRT4.dll
0x00007fffe5e40000 - 0x00007fffe5eb4000 	C:\WINDOWS\System32\WS2_32.dll
0x00007fffe37f0000 - 0x00007fffe384e000 	C:\WINDOWS\SYSTEM32\POWRPROF.dll
0x00007fffd8350000 - 0x00007fffd835b000 	C:\WINDOWS\SYSTEM32\VERSION.dll
0x00007fffd8400000 - 0x00007fffd8435000 	C:\WINDOWS\SYSTEM32\WINMM.dll
0x00007fffe38e0000 - 0x00007fffe38f4000 	C:\WINDOWS\SYSTEM32\UMPDC.dll
0x00007fffe3af0000 - 0x00007fffe3b0b000 	C:\WINDOWS\SYSTEM32\kernel.appcore.dll
0x00007fffdaed0000 - 0x00007fffdaeda000 	C:\Program Files\Java\jdk-24\bin\jimage.dll
0x00007fffe2400000 - 0x00007fffe2642000 	C:\WINDOWS\SYSTEM32\DBGHELP.DLL
0x00007fffe7620000 - 0x00007fffe79ab000 	C:\WINDOWS\System32\combase.dll
0x00007fffe6680000 - 0x00007fffe6757000 	C:\WINDOWS\System32\OLEAUT32.dll
0x00007fffcc320000 - 0x00007fffcc35c000 	C:\WINDOWS\SYSTEM32\dbgcore.DLL
0x00007fffe55d0000 - 0x00007fffe5675000 	C:\WINDOWS\System32\bcryptPrimitives.dll
0x00007fffbdd20000 - 0x00007fffbdd2f000 	C:\Program Files\Java\jdk-24\bin\instrument.dll
0x00007fffbab40000 - 0x00007fffbab5e000 	C:\Program Files\Java\jdk-24\bin\java.dll
0x00007fffe6430000 - 0x00007fffe65c7000 	C:\WINDOWS\System32\ole32.dll
0x00007fffe6e40000 - 0x00007fffe7591000 	C:\WINDOWS\System32\SHELL32.dll
0x00007fffe4fd0000 - 0x00007fffe513b000 	C:\WINDOWS\System32\wintypes.dll
0x00007fffe2890000 - 0x00007fffe30ed000 	C:\WINDOWS\SYSTEM32\windows.storage.dll
0x00007fffe5900000 - 0x00007fffe59f2000 	C:\WINDOWS\System32\SHCORE.dll
0x00007fffe75b0000 - 0x00007fffe7617000 	C:\WINDOWS\System32\shlwapi.dll
0x00007fffe4bd0000 - 0x00007fffe4bf9000 	C:\WINDOWS\SYSTEM32\profapi.dll
0x00007fffa52b0000 - 0x00007fffa5387000 	C:\Program Files\Java\jdk-24\bin\jsvml.dll
0x00007fffb7660000 - 0x00007fffb7677000 	C:\Program Files\Java\jdk-24\bin\zip.dll
0x00007fffbdd10000 - 0x00007fffbdd20000 	C:\Program Files\Java\jdk-24\bin\net.dll
0x00007fffe40a0000 - 0x00007fffe410b000 	C:\WINDOWS\system32\mswsock.dll
0x00007fffb7680000 - 0x00007fffb7696000 	C:\Program Files\Java\jdk-24\bin\nio.dll
0x00007fffbab30000 - 0x00007fffbab39000 	C:\Program Files\Java\jdk-24\bin\extnet.dll
0x00007fffb7650000 - 0x00007fffb765a000 	C:\Program Files\Java\jdk-24\bin\management.dll
0x00007fffb53f0000 - 0x00007fffb53fb000 	C:\Program Files\Java\jdk-24\bin\management_ext.dll
0x00007fffe7ab0000 - 0x00007fffe7ab8000 	C:\WINDOWS\System32\PSAPI.DLL
0x00007fff54d20000 - 0x00007fff54d38000 	C:\WINDOWS\system32\napinsp.dll
0x00007fffe35b0000 - 0x00007fffe36dc000 	C:\WINDOWS\SYSTEM32\DNSAPI.dll
0x00007fffe3570000 - 0x00007fffe35a4000 	C:\WINDOWS\SYSTEM32\IPHLPAPI.DLL
0x00007fffe6760000 - 0x00007fffe676a000 	C:\WINDOWS\System32\NSI.dll
0x00007fff54d40000 - 0x00007fff54d52000 	C:\WINDOWS\System32\winrnr.dll
0x00007fff5eef0000 - 0x00007fff5ef12000 	C:\WINDOWS\system32\nlansp_c.dll
0x00007fffdbf40000 - 0x00007fffdbf56000 	C:\WINDOWS\system32\wshbth.dll
0x00007fffdc1e0000 - 0x00007fffdc1eb000 	C:\Windows\System32\rasadhlp.dll
0x00007fffde210000 - 0x00007fffde296000 	C:\WINDOWS\System32\fwpuclnt.dll
0x00007fffe4490000 - 0x00007fffe44ab000 	C:\WINDOWS\SYSTEM32\CRYPTSP.dll
0x00007fffe3ab0000 - 0x00007fffe3aea000 	C:\WINDOWS\system32\rsaenh.dll
0x00007fffe4150000 - 0x00007fffe417b000 	C:\WINDOWS\SYSTEM32\USERENV.dll
0x00007fffe4ba0000 - 0x00007fffe4bca000 	C:\WINDOWS\SYSTEM32\bcrypt.dll
0x00007fffe42f0000 - 0x00007fffe42fc000 	C:\WINDOWS\SYSTEM32\CRYPTBASE.dll
0x00007fffc5ee0000 - 0x00007fffc5ef0000 	C:\Program Files\Java\jdk-24\bin\verify.dll
0x00007fffb4e50000 - 0x00007fffb4e5f000 	D:\visualvm_22\visualvm_22\visualvm\lib\deployed\jdk16\windows-amd64\profilerinterface.dll

dbghelp: loaded successfully - version: 4.0.5 - missing functions: none
symbol engine: initialized successfully - sym options: 0x614 - pdb path: .;C:\Program Files\Java\jdk-24\bin;C:\WINDOWS\SYSTEM32;C:\WINDOWS\WinSxS\amd64_microsoft.windows.common-controls_6595b64144ccf1df_6.0.26100.7019_none_3e06ffa0e335b8a8;C:\Program Files\Java\jdk-24\bin\server;D:\visualvm_22\visualvm_22\visualvm\lib\deployed\jdk16\windows-amd64

VM Arguments:
jvm_args: -javaagent:D:\IntelliJ IDEA Community Edition 2024.3.5\lib\idea_rt.jar=56616 -Dfile.encoding=UTF-8 -Dsun.stdout.encoding=UTF-8 -Dsun.stderr.encoding=UTF-8 -XX:+UnlockDiagnosticVMOptions -XX:+UnlockExperimentalVMOptions -DcompilerBlackholesEnabled=true -XX:CompileCommandFile=C:\Users\olga\AppData\Local\Temp\jmh11509141329820474773compilecommand 
java_command: org.openjdk.jmh.runner.ForkedMain 127.0.0.1 56618
java_class_path (initial): C:\Users\olga\IdeaProjects\BinarySearchTree\target\classes;C:\Users\olga\.m2\repository\org\openjdk\jmh\jmh-core\1.36\jmh-core-1.36.jar;C:\Users\olga\.m2\repository\net\sf\jopt-simple\jopt-simple\5.0.4\jopt-simple-5.0.4.jar;C:\Users\olga\.m2\repository\org\apache\commons\commons-math3\3.2\commons-math3-3.2.jar;C:\Users\olga\.m2\repository\org\openjdk\jmh\jmh-generator-annprocess\1.36\jmh-generator-annprocess-1.36.jar;C:\Users\olga\.m2\repository\org\apache\maven\plugins\maven-compiler-plugin\3.14.1\maven-compiler-plugin-3.14.1.jar;C:\Users\olga\.m2\repository\org\ow2\asm\asm\9.8\asm-9.8.jar;C:\Users\olga\.m2\repository\org\apache\maven\shared\maven-shared-utils\3.4.2\maven-shared-utils-3.4.2.jar;C:\Users\olga\.m2\repository\org\slf4j\slf4j-api\1.7.36\slf4j-api-1.7.36.jar;C:\Users\olga\.m2\repository\commons-io\commons-io\2.11.0\commons-io-2.11.0.jar;C:\Users\olga\.m2\repository\org\apache\maven\shared\maven-shared-incremental\1.1\maven-shared-incremental-1.1.jar;C:\Users\olga\.m2\repository\org\codehaus\plexus\plexus-java\1.5.0\plexus-java-1.5.0.jar;C:\Users\olga\.m2\repository\com\thoughtworks\qdox\qdox\2.2.0\qdox-2.2.0.jar;C:\Users\olga\.m2\repository\org\codehaus\plexus\plexus-compiler-api\2.15.0\plexus-compiler-api-2.15.0.jar;C:\Users\olga\.m2\repository\org\codehaus\plexus\plexus-compiler-manager\2.15.0\plexus-compiler-manager-2.15.0.jar;C:\Users\olga\.m2\repository\javax\inject\javax.inject\1\javax.inject-1.jar;C:\Users\olga\.m2\repository\org\codehaus\plexus\plexus-xml\3.0.0\plexus-xml-3.0.0.jar;C:\Users\olga\.m2\repository\org\codehaus\plexus\plexus-compiler-javac\2.15.0\plexus-compiler-javac-2.15.0.jar;C:\Users\olga\.m2\repository\org\codehaus\plexus\plexus-utils\4.0.2\plexus-utils-4.0.2.jar
Launcher Type: SUN_STANDARD

[Global flags]
     bool AOTInvokeDynamicLinking                  = false                                  {diagnostic} {ergonomic}
     intx CICompilerCount                          = 12                                        {product} {ergonomic}
    ccstr CompileCommandFile                       = C:\Users\olga\AppData\Local\Temp\jmh11509141329820474773compilecommand            {product} {command line}
     uint ConcGCThreads                            = 4                                         {product} {ergonomic}
     bool FlightRecorder                           = true                                      {product} {management}
     uint G1ConcRefinementThreads                  = 15                                        {product} {ergonomic}
     uint G1EagerReclaimRemSetThreshold            = 32                                   {experimental} {ergonomic}
   size_t G1HeapRegionSize                         = 4194304                                   {product} {ergonomic}
     uint G1RemSetArrayOfCardsEntries              = 32                                   {experimental} {ergonomic}
     uint G1RemSetHowlMaxNumBuckets                = 8                                    {experimental} {ergonomic}
     uint G1RemSetHowlNumBuckets                   = 8                                    {experimental} {ergonomic}
   size_t InitialHeapSize                          = 532676608                                 {product} {ergonomic}
   size_t MarkStackSize                            = 4194304                                   {product} {ergonomic}
   size_t MarkStackSizeMax                         = 536870912                                 {product} {ergonomic}
   size_t MaxHeapSize                              = 8493465600                                {product} {ergonomic}
   size_t MaxNewSize                               = 5096079360                                {product} {ergonomic}
   size_t MinHeapDeltaBytes                        = 4194304                                   {product} {ergonomic}
   size_t MinHeapSize                              = 8388608                                   {product} {ergonomic}
    uintx NonNMethodCodeHeapSize                   = 7602176                                {pd product} {ergonomic}
    uintx NonProfiledCodeHeapSize                  = 122093568                              {pd product} {ergonomic}
    uintx ProfiledCodeHeapSize                     = 121962496                              {pd product} {ergonomic}
    uintx ReservedCodeCacheSize                    = 251658240                              {pd product} {ergonomic}
     bool SegmentedCodeCache                       = true                                      {product} {ergonomic}
   size_t SoftMaxHeapSize                          = 8493465600                             {manageable} {ergonomic}
     bool UnlockDiagnosticVMOptions                = true                                   {diagnostic} {command line}
     bool UnlockExperimentalVMOptions              = true                                 {experimental} {command line}
     bool UseCompressedOops                        = true                           {product lp64_product} {ergonomic}
     bool UseG1GC                                  = true                                      {product} {ergonomic}
     bool UseLargePagesIndividualAllocation        = false                                  {pd product} {ergonomic}

Logging:
Log output configuration:
 #0: stdout all=warning uptime,level,tags foldmultilines=false
 #1: stderr all=off uptime,level,tags foldmultilines=false

Environment Variables:
JAVA_HOME=C:\Program Files\Java\jdk-17
PATH=C:\Program Files\Java\jdk-17\bin;C:\WINDOWS\system32;C:\WINDOWS;C:\WINDOWS\System32\Wbem;C:\WINDOWS\System32\WindowsPowerShell\v1.0\;C:\WINDOWS\System32\OpenSSH\;C:\Program Files\Git\cmd;C:\Program Files\Docker\Docker\resources\bin;C:\Program Files\nodejs\;D:\terraform;C:\Program Files\Oracle\VirtualBox;C:\python;D:\terraform;D:\terraform\terraform_1.12.1_windows_amd64\plugins\terraform-provider-yandex_v0.116.0.exe;C:\Users\olga\AppData\Roaming\terraform;C:\Users\olga\AppData\Local\Programs\Python\Python313;C:\Users\olga\AppData\Local\Programs\Python\Python313\Scripts;C:\Program Files\Kubernetes\Minikube;C:\Users\olga\AppData\Local\Microsoft\WindowsApps;C:\Program Files\Java\jdk-17\bin;C:\Users\olga\AppData\Roaming\npm;C:\Users\olga\AppData\Local\Programs\Microsoft VS Code\bin;C:\Users\olga\yandex-cloud\bin;D:\terraform;D:\terraform\terraform_1.12.1_windows_amd64\plugins\terraform-provider-yandex_v0.116.0.exe;C:\Users\olga\AppData\Roaming\terraform;C:\Users\olga\AppData\Local\Programs\Python\Python313;C:\Users\olga\AppData\Local\Programs\Python\Python313\Scripts;C:\Users\olga\AppData\Local\Microsoft\WinGet\Links;
USERNAME=olga
OS=Windows_NT
PROCESSOR_IDENTIFIER=Intel64 Family 6 Model 183 Stepping 1, GenuineIntel
TMP=C:\Users\olga\AppData\Local\Temp
TEMP=C:\Users\olga\AppData\Local\Temp




Periodic native trim disabled

---------------  S Y S T E M  ---------------

OS:
 Windows 11 , 64 bit Build 26100 (10.0.26100.7019)
OS uptime: 3 days 16:37 hours
Hyper-V role detected

CPU: total 20 (initial active 20) (10 cores per cpu, 2 threads per core) family 6 model 183 stepping 1 microcode 0x12b, cx8, cmov, fxsr, ht, mmx, 3dnowpref, sse, sse2, sse3, ssse3, sse4.1, sse4.2, popcnt, lzcnt, tsc, tscinvbit, avx, avx2, aes, erms, clmul, bmi1, bmi2, adx, sha, fma, vzeroupper, clflush, clflushopt, clwb, hv, serialize, rdtscp, rdpid, fsrm, gfni, f16c, cet_ibt, cet_ss
Processor Information for processor 0
  Max Mhz: 2600, Current Mhz: 2600, Mhz Limit: 2600
Processor Information for processor 1
  Max Mhz: 2600, Current Mhz: 1496, Mhz Limit: 2600
Processor Information for processor 2
  Max Mhz: 2600, Current Mhz: 2600, Mhz Limit: 2600
Processor Information for processor 3
  Max Mhz: 2600, Current Mhz: 2600, Mhz Limit: 2600
Processor Information for processor 4
  Max Mhz: 2600, Current Mhz: 2600, Mhz Limit: 2600
Processor Information for processor 5
  Max Mhz: 2600, Current Mhz: 2600, Mhz Limit: 2600
Processor Information for processor 6
  Max Mhz: 2600, Current Mhz: 2600, Mhz Limit: 2600
Processor Information for processor 7
  Max Mhz: 2600, Current Mhz: 2600, Mhz Limit: 2600
Processor Information for processor 8
  Max Mhz: 2600, Current Mhz: 2600, Mhz Limit: 2600
Processor Information for processor 9
  Max Mhz: 2600, Current Mhz: 2600, Mhz Limit: 2600
Processor Information for processor 10
  Max Mhz: 2600, Current Mhz: 2600, Mhz Limit: 2600
Processor Information for processor 11
  Max Mhz: 2600, Current Mhz: 2600, Mhz Limit: 2600
Processor Information for processor 12
  Max Mhz: 2600, Current Mhz: 1505, Mhz Limit: 2600
Processor Information for processor 13
  Max Mhz: 2600, Current Mhz: 1505, Mhz Limit: 2600
Processor Information for processor 14
  Max Mhz: 2600, Current Mhz: 1505, Mhz Limit: 2600
Processor Information for processor 15
  Max Mhz: 2600, Current Mhz: 1505, Mhz Limit: 2600
Processor Information for processor 16
  Max Mhz: 2600, Current Mhz: 1505, Mhz Limit: 2600
Processor Information for processor 17
  Max Mhz: 2600, Current Mhz: 1505, Mhz Limit: 2600
Processor Information for processor 18
  Max Mhz: 2600, Current Mhz: 1505, Mhz Limit: 2600
Processor Information for processor 19
  Max Mhz: 2600, Current Mhz: 1505, Mhz Limit: 2600

Memory: 4k page, system-wide physical 32387M (16792M free)
TotalPageFile size 34435M (AvailPageFile size 15077M)
current process WorkingSet (physical memory assigned to process): 240M, peak: 342M
current process commit charge ("private bytes"): 662M, peak: 783M

vm_info: Java HotSpot(TM) 64-Bit Server VM (24+36-3646) for windows-amd64 JRE (24+36-3646), built on 2025-02-06T00:20:43Z with MS VC++ 17.6 (VS2022)

END.
